Date,Open,High,Low,Close,Volume,Is_Stale,Ticker
2007-03-15,400.0,400.0,400.0,400.0,500,1,LIMT
2007-03-16,400.0,400.0,400.0,400.0,100,1,LIMT
2007-03-19,400.0,400.0,400.0,400.0,100,1,LIMT
2007-03-20,400.0,400.0,400.0,400.0,100,1,LIMT
2007-03-21,400.0,400.0,400.0,400.0,100,1,LIMT
2007-03-22,400.0,400.0,400.0,400.0,100,1,LIMT
2007-03-23,400.0,400.0,400.0,400.0,100,1,LIMT
2007-03-26,400.0,400.0,400.0,400.0,100,1,LIMT
2007-03-27,400.0,400.0,400.0,400.0,100,1,LIMT
2007-03-28,400.0,400.0,400.0,400.0,100,1,LIMT
2007-03-29,400.0,400.0,400.0,400.0,100,1,LIMT
2007-03-30,400.0,400.0,400.0,400.0,100,1,LIMT
2007-04-02,400.0,400.0,400.0,400.0,100,1,LIMT
2007-04-03,400.0,400.0,400.0,400.0,100,1,LIMT
2007-04-04,400.0,400.0,400.0,400.0,100,1,LIMT
2007-04-05,400.0,400.0,400.0,400.0,100,1,LIMT
2007-04-06,400.0,400.0,400.0,400.0,100,1,LIMT
2007-04-09,400.0,400.0,400.0,400.0,100,1,LIMT
2007-04-10,400.0,400.0,400.0,400.0,100,1,LIMT
2007-04-11,400.0,400.0,400.0,400.0,100,1,LIMT
2007-04-12,400.0,400.0,400.0,400.0,100,1,LIMT
2007-04-13,400.0,400.0,400.0,400.0,100,1,LIMT
2007-04-16,400.0,400.0,400.0,400.0,100,1,LIMT
2007-04-17,400.0,400.0,400.0,400.0,100,1,LIMT
2007-04-18,400.0,400.0,400.0,400.0,100,1,LIMT
2007-04-19,400.0,400.0,400.0,400.0,100,1,LIMT
2007-04-20,400.0,400.0,400.0,400.0,100,1,LIMT
2007-04-23,400.0,400.0,400.0,400.0,100,1,LIMT
2007-04-24,400.0,400.0,400.0,400.0,100,1,LIMT
2007-04-25,400.0,400.0,400.0,400.0,100,1,LIMT
2007-04-26,400.0,400.0,400.0,400.0,100,1,LIMT
2007-04-27,400.0,400.0,400.0,400.0,100,1,LIMT
2007-04-30,400.0,400.0,400.0,400.0,100,1,LIMT
2007-05-01,400.0,400.0,400.0,400.0,100,1,LIMT
2007-05-02,400.0,400.0,400.0,400.0,100,1,LIMT
2007-05-03,400.0,400.0,400.0,400.0,100,1,LIMT
2007-05-04,400.0,400.0,400.0,400.0,100,1,LIMT
2007-05-07,400.0,400.0,400.0,400.0,100,1,LIMT
2007-05-08,400.0,400.0,400.0,400.0,100,1,LIMT
2007-05-09,400.0,400.0,400.0,400.0,100,1,LIMT
2007-05-10,400.0,400.0,400.0,400.0,100,1,LIMT
2007-05-11,400.0,400.0,400.0,400.0,100,1,LIMT
2007-05-14,400.0,400.0,400.0,400.0,100,1,LIMT
2007-05-15,400.0,400.0,400.0,400.0,100,1,LIMT
2007-05-16,400.0,400.0,400.0,400.0,100,1,LIMT
2007-05-17,400.0,400.0,400.0,400.0,100,1,LIMT
2007-05-18,400.0,400.0,400.0,400.0,100,1,LIMT
2007-05-21,400.0,400.0,400.0,400.0,100,1,LIMT
2007-05-22,400.0,400.0,400.0,400.0,100,1,LIMT
2007-05-23,400.0,400.0,400.0,400.0,100,1,LIMT
2007-05-24,400.0,400.0,400.0,400.0,100,1,LIMT
2007-05-25,400.0,400.0,400.0,400.0,100,1,LIMT
2007-05-28,400.0,400.0,400.0,400.0,100,1,LIMT
2007-05-29,400.0,400.0,400.0,400.0,100,1,LIMT
2007-05-30,400.0,400.0,400.0,400.0,100,1,LIMT
2007-05-31,400.0,400.0,400.0,400.0,100,1,LIMT
2007-06-01,400.0,400.0,400.0,400.0,100,1,LIMT
2007-06-04,400.0,400.0,400.0,400.0,100,1,LIMT
2007-06-05,400.0,400.0,400.0,400.0,100,1,LIMT
2007-06-06,400.0,400.0,400.0,400.0,100,1,LIMT
2007-06-07,400.0,400.0,400.0,400.0,100,1,LIMT
2007-06-08,400.0,400.0,400.0,400.0,100,1,LIMT
2007-06-11,400.0,400.0,400.0,400.0,100,1,LIMT
2007-06-12,400.0,400.0,400.0,400.0,100,1,LIMT
2007-06-13,400.0,400.0,400.0,400.0,100,1,LIMT
2007-06-14,400.0,400.0,400.0,400.0,100,1,LIMT
2007-06-15,400.0,400.0,400.0,400.0,100,1,LIMT
2007-06-18,400.0,400.0,400.0,400.0,100,1,LIMT
2007-06-19,400.0,400.0,400.0,400.0,100,1,LIMT
2007-06-20,400.0,400.0,400.0,400.0,100,1,LIMT
2007-06-21,400.0,400.0,400.0,400.0,100,1,LIMT
2007-06-22,400.0,400.0,400.0,400.0,100,1,LIMT
2007-06-25,400.0,400.0,400.0,400.0,100,1,LIMT
2007-06-26,400.0,400.0,400.0,400.0,100,1,LIMT
2007-06-27,400.0,400.0,400.0,400.0,100,1,LIMT
2007-06-28,400.0,400.0,400.0,400.0,100,1,LIMT
2007-06-29,400.0,400.0,400.0,400.0,100,1,LIMT
2007-07-02,400.0,400.0,400.0,400.0,100,1,LIMT
2007-07-03,400.0,400.0,400.0,400.0,100,1,LIMT
2007-07-04,400.0,400.0,400.0,400.0,100,1,LIMT
2007-07-05,400.0,400.0,400.0,400.0,100,1,LIMT
2007-07-06,400.0,400.0,400.0,400.0,100,1,LIMT
2007-07-09,400.0,400.0,400.0,400.0,100,1,LIMT
2007-07-10,400.0,400.0,400.0,400.0,100,1,LIMT
2007-07-11,400.0,400.0,400.0,400.0,100,1,LIMT
2007-07-12,400.0,400.0,400.0,400.0,100,1,LIMT
2007-07-13,400.0,375.0,375.0,375.0,300,1,LIMT
2007-07-16,400.0,375.0,375.0,375.0,300,1,LIMT
2007-07-17,400.0,375.0,375.0,375.0,300,1,LIMT
2007-07-18,400.0,375.0,375.0,375.0,300,1,LIMT
2007-07-19,400.0,375.0,375.0,375.0,300,1,LIMT
2007-07-20,400.0,375.0,375.0,375.0,300,1,LIMT
2007-07-23,400.0,375.0,375.0,375.0,300,1,LIMT
2007-07-24,400.0,375.0,375.0,375.0,300,1,LIMT
2007-07-25,400.0,375.0,375.0,375.0,300,1,LIMT
2007-07-26,400.0,375.0,375.0,375.0,300,1,LIMT
2007-07-27,400.0,375.0,375.0,375.0,300,1,LIMT
2007-07-30,400.0,375.0,375.0,375.0,300,1,LIMT
2007-07-31,400.0,375.0,375.0,375.0,300,1,LIMT
2007-08-01,400.0,375.0,375.0,375.0,300,1,LIMT
2007-08-02,400.0,375.0,375.0,375.0,300,1,LIMT
2007-08-03,400.0,375.0,375.0,375.0,300,1,LIMT
2007-08-06,400.0,375.0,375.0,375.0,300,1,LIMT
2007-08-07,400.0,375.0,375.0,375.0,300,1,LIMT
2007-08-08,400.0,375.0,375.0,375.0,300,1,LIMT
2007-08-09,400.0,375.0,375.0,375.0,300,1,LIMT
2007-08-10,400.0,375.0,375.0,375.0,300,1,LIMT
2007-08-13,400.0,375.0,375.0,375.0,300,1,LIMT
2007-08-14,400.0,375.0,375.0,375.0,300,1,LIMT
2007-08-15,400.0,375.0,375.0,375.0,300,1,LIMT
2007-08-16,400.0,375.0,375.0,375.0,300,1,LIMT
2007-08-17,400.0,375.0,375.0,375.0,300,1,LIMT
2007-08-20,400.0,375.0,375.0,375.0,300,1,LIMT
2007-08-21,400.0,375.0,375.0,375.0,300,1,LIMT
2007-08-22,400.0,375.0,375.0,375.0,300,1,LIMT
2007-08-23,400.0,375.0,375.0,375.0,300,1,LIMT
2007-08-24,400.0,375.0,375.0,375.0,300,1,LIMT
2007-08-27,400.0,375.0,375.0,375.0,300,1,LIMT
2007-08-28,400.0,375.0,375.0,375.0,300,1,LIMT
2007-08-29,400.0,375.0,375.0,375.0,300,1,LIMT
2007-08-30,400.0,375.0,375.0,375.0,300,1,LIMT
2007-08-31,400.0,375.0,375.0,375.0,300,1,LIMT
2007-09-03,400.0,375.0,375.0,375.0,300,1,LIMT
2007-09-04,400.0,375.0,375.0,375.0,300,1,LIMT
2007-09-05,400.0,375.0,375.0,375.0,300,1,LIMT
2007-09-06,400.0,375.0,375.0,375.0,300,1,LIMT
2007-09-07,400.0,375.0,375.0,375.0,300,1,LIMT
2007-09-10,400.0,375.0,375.0,375.0,300,1,LIMT
2007-09-11,400.0,375.0,375.0,375.0,300,1,LIMT
2007-09-12,400.0,375.0,375.0,375.0,300,1,LIMT
2007-09-13,400.0,375.0,375.0,375.0,300,1,LIMT
2007-09-14,400.0,375.0,375.0,375.0,300,1,LIMT
2007-09-17,400.0,375.0,375.0,375.0,300,1,LIMT
2007-09-18,400.0,375.0,375.0,375.0,300,1,LIMT
2007-09-19,400.0,375.0,375.0,375.0,300,1,LIMT
2007-09-20,400.0,375.0,375.0,375.0,300,1,LIMT
2007-09-21,400.0,375.0,375.0,375.0,300,1,LIMT
2007-09-24,400.0,375.0,375.0,375.0,300,1,LIMT
2007-09-25,400.0,375.0,375.0,375.0,300,1,LIMT
2007-09-26,400.0,375.0,375.0,375.0,300,1,LIMT
2007-09-27,400.0,375.0,375.0,375.0,300,1,LIMT
2007-09-28,400.0,375.0,375.0,375.0,300,1,LIMT
2007-10-01,400.0,375.0,375.0,375.0,300,1,LIMT
2007-10-02,400.0,375.0,375.0,375.0,300,1,LIMT
2007-10-03,400.0,375.0,375.0,375.0,300,1,LIMT
2007-10-04,400.0,375.0,375.0,375.0,300,1,LIMT
2007-10-05,400.0,375.0,375.0,375.0,300,1,LIMT
2007-10-08,400.0,375.0,375.0,375.0,300,1,LIMT
2007-10-09,400.0,375.0,375.0,375.0,300,1,LIMT
2007-10-10,400.0,375.0,375.0,375.0,300,1,LIMT
2007-10-11,400.0,375.0,375.0,375.0,300,1,LIMT
2007-10-12,400.0,375.0,375.0,375.0,300,1,LIMT
2007-10-15,400.0,375.0,375.0,375.0,300,1,LIMT
2007-10-16,400.0,375.0,375.0,375.0,300,1,LIMT
2007-10-17,400.0,375.0,375.0,375.0,300,1,LIMT
2007-10-18,400.0,375.0,375.0,375.0,300,1,LIMT
2007-10-19,400.0,375.0,375.0,375.0,300,1,LIMT
2007-10-22,400.0,375.0,375.0,375.0,300,1,LIMT
2007-10-23,400.0,375.0,375.0,375.0,300,1,LIMT
2007-10-24,400.0,375.0,375.0,375.0,300,1,LIMT
2007-10-25,400.0,375.0,375.0,375.0,300,1,LIMT
2007-10-26,400.0,375.0,375.0,375.0,300,1,LIMT
2007-10-29,400.0,375.0,375.0,375.0,300,1,LIMT
2007-10-30,400.0,375.0,375.0,375.0,300,1,LIMT
2007-10-31,400.0,375.0,375.0,375.0,300,1,LIMT
2007-11-01,400.0,375.0,375.0,375.0,300,1,LIMT
2007-11-02,400.0,375.0,375.0,375.0,300,1,LIMT
2007-11-05,400.0,375.0,375.0,375.0,300,1,LIMT
2007-11-06,400.0,375.0,375.0,375.0,300,1,LIMT
2007-11-07,400.0,375.0,375.0,375.0,300,1,LIMT
2007-11-08,400.0,375.0,375.0,375.0,300,1,LIMT
2007-11-09,400.0,375.0,375.0,375.0,300,1,LIMT
2007-11-12,400.0,375.0,375.0,375.0,300,1,LIMT
2007-11-13,400.0,375.0,375.0,375.0,300,1,LIMT
2007-11-14,400.0,375.0,375.0,375.0,300,1,LIMT
2007-11-15,400.0,375.0,375.0,375.0,300,1,LIMT
2007-11-16,400.0,375.0,375.0,375.0,300,1,LIMT
2007-11-19,400.0,375.0,375.0,375.0,300,1,LIMT
2007-11-20,400.0,375.0,375.0,375.0,300,1,LIMT
2007-11-21,400.0,375.0,375.0,375.0,300,1,LIMT
2007-11-22,400.0,375.0,375.0,375.0,300,1,LIMT
2007-11-23,400.0,375.0,375.0,375.0,300,1,LIMT
2007-11-26,400.0,375.0,375.0,375.0,300,1,LIMT
2007-11-27,400.0,375.0,375.0,375.0,300,1,LIMT
2007-11-28,400.0,375.0,375.0,375.0,300,1,LIMT
2007-11-29,400.0,375.0,375.0,375.0,300,1,LIMT
2007-11-30,400.0,375.0,375.0,375.0,300,1,LIMT
2007-12-03,400.0,375.0,375.0,375.0,300,1,LIMT
2007-12-04,400.0,375.0,375.0,375.0,300,1,LIMT
2007-12-05,400.0,375.0,375.0,375.0,300,1,LIMT
2007-12-06,400.0,375.0,375.0,375.0,300,1,LIMT
2007-12-07,400.0,375.0,375.0,375.0,300,1,LIMT
2007-12-10,400.0,375.0,375.0,375.0,300,1,LIMT
2007-12-11,400.0,375.0,375.0,375.0,300,1,LIMT
2007-12-12,400.0,375.0,375.0,375.0,300,1,LIMT
2007-12-13,400.0,375.0,375.0,375.0,300,1,LIMT
2007-12-14,400.0,375.0,375.0,375.0,300,1,LIMT
2007-12-17,400.0,375.0,375.0,375.0,300,1,LIMT
2007-12-18,400.0,375.0,375.0,375.0,300,1,LIMT
2007-12-19,400.0,375.0,375.0,375.0,300,1,LIMT
2007-12-20,400.0,375.0,375.0,375.0,300,1,LIMT
2007-12-21,400.0,375.0,375.0,375.0,300,1,LIMT
2007-12-24,400.0,375.0,375.0,375.0,300,1,LIMT
2007-12-25,400.0,375.0,375.0,375.0,300,1,LIMT
2007-12-26,400.0,375.0,375.0,375.0,300,1,LIMT
2007-12-27,400.0,375.0,375.0,375.0,300,1,LIMT
2007-12-28,400.0,375.0,375.0,375.0,300,1,LIMT
2007-12-31,400.0,375.0,375.0,375.0,300,1,LIMT
2008-01-01,400.0,375.0,375.0,375.0,300,1,LIMT
2008-01-02,400.0,375.0,375.0,375.0,300,1,LIMT
2008-01-03,400.0,375.0,375.0,375.0,300,1,LIMT
2008-01-04,400.0,375.0,375.0,375.0,300,1,LIMT
2008-01-07,400.0,375.0,375.0,375.0,300,1,LIMT
2008-01-08,400.0,375.0,375.0,375.0,300,1,LIMT
2008-01-09,400.0,375.0,375.0,375.0,300,1,LIMT
2008-01-10,400.0,375.0,375.0,375.0,300,1,LIMT
2008-01-11,400.0,375.0,375.0,375.0,300,1,LIMT
2008-01-14,400.0,375.0,375.0,375.0,300,1,LIMT
2008-01-15,400.0,375.0,375.0,375.0,300,1,LIMT
2008-01-16,400.0,375.0,375.0,375.0,300,1,LIMT
2008-01-17,400.0,375.0,375.0,375.0,300,1,LIMT
2008-01-18,400.0,375.0,375.0,375.0,300,1,LIMT
2008-01-21,400.0,375.0,375.0,375.0,300,1,LIMT
2008-01-22,400.0,375.0,375.0,375.0,300,1,LIMT
2008-01-23,400.0,375.0,375.0,375.0,300,1,LIMT
2008-01-24,400.0,375.0,375.0,375.0,300,1,LIMT
2008-01-25,400.0,375.0,375.0,375.0,300,1,LIMT
2008-01-28,400.0,375.0,375.0,375.0,300,1,LIMT
2008-01-29,400.0,375.0,375.0,375.0,300,1,LIMT
2008-01-30,400.0,375.0,375.0,375.0,300,1,LIMT
2008-01-31,400.0,375.0,375.0,375.0,300,1,LIMT
2008-02-01,400.0,375.0,375.0,375.0,300,1,LIMT
2008-02-04,400.0,375.0,375.0,375.0,300,1,LIMT
2008-02-05,400.0,375.0,375.0,375.0,300,1,LIMT
2008-02-06,400.0,375.0,375.0,375.0,300,1,LIMT
2008-02-07,400.0,375.0,375.0,375.0,300,1,LIMT
2008-02-08,400.0,375.0,375.0,375.0,300,1,LIMT
2008-02-11,400.0,375.0,375.0,375.0,300,1,LIMT
2008-02-12,400.0,375.0,375.0,375.0,300,1,LIMT
2008-02-13,400.0,375.0,375.0,375.0,300,1,LIMT
2008-02-14,400.0,375.0,375.0,375.0,300,1,LIMT
2008-02-15,400.0,375.0,375.0,375.0,300,1,LIMT
2008-02-18,400.0,375.0,375.0,375.0,300,1,LIMT
2008-02-19,400.0,375.0,375.0,375.0,300,1,LIMT
2008-02-20,400.0,375.0,375.0,375.0,300,1,LIMT
2008-02-21,400.0,375.0,375.0,375.0,300,1,LIMT
2008-02-22,400.0,375.0,375.0,375.0,300,1,LIMT
2008-02-25,400.0,375.0,375.0,375.0,300,1,LIMT
2008-02-26,400.0,375.0,375.0,375.0,300,1,LIMT
2008-02-27,400.0,375.0,375.0,375.0,300,1,LIMT
2008-02-28,400.0,375.0,375.0,375.0,300,1,LIMT
2008-02-29,400.0,375.0,375.0,375.0,300,1,LIMT
2008-03-03,400.0,375.0,375.0,375.0,300,1,LIMT
2008-03-04,400.0,375.0,375.0,375.0,300,1,LIMT
2008-03-05,400.0,375.0,375.0,375.0,300,1,LIMT
2008-03-06,400.0,375.0,375.0,375.0,300,1,LIMT
2008-03-07,400.0,375.0,375.0,375.0,300,1,LIMT
2008-03-10,400.0,375.0,375.0,375.0,300,1,LIMT
2008-03-11,400.0,375.0,375.0,375.0,300,1,LIMT
2008-03-12,400.0,375.0,375.0,375.0,300,1,LIMT
2008-03-13,400.0,375.0,375.0,375.0,300,1,LIMT
2008-03-14,400.0,375.0,375.0,375.0,300,1,LIMT
2008-03-17,400.0,375.0,375.0,375.0,300,1,LIMT
2008-03-18,400.0,375.0,375.0,375.0,300,1,LIMT
2008-03-19,400.0,375.0,375.0,375.0,300,1,LIMT
2008-03-20,400.0,375.0,375.0,375.0,300,1,LIMT
2008-03-21,400.0,375.0,375.0,375.0,300,1,LIMT
2008-03-24,400.0,375.0,375.0,375.0,300,1,LIMT
2008-03-25,400.0,375.0,375.0,375.0,300,1,LIMT
2008-03-26,400.0,375.0,375.0,375.0,300,1,LIMT
2008-03-27,400.0,375.0,375.0,375.0,300,1,LIMT
2008-03-28,400.0,375.0,375.0,375.0,300,1,LIMT
2008-03-31,400.0,375.0,375.0,375.0,300,1,LIMT
2008-04-01,400.0,375.0,375.0,375.0,300,1,LIMT
2008-04-02,400.0,375.0,375.0,375.0,300,1,LIMT
2008-04-03,400.0,375.0,375.0,375.0,300,1,LIMT
2008-04-04,400.0,375.0,375.0,375.0,300,1,LIMT
2008-04-07,400.0,375.0,375.0,375.0,300,1,LIMT
2008-04-08,400.0,375.0,375.0,375.0,300,1,LIMT
2008-04-09,400.0,375.0,375.0,375.0,300,1,LIMT
2008-04-10,400.0,375.0,375.0,375.0,300,1,LIMT
2008-04-11,400.0,375.0,375.0,375.0,300,1,LIMT
2008-04-14,400.0,375.0,375.0,375.0,300,1,LIMT
2008-04-15,400.0,375.0,375.0,375.0,300,1,LIMT
2008-04-16,400.0,375.0,375.0,375.0,300,1,LIMT
2008-04-17,400.0,375.0,375.0,375.0,300,1,LIMT
2008-04-18,400.0,375.0,375.0,375.0,300,1,LIMT
2008-04-21,400.0,375.0,375.0,375.0,300,1,LIMT
2008-04-22,400.0,375.0,375.0,375.0,300,1,LIMT
2008-04-23,400.0,375.0,375.0,375.0,300,1,LIMT
2008-04-24,400.0,375.0,375.0,375.0,300,1,LIMT
2008-04-25,400.0,375.0,375.0,375.0,300,1,LIMT
2008-04-28,400.0,375.0,375.0,375.0,300,1,LIMT
2008-04-29,400.0,375.0,375.0,375.0,300,1,LIMT
2008-04-30,400.0,375.0,375.0,375.0,300,1,LIMT
2008-05-01,400.0,375.0,375.0,375.0,300,1,LIMT
2008-05-02,400.0,375.0,375.0,375.0,300,1,LIMT
2008-05-05,400.0,375.0,375.0,375.0,300,1,LIMT
2008-05-06,400.0,375.0,375.0,375.0,300,1,LIMT
2008-05-07,400.0,375.0,375.0,375.0,300,1,LIMT
2008-05-08,400.0,375.0,375.0,375.0,300,1,LIMT
2008-05-09,400.0,375.0,375.0,375.0,300,1,LIMT
2008-05-12,400.0,375.0,375.0,375.0,300,1,LIMT
2008-05-13,400.0,375.0,375.0,375.0,300,1,LIMT
2008-05-14,400.0,375.0,375.0,375.0,300,1,LIMT
2008-05-15,400.0,375.0,375.0,375.0,300,1,LIMT
2008-05-16,400.0,375.0,375.0,375.0,300,1,LIMT
2008-05-19,400.0,375.0,375.0,375.0,300,1,LIMT
2008-05-20,400.0,375.0,375.0,375.0,300,1,LIMT
2008-05-21,400.0,375.0,375.0,375.0,300,1,LIMT
2008-05-22,400.0,375.0,375.0,375.0,300,1,LIMT
2008-05-23,400.0,375.0,375.0,375.0,300,1,LIMT
2008-05-26,400.0,375.0,375.0,375.0,300,1,LIMT
2008-05-27,400.0,375.0,375.0,375.0,300,1,LIMT
2008-05-28,400.0,375.0,375.0,375.0,300,1,LIMT
2008-05-29,400.0,375.0,375.0,375.0,300,1,LIMT
2008-05-30,400.0,375.0,375.0,375.0,300,1,LIMT
2008-06-02,400.0,375.0,375.0,375.0,300,1,LIMT
2008-06-03,400.0,375.0,375.0,375.0,300,1,LIMT
2008-06-04,400.0,375.0,375.0,375.0,300,1,LIMT
2008-06-05,400.0,375.0,375.0,375.0,300,1,LIMT
2008-06-06,400.0,375.0,375.0,375.0,300,1,LIMT
2008-06-09,400.0,375.0,375.0,375.0,300,1,LIMT
2008-06-10,400.0,375.0,375.0,375.0,300,1,LIMT
2008-06-11,400.0,375.0,375.0,375.0,300,1,LIMT
2008-06-12,400.0,375.0,375.0,375.0,300,1,LIMT
2008-06-13,400.0,375.0,375.0,375.0,300,1,LIMT
2008-06-16,400.0,375.0,375.0,375.0,300,1,LIMT
2008-06-17,400.0,375.0,375.0,375.0,300,1,LIMT
2008-06-18,400.0,375.0,375.0,375.0,300,1,LIMT
2008-06-19,400.0,375.0,375.0,375.0,300,1,LIMT
2008-06-20,400.0,375.0,375.0,375.0,300,1,LIMT
2008-06-23,400.0,375.0,375.0,375.0,300,1,LIMT
2008-06-24,400.0,375.0,375.0,375.0,300,1,LIMT
2008-06-25,400.0,375.0,375.0,375.0,300,1,LIMT
2008-06-26,400.0,375.0,375.0,375.0,300,1,LIMT
2008-06-27,400.0,375.0,375.0,375.0,300,1,LIMT
2008-06-30,400.0,375.0,375.0,375.0,300,1,LIMT
2008-07-01,400.0,375.0,375.0,375.0,300,1,LIMT
2008-07-02,400.0,375.0,375.0,375.0,300,1,LIMT
2008-07-03,305.0,338.0,338.0,338.0,100,1,LIMT
2008-07-04,305.0,338.0,338.0,338.0,100,1,LIMT
2008-07-07,305.0,338.0,338.0,338.0,100,1,LIMT
2008-07-08,305.0,338.0,338.0,338.0,100,1,LIMT
2008-07-09,305.0,338.0,338.0,338.0,100,1,LIMT
2008-07-10,338.0,338.0,338.0,338.0,100,1,LIMT
2008-07-11,338.0,338.0,338.0,338.0,100,1,LIMT
2008-07-14,338.0,338.0,338.0,338.0,100,1,LIMT
2008-07-15,338.0,338.0,338.0,338.0,100,1,LIMT
2008-07-16,338.0,338.0,338.0,338.0,100,1,LIMT
2008-07-17,338.0,338.0,338.0,338.0,100,1,LIMT
2008-07-18,338.0,338.0,338.0,338.0,100,1,LIMT
2008-07-21,338.0,338.0,338.0,338.0,100,1,LIMT
2008-07-22,338.0,338.0,338.0,338.0,100,1,LIMT
2008-07-23,338.0,338.0,338.0,338.0,100,1,LIMT
2008-07-24,338.0,338.0,338.0,338.0,100,1,LIMT
2008-07-25,338.0,338.0,338.0,338.0,100,1,LIMT
2008-07-28,338.0,338.0,338.0,338.0,100,1,LIMT
2008-07-29,338.0,338.0,338.0,338.0,100,1,LIMT
2008-07-30,338.0,338.0,338.0,338.0,100,1,LIMT
2008-07-31,338.0,338.0,338.0,338.0,100,1,LIMT
2008-08-01,338.0,338.0,338.0,338.0,100,1,LIMT
2008-08-04,338.0,338.0,338.0,338.0,100,1,LIMT
2008-08-05,338.0,338.0,338.0,338.0,100,1,LIMT
2008-08-06,338.0,338.0,338.0,338.0,100,1,LIMT
2008-08-07,338.0,338.0,338.0,338.0,100,1,LIMT
2008-08-08,338.0,338.0,338.0,338.0,100,1,LIMT
2008-08-11,338.0,338.0,338.0,338.0,100,1,LIMT
2008-08-12,338.0,338.0,338.0,338.0,100,1,LIMT
2008-08-13,338.0,338.0,338.0,338.0,100,1,LIMT
2008-08-14,338.0,338.0,338.0,338.0,100,1,LIMT
2008-08-15,338.0,338.0,338.0,338.0,100,1,LIMT
2008-08-18,338.0,338.0,338.0,338.0,100,1,LIMT
2008-08-19,338.0,338.0,338.0,338.0,100,1,LIMT
2008-08-20,338.0,338.0,338.0,338.0,100,1,LIMT
2008-08-21,338.0,338.0,338.0,338.0,100,1,LIMT
2008-08-22,338.0,338.0,338.0,338.0,100,1,LIMT
2008-08-25,338.0,338.0,338.0,338.0,100,1,LIMT
2008-08-26,338.0,338.0,338.0,338.0,100,1,LIMT
2008-08-27,338.0,338.0,338.0,338.0,100,1,LIMT
2008-08-28,338.0,338.0,338.0,338.0,100,1,LIMT
2008-08-29,338.0,338.0,338.0,338.0,100,1,LIMT
2008-09-01,338.0,338.0,338.0,338.0,100,1,LIMT
2008-09-02,338.0,338.0,338.0,338.0,100,1,LIMT
2008-09-03,338.0,338.0,338.0,338.0,100,1,LIMT
2008-09-04,338.0,338.0,338.0,338.0,100,1,LIMT
2008-09-05,338.0,338.0,338.0,338.0,100,1,LIMT
2008-09-08,338.0,338.0,338.0,338.0,100,1,LIMT
2008-09-09,338.0,338.0,338.0,338.0,100,1,LIMT
2008-09-10,338.0,338.0,338.0,338.0,100,1,LIMT
2008-09-11,338.0,338.0,338.0,338.0,100,1,LIMT
2008-09-12,338.0,338.0,338.0,338.0,100,1,LIMT
2008-09-15,338.0,338.0,338.0,338.0,100,1,LIMT
2008-09-16,338.0,338.0,338.0,338.0,100,1,LIMT
2008-09-17,338.0,338.0,338.0,338.0,100,1,LIMT
2008-09-18,338.0,338.0,338.0,338.0,100,1,LIMT
2008-09-19,338.0,338.0,338.0,338.0,100,1,LIMT
2008-09-22,338.0,338.0,338.0,338.0,100,1,LIMT
2008-09-23,338.0,338.0,338.0,338.0,100,1,LIMT
2008-09-24,338.0,338.0,338.0,338.0,100,1,LIMT
2008-09-25,338.0,338.0,338.0,338.0,100,1,LIMT
2008-09-26,338.0,338.0,338.0,338.0,100,1,LIMT
2008-09-29,338.0,338.0,338.0,338.0,100,1,LIMT
2008-09-30,338.0,338.0,338.0,338.0,100,1,LIMT
2008-10-01,338.0,338.0,338.0,338.0,100,1,LIMT
2008-10-02,338.0,338.0,338.0,338.0,100,1,LIMT
2008-10-03,338.0,338.0,338.0,338.0,100,1,LIMT
2008-10-06,338.0,338.0,338.0,338.0,100,1,LIMT
2008-10-07,338.0,338.0,338.0,338.0,100,1,LIMT
2008-10-08,338.0,338.0,338.0,338.0,100,1,LIMT
2008-10-09,338.0,338.0,338.0,338.0,100,1,LIMT
2008-10-10,338.0,338.0,338.0,338.0,100,1,LIMT
2008-10-13,338.0,338.0,338.0,338.0,100,1,LIMT
2008-10-14,338.0,338.0,338.0,338.0,100,1,LIMT
2008-10-15,338.0,338.0,338.0,338.0,200,1,LIMT
2008-10-16,338.0,338.0,338.0,338.0,200,1,LIMT
2008-10-17,338.0,338.0,338.0,338.0,200,1,LIMT
2008-10-20,338.0,338.0,338.0,338.0,200,1,LIMT
2008-10-21,338.0,338.0,338.0,338.0,200,1,LIMT
2008-10-22,338.0,338.0,338.0,338.0,200,1,LIMT
2008-10-23,338.0,338.0,338.0,338.0,200,1,LIMT
2008-10-24,338.0,338.0,338.0,338.0,200,1,LIMT
2008-10-27,338.0,338.0,338.0,338.0,200,1,LIMT
2008-10-28,338.0,338.0,338.0,338.0,200,1,LIMT
2008-10-29,338.0,338.0,338.0,338.0,200,1,LIMT
2008-10-30,338.0,338.0,338.0,338.0,200,1,LIMT
2008-10-31,338.0,338.0,338.0,338.0,200,1,LIMT
2008-11-03,338.0,338.0,338.0,338.0,200,1,LIMT
2008-11-04,338.0,338.0,338.0,338.0,200,1,LIMT
2008-11-05,338.0,338.0,338.0,338.0,200,1,LIMT
2008-11-06,338.0,338.0,338.0,338.0,200,1,LIMT
2008-11-07,338.0,338.0,338.0,338.0,200,1,LIMT
2008-11-10,338.0,338.0,338.0,338.0,200,1,LIMT
2008-11-11,338.0,338.0,338.0,338.0,200,1,LIMT
2008-11-12,338.0,338.0,338.0,338.0,200,1,LIMT
2008-11-13,338.0,338.0,338.0,338.0,200,1,LIMT
2008-11-14,338.0,338.0,338.0,338.0,200,1,LIMT
2008-11-17,338.0,338.0,338.0,338.0,200,1,LIMT
2008-11-18,338.0,338.0,338.0,338.0,200,1,LIMT
2008-11-19,338.0,338.0,338.0,338.0,200,1,LIMT
2008-11-20,338.0,338.0,338.0,338.0,200,1,LIMT
2008-11-21,338.0,338.0,338.0,338.0,200,1,LIMT
2008-11-24,338.0,338.0,338.0,338.0,200,1,LIMT
2008-11-25,338.0,338.0,338.0,338.0,200,1,LIMT
2008-11-26,338.0,338.0,338.0,338.0,200,1,LIMT
2008-11-27,338.0,338.0,338.0,338.0,200,1,LIMT
2008-11-28,338.0,338.0,338.0,338.0,200,1,LIMT
2008-12-01,338.0,338.0,338.0,338.0,200,1,LIMT
2008-12-02,338.0,338.0,338.0,338.0,200,1,LIMT
2008-12-03,338.0,338.0,338.0,338.0,200,1,LIMT
2008-12-04,338.0,338.0,338.0,338.0,200,1,LIMT
2008-12-05,338.0,338.0,338.0,338.0,200,1,LIMT
2008-12-08,338.0,338.0,338.0,338.0,200,1,LIMT
2008-12-09,338.0,338.0,338.0,338.0,200,1,LIMT
2008-12-10,338.0,338.0,338.0,338.0,200,1,LIMT
2008-12-11,338.0,338.0,338.0,338.0,200,1,LIMT
2008-12-12,338.0,338.0,338.0,338.0,200,1,LIMT
2008-12-15,338.0,338.0,338.0,338.0,200,1,LIMT
2008-12-16,338.0,338.0,338.0,338.0,200,1,LIMT
2008-12-17,338.0,338.0,338.0,338.0,200,1,LIMT
2008-12-18,338.0,338.0,338.0,338.0,200,1,LIMT
2008-12-19,338.0,338.0,338.0,338.0,200,1,LIMT
2008-12-22,338.0,338.0,338.0,338.0,200,1,LIMT
2008-12-23,338.0,338.0,338.0,338.0,200,1,LIMT
2008-12-24,338.0,338.0,338.0,338.0,200,1,LIMT
2008-12-25,338.0,338.0,338.0,338.0,200,1,LIMT
2008-12-26,338.0,338.0,338.0,338.0,200,1,LIMT
2008-12-29,338.0,338.0,338.0,338.0,200,1,LIMT
2008-12-30,338.0,338.0,338.0,338.0,200,1,LIMT
2008-12-31,338.0,338.0,338.0,338.0,200,1,LIMT
2009-01-01,338.0,338.0,338.0,338.0,200,1,LIMT
2009-01-02,338.0,338.0,338.0,338.0,200,1,LIMT
2009-01-05,338.0,338.0,338.0,338.0,200,1,LIMT
2009-01-06,338.0,338.0,338.0,338.0,200,1,LIMT
2009-01-07,305.0,305.0,305.0,305.0,0,0,LIMT
2009-01-08,305.0,305.0,305.0,305.0,0,0,LIMT
2009-01-08,305.0,305.0,305.0,305.0,0,1,LIMT
2009-01-09,305.0,330.0,305.0,330.0,0,0,LIMT
2009-01-12,305.0,305.0,305.0,305.0,0,1,LIMT
2009-01-12,330.0,330.0,330.0,330.0,0,0,LIMT
2009-01-13,330.0,330.0,330.0,330.0,0,0,LIMT
2009-01-13,305.0,305.0,305.0,305.0,0,1,LIMT
2009-01-14,305.0,305.0,305.0,305.0,0,1,LIMT
2009-01-14,330.0,330.0,330.0,330.0,0,0,LIMT
2009-01-15,305.0,305.0,305.0,305.0,0,1,LIMT
2009-01-15,330.0,330.0,330.0,330.0,0,0,LIMT
2009-01-16,305.0,305.0,305.0,305.0,0,1,LIMT
2009-01-16,330.0,330.0,330.0,330.0,0,0,LIMT
2009-01-19,330.0,330.0,330.0,330.0,0,0,LIMT
2009-01-19,305.0,305.0,305.0,305.0,0,1,LIMT
2009-01-20,330.0,330.0,330.0,330.0,0,0,LIMT
2009-01-20,305.0,305.0,305.0,305.0,0,1,LIMT
2009-01-21,330.0,330.0,330.0,330.0,0,0,LIMT
2009-01-21,305.0,305.0,305.0,305.0,0,1,LIMT
2009-01-22,330.0,330.0,330.0,330.0,0,0,LIMT
2009-01-22,305.0,305.0,305.0,305.0,0,1,LIMT
2009-01-23,330.0,330.0,330.0,330.0,0,0,LIMT
2009-01-23,305.0,305.0,305.0,305.0,0,1,LIMT
2009-01-26,305.0,305.0,305.0,305.0,0,1,LIMT
2009-01-26,330.0,330.0,330.0,330.0,0,0,LIMT
2009-01-27,330.0,330.0,330.0,330.0,0,0,LIMT
2009-01-27,305.0,305.0,305.0,305.0,0,1,LIMT
2009-01-28,305.0,305.0,305.0,305.0,0,1,LIMT
2009-01-28,330.0,330.0,330.0,330.0,0,0,LIMT
2009-01-29,330.0,330.0,330.0,330.0,0,0,LIMT
2009-01-29,305.0,305.0,305.0,305.0,0,1,LIMT
2009-01-30,305.0,305.0,305.0,305.0,0,1,LIMT
2009-01-30,330.0,330.0,330.0,330.0,0,0,LIMT
2009-02-02,330.0,330.0,330.0,330.0,0,0,LIMT
2009-02-02,305.0,305.0,305.0,305.0,0,1,LIMT
2009-02-03,305.0,305.0,305.0,305.0,0,1,LIMT
2009-02-03,330.0,330.0,330.0,330.0,0,0,LIMT
2009-02-04,305.0,305.0,305.0,305.0,0,1,LIMT
2009-02-04,330.0,330.0,330.0,330.0,0,0,LIMT
2009-02-05,330.0,330.0,330.0,330.0,0,0,LIMT
2009-02-05,305.0,305.0,305.0,305.0,0,1,LIMT
2009-02-06,330.0,330.0,330.0,330.0,0,0,LIMT
2009-02-06,305.0,305.0,305.0,305.0,0,1,LIMT
2009-02-09,305.0,330.0,305.0,330.0,0,0,LIMT
2009-02-10,330.0,305.0,305.0,305.0,0,1,LIMT
2009-02-10,330.0,330.0,330.0,330.0,0,0,LIMT
2009-02-11,305.0,305.0,305.0,305.0,0,1,LIMT
2009-02-11,330.0,330.0,330.0,330.0,0,0,LIMT
2009-02-12,330.0,330.0,330.0,330.0,0,0,LIMT
2009-02-12,305.0,305.0,305.0,305.0,0,1,LIMT
2009-02-13,305.0,305.0,305.0,305.0,0,1,LIMT
2009-02-13,330.0,330.0,330.0,330.0,0,0,LIMT
2009-02-16,330.0,330.0,330.0,330.0,0,0,LIMT
2009-02-16,305.0,305.0,305.0,305.0,0,1,LIMT
2009-02-17,330.0,330.0,330.0,330.0,0,0,LIMT
2009-02-17,305.0,305.0,305.0,305.0,0,1,LIMT
2009-02-18,305.0,305.0,305.0,305.0,0,1,LIMT
2009-02-18,330.0,330.0,330.0,330.0,0,0,LIMT
2009-02-19,330.0,330.0,330.0,330.0,0,0,LIMT
2009-02-19,305.0,305.0,305.0,305.0,0,1,LIMT
2009-02-20,330.0,330.0,330.0,330.0,0,0,LIMT
2009-02-20,305.0,305.0,305.0,305.0,0,1,LIMT
2009-02-23,330.0,330.0,330.0,330.0,0,0,LIMT
2009-02-23,305.0,305.0,305.0,305.0,0,1,LIMT
2009-02-24,330.0,330.0,330.0,330.0,0,0,LIMT
2009-02-24,305.0,305.0,305.0,305.0,0,1,LIMT
2009-02-25,330.0,330.0,330.0,330.0,0,0,LIMT
2009-02-25,305.0,305.0,305.0,305.0,0,1,LIMT
2009-02-26,330.0,330.0,330.0,330.0,0,0,LIMT
2009-02-26,305.0,305.0,305.0,305.0,0,1,LIMT
2009-02-27,305.0,305.0,305.0,305.0,0,1,LIMT
2009-02-27,330.0,330.0,330.0,330.0,0,0,LIMT
2009-03-02,330.0,330.0,330.0,330.0,0,0,LIMT
2009-03-02,305.0,305.0,305.0,305.0,0,1,LIMT
2009-03-03,305.0,305.0,305.0,305.0,0,1,LIMT
2009-03-03,330.0,330.0,330.0,330.0,0,0,LIMT
2009-03-04,305.0,305.0,305.0,305.0,0,1,LIMT
2009-03-04,330.0,330.0,330.0,330.0,0,0,LIMT
2009-03-05,305.0,305.0,305.0,305.0,0,1,LIMT
2009-03-05,330.0,330.0,330.0,330.0,0,0,LIMT
2009-03-06,305.0,305.0,305.0,305.0,0,1,LIMT
2009-03-06,330.0,330.0,330.0,330.0,0,0,LIMT
2009-03-09,305.0,330.0,305.0,330.0,0,0,LIMT
2009-03-10,330.0,330.0,330.0,330.0,0,0,LIMT
2009-03-10,305.0,330.0,330.0,330.0,0,1,LIMT
2009-03-11,330.0,305.0,305.0,305.0,0,1,LIMT
2009-03-11,330.0,330.0,330.0,330.0,0,0,LIMT
2009-03-12,305.0,305.0,305.0,305.0,0,1,LIMT
2009-03-12,330.0,330.0,330.0,330.0,0,0,LIMT
2009-03-13,305.0,305.0,305.0,305.0,0,1,LIMT
2009-03-13,330.0,330.0,330.0,330.0,0,0,LIMT
2009-03-16,330.0,330.0,330.0,330.0,0,0,LIMT
2009-03-16,305.0,305.0,305.0,305.0,0,1,LIMT
2009-03-17,305.0,305.0,305.0,305.0,0,1,LIMT
2009-03-17,330.0,330.0,330.0,330.0,0,0,LIMT
2009-03-18,305.0,305.0,305.0,305.0,0,1,LIMT
2009-03-18,330.0,330.0,330.0,330.0,0,0,LIMT
2009-03-19,305.0,305.0,305.0,305.0,0,1,LIMT
2009-03-19,330.0,330.0,330.0,330.0,0,0,LIMT
2009-03-20,305.0,305.0,305.0,305.0,0,1,LIMT
2009-03-20,330.0,330.0,330.0,330.0,0,0,LIMT
2009-03-23,330.0,330.0,330.0,330.0,0,0,LIMT
2009-03-23,305.0,305.0,305.0,305.0,0,1,LIMT
2009-03-24,330.0,330.0,330.0,330.0,0,0,LIMT
2009-03-24,305.0,305.0,305.0,305.0,0,1,LIMT
2009-03-25,305.0,305.0,305.0,305.0,0,1,LIMT
2009-03-25,330.0,330.0,330.0,330.0,0,0,LIMT
2009-03-26,305.0,305.0,305.0,305.0,0,1,LIMT
2009-03-26,330.0,330.0,330.0,330.0,0,0,LIMT
2009-03-27,305.0,305.0,305.0,305.0,0,1,LIMT
2009-03-27,330.0,330.0,330.0,330.0,0,0,LIMT
2009-03-30,330.0,330.0,330.0,330.0,0,0,LIMT
2009-03-30,305.0,305.0,305.0,305.0,0,1,LIMT
2009-03-31,305.0,305.0,305.0,305.0,0,1,LIMT
2009-03-31,330.0,330.0,330.0,330.0,0,0,LIMT
2009-04-01,305.0,305.0,305.0,305.0,0,1,LIMT
2009-04-01,330.0,330.0,330.0,330.0,0,0,LIMT
2009-04-02,305.0,305.0,305.0,305.0,0,1,LIMT
2009-04-02,330.0,330.0,330.0,330.0,0,0,LIMT
2009-04-03,330.0,330.0,330.0,330.0,0,0,LIMT
2009-04-03,305.0,305.0,305.0,305.0,0,1,LIMT
2009-04-06,330.0,330.0,330.0,330.0,0,0,LIMT
2009-04-06,305.0,305.0,305.0,305.0,0,1,LIMT
2009-04-07,330.0,330.0,330.0,330.0,0,0,LIMT
2009-04-07,305.0,305.0,305.0,305.0,0,1,LIMT
2009-04-08,330.0,330.0,330.0,330.0,0,0,LIMT
2009-04-08,305.0,305.0,305.0,305.0,0,1,LIMT
2009-04-09,305.0,330.0,330.0,330.0,0,1,LIMT
2009-04-09,330.0,330.0,330.0,330.0,0,0,LIMT
2009-04-10,330.0,330.0,330.0,330.0,0,0,LIMT
2009-04-10,305.0,330.0,330.0,330.0,0,1,LIMT
2009-04-13,305.0,330.0,330.0,330.0,0,1,LIMT
2009-04-13,330.0,330.0,330.0,330.0,0,0,LIMT
2009-04-14,330.0,330.0,330.0,330.0,0,0,LIMT
2009-04-14,305.0,305.0,305.0,305.0,0,1,LIMT
2009-04-15,305.0,305.0,305.0,305.0,0,1,LIMT
2009-04-15,330.0,330.0,330.0,330.0,0,0,LIMT
2009-04-16,330.0,330.0,330.0,330.0,0,0,LIMT
2009-04-16,305.0,305.0,305.0,305.0,0,1,LIMT
2009-04-17,330.0,330.0,330.0,330.0,0,0,LIMT
2009-04-17,305.0,305.0,305.0,305.0,0,1,LIMT
2009-04-20,305.0,305.0,305.0,305.0,0,1,LIMT
2009-04-20,330.0,330.0,330.0,330.0,0,0,LIMT
2009-04-21,305.0,305.0,305.0,305.0,0,1,LIMT
2009-04-21,330.0,330.0,330.0,330.0,0,0,LIMT
2009-04-22,305.0,305.0,305.0,305.0,0,1,LIMT
2009-04-22,330.0,330.0,330.0,330.0,0,0,LIMT
2009-04-23,330.0,330.0,330.0,330.0,0,0,LIMT
2009-04-23,305.0,305.0,305.0,305.0,0,1,LIMT
2009-04-24,330.0,330.0,330.0,330.0,0,0,LIMT
2009-04-24,305.0,305.0,305.0,305.0,0,1,LIMT
2009-04-27,305.0,305.0,305.0,305.0,0,1,LIMT
2009-04-27,330.0,330.0,330.0,330.0,0,0,LIMT
2009-04-28,330.0,330.0,330.0,330.0,0,0,LIMT
2009-04-28,305.0,305.0,305.0,305.0,0,1,LIMT
2009-04-29,330.0,330.0,330.0,330.0,0,0,LIMT
2009-04-29,305.0,305.0,305.0,305.0,0,1,LIMT
2009-04-30,305.0,305.0,305.0,305.0,0,1,LIMT
2009-04-30,330.0,330.0,330.0,330.0,0,0,LIMT
2009-05-01,330.0,330.0,330.0,330.0,0,0,LIMT
2009-05-01,305.0,305.0,305.0,305.0,0,1,LIMT
2009-05-04,305.0,305.0,305.0,305.0,0,1,LIMT
2009-05-04,330.0,330.0,330.0,330.0,0,0,LIMT
2009-05-05,330.0,330.0,330.0,330.0,0,0,LIMT
2009-05-05,305.0,305.0,305.0,305.0,0,1,LIMT
2009-05-06,305.0,305.0,305.0,305.0,0,1,LIMT
2009-05-06,330.0,330.0,330.0,330.0,0,0,LIMT
2009-05-07,305.0,305.0,305.0,305.0,0,1,LIMT
2009-05-07,330.0,330.0,330.0,330.0,0,0,LIMT
2009-05-08,330.0,330.0,330.0,330.0,0,0,LIMT
2009-05-08,305.0,305.0,305.0,305.0,0,1,LIMT
2009-05-11,305.0,305.0,305.0,305.0,0,1,LIMT
2009-05-11,330.0,330.0,330.0,330.0,0,0,LIMT
2009-05-12,330.0,330.0,330.0,330.0,0,0,LIMT
2009-05-12,305.0,305.0,305.0,305.0,0,1,LIMT
2009-05-13,330.0,330.0,330.0,330.0,0,0,LIMT
2009-05-13,305.0,305.0,305.0,305.0,0,1,LIMT
2009-05-14,330.0,330.0,330.0,330.0,0,0,LIMT
2009-05-14,305.0,305.0,305.0,305.0,0,1,LIMT
2009-05-15,330.0,330.0,330.0,330.0,0,0,LIMT
2009-05-15,305.0,305.0,305.0,305.0,0,1,LIMT
2009-05-18,330.0,330.0,330.0,330.0,0,0,LIMT
2009-05-18,305.0,305.0,305.0,305.0,0,1,LIMT
2009-05-19,305.0,305.0,305.0,305.0,0,1,LIMT
2009-05-19,330.0,330.0,330.0,330.0,0,0,LIMT
2009-05-20,330.0,330.0,330.0,330.0,0,0,LIMT
2009-05-20,305.0,305.0,305.0,305.0,0,1,LIMT
2009-05-21,330.0,330.0,330.0,330.0,0,0,LIMT
2009-05-21,305.0,305.0,305.0,305.0,0,1,LIMT
2009-05-22,305.0,305.0,305.0,305.0,0,1,LIMT
2009-05-22,330.0,330.0,330.0,330.0,0,0,LIMT
2009-05-25,330.0,330.0,330.0,330.0,0,0,LIMT
2009-05-25,305.0,305.0,305.0,305.0,0,1,LIMT
2009-05-26,305.0,305.0,305.0,305.0,0,1,LIMT
2009-05-26,330.0,330.0,330.0,330.0,0,0,LIMT
2009-05-27,305.0,305.0,305.0,305.0,0,1,LIMT
2009-05-27,330.0,330.0,330.0,330.0,0,0,LIMT
2009-05-28,305.0,305.0,305.0,305.0,0,1,LIMT
2009-05-28,330.0,330.0,330.0,330.0,0,0,LIMT
2009-05-29,305.0,305.0,305.0,305.0,0,1,LIMT
2009-05-29,330.0,330.0,330.0,330.0,0,0,LIMT
2009-06-01,330.0,330.0,330.0,330.0,0,0,LIMT
2009-06-01,305.0,305.0,305.0,305.0,0,1,LIMT
2009-06-02,330.0,330.0,330.0,330.0,0,0,LIMT
2009-06-02,305.0,305.0,305.0,305.0,0,1,LIMT
2009-06-03,305.0,305.0,305.0,305.0,0,1,LIMT
2009-06-03,330.0,330.0,330.0,330.0,0,0,LIMT
2009-06-04,305.0,305.0,305.0,305.0,0,1,LIMT
2009-06-04,330.0,330.0,330.0,330.0,0,0,LIMT
2009-06-05,330.0,330.0,330.0,330.0,0,0,LIMT
2009-06-05,305.0,305.0,305.0,305.0,0,1,LIMT
2009-06-08,330.0,330.0,330.0,330.0,0,0,LIMT
2009-06-08,305.0,305.0,305.0,305.0,0,1,LIMT
2009-06-09,305.0,305.0,305.0,305.0,0,1,LIMT
2009-06-09,330.0,330.0,330.0,330.0,0,0,LIMT
2009-06-10,330.0,330.0,330.0,330.0,0,0,LIMT
2009-06-10,305.0,305.0,305.0,305.0,0,1,LIMT
2009-06-11,330.0,330.0,330.0,330.0,0,0,LIMT
2009-06-11,305.0,305.0,305.0,305.0,0,1,LIMT
2009-06-12,305.0,305.0,305.0,305.0,0,1,LIMT
2009-06-12,330.0,330.0,330.0,330.0,0,0,LIMT
2009-06-15,330.0,330.0,330.0,330.0,0,0,LIMT
2009-06-15,305.0,305.0,305.0,305.0,0,1,LIMT
2009-06-16,330.0,330.0,330.0,330.0,0,0,LIMT
2009-06-16,305.0,305.0,305.0,305.0,0,1,LIMT
2009-06-17,305.0,305.0,305.0,305.0,0,1,LIMT
2009-06-17,330.0,330.0,330.0,330.0,0,0,LIMT
2009-06-18,305.0,305.0,305.0,305.0,0,1,LIMT
2009-06-18,330.0,330.0,330.0,330.0,0,0,LIMT
2009-06-19,305.0,305.0,305.0,305.0,0,1,LIMT
2009-06-19,330.0,330.0,330.0,330.0,0,0,LIMT
2009-06-22,330.0,330.0,330.0,330.0,0,0,LIMT
2009-06-22,305.0,305.0,305.0,305.0,0,1,LIMT
2009-06-23,330.0,330.0,330.0,330.0,0,0,LIMT
2009-06-23,305.0,305.0,305.0,305.0,0,1,LIMT
2009-06-24,305.0,305.0,305.0,305.0,0,1,LIMT
2009-06-24,330.0,330.0,330.0,330.0,0,0,LIMT
2009-06-25,330.0,330.0,330.0,330.0,0,0,LIMT
2009-06-25,305.0,305.0,305.0,305.0,0,1,LIMT
2009-06-26,305.0,305.0,305.0,305.0,0,1,LIMT
2009-06-26,330.0,330.0,330.0,330.0,0,0,LIMT
2009-06-29,305.0,305.0,305.0,305.0,0,1,LIMT
2009-06-29,330.0,330.0,330.0,330.0,0,0,LIMT
2009-06-30,305.0,305.0,305.0,305.0,0,1,LIMT
2009-06-30,330.0,330.0,330.0,330.0,0,0,LIMT
2009-07-01,305.0,305.0,305.0,305.0,0,1,LIMT
2009-07-01,330.0,330.0,330.0,330.0,0,0,LIMT
2009-07-02,305.0,305.0,305.0,305.0,0,1,LIMT
2009-07-02,330.0,330.0,330.0,330.0,0,0,LIMT
2009-07-03,305.0,305.0,305.0,305.0,0,1,LIMT
2009-07-03,330.0,330.0,330.0,330.0,0,0,LIMT
2009-07-06,305.0,305.0,305.0,305.0,0,1,LIMT
2009-07-06,330.0,330.0,330.0,330.0,0,0,LIMT
2009-07-07,305.0,305.0,305.0,305.0,0,1,LIMT
2009-07-07,330.0,330.0,330.0,330.0,0,0,LIMT
2009-07-08,330.0,330.0,330.0,330.0,0,0,LIMT
2009-07-08,305.0,305.0,305.0,305.0,0,1,LIMT
2009-07-09,305.0,305.0,300.0,300.0,200,0,LIMT
2009-07-10,300.0,305.0,305.0,305.0,0,1,LIMT
2009-07-10,300.0,300.0,300.0,300.0,0,0,LIMT
2009-07-13,300.0,300.0,300.0,300.0,0,0,LIMT
2009-07-13,305.0,305.0,305.0,305.0,0,1,LIMT
2009-07-14,305.0,305.0,305.0,305.0,0,1,LIMT
2009-07-14,300.0,300.0,300.0,300.0,0,0,LIMT
2009-07-15,300.0,300.0,300.0,300.0,0,0,LIMT
2009-07-15,305.0,305.0,305.0,305.0,0,1,LIMT
2009-07-16,300.0,300.0,300.0,300.0,0,0,LIMT
2009-07-16,305.0,305.0,305.0,305.0,0,1,LIMT
2009-07-17,300.0,300.0,300.0,300.0,0,0,LIMT
2009-07-17,305.0,305.0,305.0,305.0,0,1,LIMT
2009-07-20,300.0,300.0,300.0,300.0,0,0,LIMT
2009-07-20,305.0,305.0,305.0,305.0,0,1,LIMT
2009-07-21,305.0,305.0,305.0,305.0,0,1,LIMT
2009-07-21,300.0,300.0,300.0,300.0,0,0,LIMT
2009-07-22,305.0,305.0,305.0,305.0,0,1,LIMT
2009-07-22,300.0,300.0,300.0,300.0,0,0,LIMT
2009-07-23,300.0,300.0,300.0,300.0,0,0,LIMT
2009-07-23,305.0,305.0,305.0,305.0,0,1,LIMT
2009-07-24,300.0,300.0,300.0,300.0,0,0,LIMT
2009-07-24,305.0,305.0,305.0,305.0,0,1,LIMT
2009-07-27,300.0,300.0,300.0,300.0,0,0,LIMT
2009-07-27,305.0,305.0,305.0,305.0,0,1,LIMT
2009-07-28,300.0,300.0,300.0,300.0,0,0,LIMT
2009-07-28,305.0,305.0,305.0,305.0,0,1,LIMT
2009-07-29,300.0,300.0,300.0,300.0,0,0,LIMT
2009-07-29,305.0,305.0,305.0,305.0,0,1,LIMT
2009-07-30,300.0,300.0,300.0,300.0,0,0,LIMT
2009-07-30,305.0,305.0,305.0,305.0,0,1,LIMT
2009-07-31,305.0,305.0,305.0,305.0,0,1,LIMT
2009-07-31,300.0,300.0,300.0,300.0,0,0,LIMT
2009-08-03,305.0,305.0,305.0,305.0,0,1,LIMT
2009-08-03,300.0,300.0,300.0,300.0,0,0,LIMT
2009-08-04,300.0,300.0,300.0,300.0,0,0,LIMT
2009-08-04,305.0,305.0,305.0,305.0,0,1,LIMT
2009-08-05,305.0,305.0,305.0,305.0,0,1,LIMT
2009-08-05,300.0,300.0,300.0,300.0,0,0,LIMT
2009-08-06,305.0,305.0,305.0,305.0,0,1,LIMT
2009-08-06,300.0,300.0,300.0,300.0,0,0,LIMT
2009-08-07,305.0,305.0,305.0,305.0,0,1,LIMT
2009-08-07,300.0,300.0,300.0,300.0,0,0,LIMT
2009-08-10,300.0,300.0,300.0,300.0,0,0,LIMT
2009-08-10,300.0,305.0,305.0,305.0,0,1,LIMT
2009-08-11,300.0,305.0,305.0,305.0,0,1,LIMT
2009-08-11,300.0,300.0,300.0,300.0,0,0,LIMT
2009-08-12,305.0,305.0,305.0,305.0,0,1,LIMT
2009-08-12,300.0,300.0,300.0,300.0,0,0,LIMT
2009-08-13,300.0,300.0,300.0,300.0,0,0,LIMT
2009-08-13,305.0,305.0,305.0,305.0,0,1,LIMT
2009-08-14,305.0,305.0,305.0,305.0,0,1,LIMT
2009-08-14,300.0,300.0,300.0,300.0,0,0,LIMT
2009-08-17,305.0,305.0,305.0,305.0,0,1,LIMT
2009-08-17,300.0,300.0,300.0,300.0,0,0,LIMT
2009-08-18,300.0,300.0,300.0,300.0,0,0,LIMT
2009-08-18,305.0,305.0,305.0,305.0,0,1,LIMT
2009-08-19,300.0,300.0,300.0,300.0,0,0,LIMT
2009-08-19,305.0,305.0,305.0,305.0,0,1,LIMT
2009-08-20,305.0,305.0,305.0,305.0,0,1,LIMT
2009-08-20,300.0,300.0,300.0,300.0,0,0,LIMT
2009-08-21,305.0,305.0,305.0,305.0,0,1,LIMT
2009-08-21,300.0,300.0,300.0,300.0,0,0,LIMT
2009-08-24,305.0,305.0,305.0,305.0,0,1,LIMT
2009-08-24,300.0,300.0,300.0,300.0,0,0,LIMT
2009-08-25,305.0,305.0,305.0,305.0,0,1,LIMT
2009-08-25,300.0,300.0,300.0,300.0,0,0,LIMT
2009-08-26,300.0,300.0,300.0,300.0,0,0,LIMT
2009-08-26,305.0,330.0,330.0,330.0,100,1,LIMT
2009-08-27,300.0,300.0,300.0,300.0,0,0,LIMT
2009-08-27,330.0,330.0,330.0,330.0,0,1,LIMT
2009-08-28,330.0,330.0,330.0,330.0,0,1,LIMT
2009-08-28,300.0,300.0,300.0,300.0,0,0,LIMT
2009-08-31,330.0,330.0,330.0,330.0,0,1,LIMT
2009-08-31,300.0,300.0,300.0,300.0,0,0,LIMT
2009-09-01,330.0,330.0,330.0,330.0,0,1,LIMT
2009-09-01,300.0,300.0,300.0,300.0,0,0,LIMT
2009-09-02,330.0,305.0,305.0,305.0,0,1,LIMT
2009-09-02,300.0,300.0,300.0,300.0,0,0,LIMT
2009-09-03,305.0,305.0,305.0,305.0,0,1,LIMT
2009-09-03,300.0,300.0,300.0,300.0,0,0,LIMT
2009-09-04,305.0,305.0,305.0,305.0,0,1,LIMT
2009-09-04,300.0,300.0,300.0,300.0,0,0,LIMT
2009-09-07,305.0,305.0,305.0,305.0,0,1,LIMT
2009-09-07,300.0,300.0,300.0,300.0,0,0,LIMT
2009-09-08,300.0,300.0,300.0,300.0,0,0,LIMT
2009-09-08,305.0,305.0,305.0,305.0,0,1,LIMT
2009-09-09,305.0,305.0,300.0,300.0,0,0,LIMT
2009-09-10,300.0,305.0,300.0,305.0,0,0,LIMT
2009-09-11,305.0,305.0,305.0,305.0,0,0,LIMT
2009-09-14,305.0,305.0,300.0,300.0,0,0,LIMT
2009-09-15,300.0,300.0,300.0,300.0,0,0,LIMT
2009-09-15,300.0,305.0,305.0,305.0,1000,1,LIMT
2009-09-16,305.0,305.0,305.0,305.0,0,1,LIMT
2009-09-16,300.0,300.0,300.0,300.0,0,0,LIMT
2009-09-17,305.0,305.0,305.0,305.0,0,1,LIMT
2009-09-17,300.0,300.0,300.0,300.0,0,0,LIMT
2009-09-18,305.0,305.0,305.0,305.0,0,1,LIMT
2009-09-18,300.0,300.0,300.0,300.0,0,0,LIMT
2009-09-21,305.0,305.0,305.0,305.0,0,1,LIMT
2009-09-21,300.0,300.0,300.0,300.0,0,0,LIMT
2009-09-22,305.0,305.0,305.0,305.0,0,1,LIMT
2009-09-22,300.0,300.0,300.0,300.0,0,0,LIMT
2009-09-23,300.0,300.0,300.0,300.0,0,0,LIMT
2009-09-23,305.0,305.0,305.0,305.0,0,1,LIMT
2009-09-24,300.0,300.0,300.0,300.0,0,0,LIMT
2009-09-24,305.0,305.0,305.0,305.0,0,1,LIMT
2009-09-25,305.0,305.0,305.0,305.0,0,1,LIMT
2009-09-25,300.0,300.0,300.0,300.0,0,0,LIMT
2009-09-28,300.0,300.0,300.0,300.0,0,0,LIMT
2009-09-28,305.0,305.0,305.0,305.0,0,1,LIMT
2009-09-29,305.0,305.0,305.0,305.0,0,1,LIMT
2009-09-29,300.0,300.0,300.0,300.0,0,0,LIMT
2009-09-30,305.0,305.0,305.0,305.0,0,1,LIMT
2009-09-30,300.0,300.0,300.0,300.0,0,0,LIMT
2009-10-01,300.0,300.0,300.0,300.0,0,0,LIMT
2009-10-01,305.0,305.0,305.0,305.0,0,1,LIMT
2009-10-02,305.0,305.0,305.0,305.0,0,1,LIMT
2009-10-02,300.0,300.0,300.0,300.0,0,0,LIMT
2009-10-05,305.0,305.0,305.0,305.0,0,1,LIMT
2009-10-05,300.0,300.0,300.0,300.0,0,0,LIMT
2009-10-06,300.0,300.0,300.0,300.0,0,0,LIMT
2009-10-06,305.0,305.0,305.0,305.0,0,1,LIMT
2009-10-07,305.0,305.0,305.0,305.0,0,1,LIMT
2009-10-07,300.0,300.0,300.0,300.0,0,0,LIMT
2009-10-08,305.0,305.0,305.0,305.0,0,1,LIMT
2009-10-08,300.0,300.0,300.0,300.0,0,0,LIMT
2009-10-09,305.0,305.0,300.0,300.0,0,0,LIMT
2009-10-12,305.0,305.0,305.0,305.0,0,1,LIMT
2009-10-12,300.0,300.0,300.0,300.0,0,0,LIMT
2009-10-13,300.0,300.0,300.0,300.0,0,0,LIMT
2009-10-13,305.0,305.0,305.0,305.0,0,1,LIMT
2009-10-14,300.0,300.0,300.0,300.0,0,0,LIMT
2009-10-14,305.0,305.0,305.0,305.0,0,1,LIMT
2009-10-15,300.0,300.0,300.0,300.0,0,0,LIMT
2009-10-15,305.0,305.0,305.0,305.0,0,1,LIMT
2009-10-16,300.0,300.0,300.0,300.0,0,0,LIMT
2009-10-16,305.0,305.0,305.0,305.0,0,1,LIMT
2009-10-19,300.0,300.0,300.0,300.0,0,0,LIMT
2009-10-19,305.0,305.0,305.0,305.0,0,1,LIMT
2009-10-20,300.0,300.0,300.0,300.0,0,0,LIMT
2009-10-20,305.0,305.0,305.0,305.0,0,1,LIMT
2009-10-21,300.0,300.0,300.0,300.0,0,0,LIMT
2009-10-21,305.0,305.0,305.0,305.0,0,1,LIMT
2009-10-22,300.0,300.0,300.0,300.0,0,0,LIMT
2009-10-22,305.0,305.0,305.0,305.0,0,1,LIMT
2009-10-23,305.0,305.0,305.0,305.0,0,1,LIMT
2009-10-23,300.0,300.0,300.0,300.0,0,0,LIMT
2009-10-26,300.0,300.0,300.0,300.0,0,0,LIMT
2009-10-26,305.0,305.0,305.0,305.0,0,1,LIMT
2009-10-27,300.0,300.0,300.0,300.0,0,0,LIMT
2009-10-27,305.0,305.0,305.0,305.0,0,1,LIMT
2009-10-28,300.0,300.0,300.0,300.0,0,0,LIMT
2009-10-28,305.0,305.0,305.0,305.0,0,1,LIMT
2009-10-29,305.0,305.0,305.0,305.0,0,1,LIMT
2009-10-29,300.0,300.0,300.0,300.0,0,0,LIMT
2009-10-30,300.0,300.0,300.0,300.0,0,0,LIMT
2009-10-30,305.0,305.0,305.0,305.0,0,1,LIMT
2009-11-02,305.0,305.0,305.0,305.0,0,1,LIMT
2009-11-02,300.0,300.0,300.0,300.0,0,0,LIMT
2009-11-03,300.0,300.0,300.0,300.0,0,0,LIMT
2009-11-03,305.0,305.0,305.0,305.0,0,1,LIMT
2009-11-04,305.0,305.0,305.0,305.0,0,1,LIMT
2009-11-04,300.0,300.0,300.0,300.0,0,0,LIMT
2009-11-05,305.0,305.0,305.0,305.0,0,1,LIMT
2009-11-05,300.0,300.0,300.0,300.0,0,0,LIMT
2009-11-06,300.0,300.0,300.0,300.0,0,0,LIMT
2009-11-06,305.0,305.0,305.0,305.0,0,1,LIMT
2009-11-09,305.0,305.0,300.0,300.0,0,0,LIMT
2009-11-10,300.0,300.0,300.0,300.0,0,0,LIMT
2009-11-10,305.0,300.0,300.0,300.0,0,1,LIMT
2009-11-11,300.0,300.0,300.0,300.0,0,0,LIMT
2009-11-11,300.0,305.0,305.0,305.0,0,1,LIMT
2009-11-12,300.0,300.0,300.0,300.0,0,0,LIMT
2009-11-12,305.0,305.0,305.0,305.0,0,1,LIMT
2009-11-13,300.0,300.0,300.0,300.0,0,0,LIMT
2009-11-13,305.0,305.0,305.0,305.0,0,1,LIMT
2009-11-16,300.0,300.0,300.0,300.0,0,0,LIMT
2009-11-16,305.0,305.0,305.0,305.0,0,1,LIMT
2009-11-17,305.0,305.0,305.0,305.0,0,1,LIMT
2009-11-17,300.0,300.0,300.0,300.0,0,0,LIMT
2009-11-18,300.0,300.0,300.0,300.0,0,0,LIMT
2009-11-18,305.0,305.0,305.0,305.0,0,1,LIMT
2009-11-19,305.0,305.0,305.0,305.0,0,1,LIMT
2009-11-19,300.0,300.0,300.0,300.0,0,0,LIMT
2009-11-20,305.0,305.0,305.0,305.0,0,1,LIMT
2009-11-20,300.0,300.0,300.0,300.0,0,0,LIMT
2009-11-23,300.0,300.0,300.0,300.0,0,0,LIMT
2009-11-23,305.0,305.0,305.0,305.0,0,1,LIMT
2009-11-24,300.0,300.0,300.0,300.0,0,0,LIMT
2009-11-24,305.0,305.0,305.0,305.0,0,1,LIMT
2009-11-25,305.0,305.0,305.0,305.0,0,1,LIMT
2009-11-25,300.0,300.0,300.0,300.0,0,0,LIMT
2009-11-26,305.0,305.0,305.0,305.0,0,1,LIMT
2009-11-26,300.0,300.0,300.0,300.0,0,0,LIMT
2009-11-27,305.0,305.0,305.0,305.0,0,1,LIMT
2009-11-27,300.0,300.0,300.0,300.0,0,0,LIMT
2009-11-30,300.0,300.0,300.0,300.0,0,0,LIMT
2009-11-30,305.0,305.0,305.0,305.0,0,1,LIMT
2009-12-01,300.0,300.0,300.0,300.0,0,0,LIMT
2009-12-01,305.0,305.0,305.0,305.0,0,1,LIMT
2009-12-02,305.0,305.0,305.0,305.0,0,1,LIMT
2009-12-02,300.0,300.0,300.0,300.0,0,0,LIMT
2009-12-03,305.0,305.0,305.0,305.0,0,1,LIMT
2009-12-03,300.0,300.0,300.0,300.0,0,0,LIMT
2009-12-04,305.0,305.0,305.0,305.0,0,1,LIMT
2009-12-04,300.0,300.0,300.0,300.0,0,0,LIMT
2009-12-07,305.0,305.0,305.0,305.0,0,1,LIMT
2009-12-07,300.0,300.0,300.0,300.0,0,0,LIMT
2009-12-08,305.0,305.0,305.0,305.0,0,1,LIMT
2009-12-08,300.0,300.0,300.0,300.0,0,0,LIMT
2009-12-09,305.0,305.0,305.0,305.0,0,1,LIMT
2009-12-09,300.0,300.0,300.0,300.0,0,0,LIMT
2009-12-10,305.0,305.0,305.0,305.0,0,1,LIMT
2009-12-10,300.0,300.0,300.0,300.0,0,0,LIMT
2009-12-11,300.0,300.0,300.0,300.0,0,0,LIMT
2009-12-11,305.0,305.0,305.0,305.0,0,1,LIMT
2009-12-14,300.0,300.0,300.0,300.0,0,0,LIMT
2009-12-14,305.0,305.0,305.0,305.0,0,1,LIMT
2009-12-15,305.0,305.0,305.0,305.0,0,1,LIMT
2009-12-15,300.0,300.0,300.0,300.0,0,0,LIMT
2009-12-16,305.0,305.0,305.0,305.0,0,1,LIMT
2009-12-16,300.0,300.0,300.0,300.0,0,0,LIMT
2009-12-17,300.0,300.0,300.0,300.0,0,0,LIMT
2009-12-17,305.0,305.0,305.0,305.0,0,1,LIMT
2009-12-18,300.0,300.0,300.0,300.0,0,0,LIMT
2009-12-18,305.0,305.0,305.0,305.0,0,1,LIMT
2009-12-21,300.0,300.0,300.0,300.0,0,0,LIMT
2009-12-21,305.0,305.0,305.0,305.0,0,1,LIMT
2009-12-22,300.0,300.0,300.0,300.0,0,0,LIMT
2009-12-22,305.0,305.0,305.0,305.0,0,1,LIMT
2009-12-23,300.0,300.0,300.0,300.0,0,0,LIMT
2009-12-23,305.0,305.0,305.0,305.0,0,1,LIMT
2009-12-24,300.0,300.0,300.0,300.0,0,0,LIMT
2009-12-24,305.0,305.0,305.0,305.0,0,1,LIMT
2009-12-25,300.0,300.0,300.0,300.0,0,0,LIMT
2009-12-25,305.0,305.0,305.0,305.0,0,1,LIMT
2009-12-28,300.0,300.0,300.0,300.0,0,0,LIMT
2009-12-28,305.0,305.0,305.0,305.0,0,1,LIMT
2009-12-29,300.0,300.0,300.0,300.0,0,0,LIMT
2009-12-29,305.0,305.0,305.0,305.0,0,1,LIMT
2009-12-30,305.0,305.0,305.0,305.0,0,1,LIMT
2009-12-30,300.0,300.0,300.0,300.0,0,0,LIMT
2009-12-31,305.0,305.0,305.0,305.0,0,1,LIMT
2009-12-31,300.0,300.0,300.0,300.0,0,0,LIMT
2010-01-01,300.0,300.0,300.0,300.0,0,0,LIMT
2010-01-01,305.0,305.0,305.0,305.0,0,1,LIMT
2010-01-04,305.0,325.0,325.0,325.0,60400,1,LIMT
2010-01-04,300.0,300.0,300.0,300.0,0,0,LIMT
2010-01-05,305.0,325.0,325.0,325.0,60400,1,LIMT
2010-01-05,300.0,300.0,300.0,300.0,0,0,LIMT
2010-01-06,305.0,325.0,325.0,325.0,60400,1,LIMT
2010-01-06,300.0,300.0,300.0,300.0,0,0,LIMT
2010-01-07,300.0,300.0,300.0,300.0,0,0,LIMT
2010-01-07,325.0,300.0,300.0,300.0,2000,1,LIMT
2010-01-08,300.0,300.0,300.0,300.0,0,0,LIMT
2010-01-08,325.0,300.0,300.0,300.0,2000,1,LIMT
2010-01-11,300.0,300.0,300.0,300.0,0,0,LIMT
2010-01-11,300.0,300.0,300.0,300.0,0,1,LIMT
2010-01-12,300.0,300.0,300.0,300.0,0,0,LIMT
2010-01-12,300.0,300.0,300.0,300.0,0,1,LIMT
2010-01-13,300.0,305.0,305.0,305.0,0,1,LIMT
2010-01-13,300.0,300.0,300.0,300.0,0,0,LIMT
2010-01-14,300.0,300.0,300.0,300.0,0,0,LIMT
2010-01-14,305.0,305.0,305.0,305.0,0,1,LIMT
2010-01-15,305.0,305.0,305.0,305.0,0,1,LIMT
2010-01-15,300.0,300.0,300.0,300.0,0,0,LIMT
2010-01-18,305.0,305.0,305.0,305.0,0,1,LIMT
2010-01-18,300.0,300.0,300.0,300.0,0,0,LIMT
2010-01-19,305.0,305.0,305.0,305.0,0,1,LIMT
2010-01-19,300.0,300.0,300.0,300.0,0,0,LIMT
2010-01-20,300.0,300.0,300.0,300.0,0,0,LIMT
2010-01-20,305.0,305.0,305.0,305.0,0,1,LIMT
2010-01-21,305.0,305.0,305.0,305.0,0,1,LIMT
2010-01-21,300.0,300.0,300.0,300.0,0,0,LIMT
2010-01-22,300.0,300.0,300.0,300.0,0,0,LIMT
2010-01-22,305.0,305.0,305.0,305.0,0,1,LIMT
2010-01-25,300.0,300.0,300.0,300.0,0,0,LIMT
2010-01-25,305.0,305.0,305.0,305.0,0,1,LIMT
2010-01-26,305.0,305.0,305.0,305.0,0,1,LIMT
2010-01-26,300.0,300.0,300.0,300.0,0,0,LIMT
2010-01-27,300.0,300.0,300.0,300.0,0,0,LIMT
2010-01-27,305.0,305.0,305.0,305.0,0,1,LIMT
2010-01-28,305.0,305.0,305.0,305.0,0,1,LIMT
2010-01-28,300.0,300.0,300.0,300.0,0,0,LIMT
2010-01-29,300.0,300.0,300.0,300.0,0,0,LIMT
2010-01-29,305.0,305.0,305.0,305.0,0,1,LIMT
2010-02-01,300.0,300.0,300.0,300.0,0,0,LIMT
2010-02-01,305.0,305.0,305.0,305.0,0,1,LIMT
2010-02-02,300.0,300.0,300.0,300.0,0,0,LIMT
2010-02-02,305.0,305.0,305.0,305.0,0,1,LIMT
2010-02-03,305.0,305.0,305.0,305.0,0,1,LIMT
2010-02-03,300.0,300.0,300.0,300.0,0,0,LIMT
2010-02-04,300.0,300.0,300.0,300.0,0,0,LIMT
2010-02-04,305.0,305.0,305.0,305.0,0,1,LIMT
2010-02-05,300.0,300.0,300.0,300.0,0,0,LIMT
2010-02-05,305.0,305.0,305.0,305.0,0,1,LIMT
2010-02-08,300.0,300.0,290.0,290.0,0,0,LIMT
2010-02-09,290.0,290.0,290.0,290.0,0,0,LIMT
2010-02-09,290.0,300.0,300.0,300.0,0,1,LIMT
2010-02-10,290.0,300.0,300.0,300.0,0,1,LIMT
2010-02-10,290.0,290.0,290.0,290.0,0,0,LIMT
2010-02-11,290.0,290.0,290.0,290.0,0,0,LIMT
2010-02-11,300.0,300.0,300.0,300.0,0,1,LIMT
2010-02-12,300.0,300.0,300.0,300.0,0,1,LIMT
2010-02-12,290.0,290.0,290.0,290.0,0,0,LIMT
2010-02-15,300.0,305.0,305.0,305.0,0,1,LIMT
2010-02-15,290.0,290.0,290.0,290.0,0,0,LIMT
2010-02-16,305.0,305.0,305.0,305.0,0,1,LIMT
2010-02-16,290.0,290.0,290.0,290.0,0,0,LIMT
2010-02-17,305.0,305.0,305.0,305.0,0,1,LIMT
2010-02-17,290.0,290.0,290.0,290.0,0,0,LIMT
2010-02-18,305.0,305.0,305.0,305.0,0,1,LIMT
2010-02-18,290.0,290.0,290.0,290.0,0,0,LIMT
2010-02-19,305.0,305.0,305.0,305.0,0,1,LIMT
2010-02-19,290.0,290.0,290.0,290.0,0,0,LIMT
2010-02-22,305.0,305.0,305.0,305.0,0,1,LIMT
2010-02-22,290.0,290.0,290.0,290.0,0,0,LIMT
2010-02-23,290.0,290.0,290.0,290.0,0,0,LIMT
2010-02-23,305.0,305.0,305.0,305.0,0,1,LIMT
2010-02-24,305.0,305.0,305.0,305.0,0,1,LIMT
2010-02-24,290.0,290.0,290.0,290.0,0,0,LIMT
2010-02-25,290.0,290.0,290.0,290.0,0,0,LIMT
2010-02-25,305.0,305.0,305.0,305.0,0,1,LIMT
2010-02-26,290.0,290.0,290.0,290.0,0,0,LIMT
2010-02-26,305.0,305.0,305.0,305.0,0,1,LIMT
2010-03-01,305.0,305.0,305.0,305.0,0,1,LIMT
2010-03-01,290.0,290.0,290.0,290.0,0,0,LIMT
2010-03-02,290.0,290.0,290.0,290.0,0,0,LIMT
2010-03-02,305.0,305.0,305.0,305.0,0,1,LIMT
2010-03-03,305.0,325.0,305.0,325.0,52400,0,LIMT
2010-03-04,325.0,325.0,325.0,325.0,0,0,LIMT
2010-03-04,305.0,325.0,325.0,325.0,52400,1,LIMT
2010-03-05,325.0,325.0,293.0,293.0,0,0,LIMT
2010-03-08,300.0,300.0,290.0,290.0,100,0,LIMT
2010-03-09,290.0,300.0,300.0,300.0,0,1,LIMT
2010-03-09,290.0,290.0,290.0,290.0,0,0,LIMT
2010-03-10,290.0,290.0,290.0,290.0,0,0,LIMT
2010-03-10,290.0,300.0,300.0,300.0,0,1,LIMT
2010-03-11,290.0,290.0,290.0,290.0,0,0,LIMT
2010-03-11,300.0,300.0,300.0,300.0,0,1,LIMT
2010-03-12,290.0,290.0,290.0,290.0,0,0,LIMT
2010-03-12,300.0,300.0,300.0,300.0,100,1,LIMT
2010-03-15,290.0,290.0,290.0,290.0,0,0,LIMT
2010-03-15,300.0,325.0,325.0,325.0,0,1,LIMT
2010-03-16,325.0,325.0,325.0,325.0,0,1,LIMT
2010-03-16,290.0,290.0,290.0,290.0,0,0,LIMT
2010-03-17,325.0,325.0,325.0,325.0,0,1,LIMT
2010-03-17,290.0,290.0,290.0,290.0,0,0,LIMT
2010-03-18,290.0,290.0,290.0,290.0,0,0,LIMT
2010-03-18,325.0,325.0,325.0,325.0,0,1,LIMT
2010-03-19,325.0,325.0,325.0,325.0,0,1,LIMT
2010-03-19,290.0,290.0,290.0,290.0,0,0,LIMT
2010-03-22,290.0,290.0,290.0,290.0,0,0,LIMT
2010-03-22,325.0,325.0,325.0,325.0,0,1,LIMT
2010-03-23,290.0,290.0,290.0,290.0,0,0,LIMT
2010-03-23,325.0,325.0,325.0,325.0,0,1,LIMT
2010-03-24,290.0,290.0,290.0,290.0,0,0,LIMT
2010-03-24,325.0,325.0,325.0,325.0,0,1,LIMT
2010-03-25,325.0,325.0,325.0,325.0,0,1,LIMT
2010-03-25,290.0,290.0,290.0,290.0,0,0,LIMT
2010-03-26,325.0,325.0,325.0,325.0,0,1,LIMT
2010-03-26,290.0,290.0,290.0,290.0,0,0,LIMT
2010-03-29,325.0,325.0,325.0,325.0,0,1,LIMT
2010-03-29,290.0,290.0,290.0,290.0,0,0,LIMT
2010-03-30,325.0,325.0,325.0,325.0,0,1,LIMT
2010-03-30,290.0,290.0,290.0,290.0,0,0,LIMT
2010-03-31,290.0,290.0,290.0,290.0,0,0,LIMT
2010-03-31,325.0,325.0,325.0,325.0,0,1,LIMT
2010-04-01,325.0,325.0,305.0,305.0,0,0,LIMT
2010-04-02,305.0,305.0,305.0,305.0,0,0,LIMT
2010-04-05,325.0,325.0,293.0,293.0,0,0,LIMT
2010-04-06,293.0,300.0,300.0,300.0,0,1,LIMT
2010-04-06,293.0,293.0,293.0,293.0,0,0,LIMT
2010-04-07,293.0,300.0,300.0,300.0,0,1,LIMT
2010-04-07,293.0,293.0,293.0,293.0,0,0,LIMT
2010-04-08,293.0,300.0,300.0,300.0,0,1,LIMT
2010-04-08,293.0,293.0,293.0,293.0,0,0,LIMT
2010-04-09,293.0,300.0,300.0,300.0,0,1,LIMT
2010-04-09,293.0,293.0,293.0,293.0,0,0,LIMT
2010-04-12,293.0,300.0,300.0,300.0,0,1,LIMT
2010-04-12,293.0,293.0,293.0,293.0,0,0,LIMT
2010-04-13,293.0,293.0,293.0,293.0,0,0,LIMT
2010-04-13,300.0,325.0,325.0,325.0,0,1,LIMT
2010-04-14,293.0,293.0,293.0,293.0,0,0,LIMT
2010-04-14,325.0,325.0,325.0,325.0,0,1,LIMT
2010-04-15,325.0,325.0,325.0,325.0,0,1,LIMT
2010-04-15,293.0,293.0,293.0,293.0,0,0,LIMT
2010-04-16,325.0,325.0,325.0,325.0,0,1,LIMT
2010-04-16,293.0,293.0,293.0,293.0,0,0,LIMT
2010-04-19,293.0,293.0,293.0,293.0,0,0,LIMT
2010-04-19,325.0,325.0,325.0,325.0,0,1,LIMT
2010-04-20,325.0,325.0,325.0,325.0,0,1,LIMT
2010-04-20,293.0,293.0,293.0,293.0,0,0,LIMT
2010-04-21,293.0,293.0,293.0,293.0,0,0,LIMT
2010-04-21,325.0,325.0,325.0,325.0,0,1,LIMT
2010-04-22,293.0,293.0,293.0,293.0,0,0,LIMT
2010-04-22,325.0,325.0,325.0,325.0,0,1,LIMT
2010-04-23,325.0,325.0,325.0,325.0,0,1,LIMT
2010-04-23,293.0,293.0,293.0,293.0,0,0,LIMT
2010-04-26,325.0,325.0,325.0,325.0,0,1,LIMT
2010-04-26,293.0,293.0,293.0,293.0,0,0,LIMT
2010-04-27,325.0,325.0,325.0,325.0,0,1,LIMT
2010-04-27,293.0,293.0,293.0,293.0,0,0,LIMT
2010-04-28,325.0,325.0,325.0,325.0,0,1,LIMT
2010-04-28,293.0,293.0,293.0,293.0,0,0,LIMT
2010-04-29,325.0,325.0,293.0,293.0,1000,0,LIMT
2010-04-30,293.0,293.0,293.0,293.0,1000,0,LIMT
2010-05-03,305.0,325.0,305.0,325.0,0,0,LIMT
2010-05-04,305.0,325.0,325.0,325.0,0,1,LIMT
2010-05-04,325.0,325.0,325.0,325.0,0,0,LIMT
2010-05-05,325.0,325.0,325.0,325.0,0,0,LIMT
2010-05-05,325.0,300.0,300.0,300.0,400,1,LIMT
2010-05-06,325.0,325.0,325.0,325.0,0,0,LIMT
2010-05-06,325.0,300.0,300.0,300.0,400,1,LIMT
2010-05-07,325.0,325.0,325.0,325.0,0,0,LIMT
2010-05-07,300.0,300.0,300.0,300.0,0,1,LIMT
2010-05-10,290.0,300.0,300.0,300.0,100,1,LIMT
2010-05-10,325.0,325.0,325.0,325.0,0,0,LIMT
2010-05-11,300.0,300.0,300.0,300.0,0,1,LIMT
2010-05-11,325.0,325.0,325.0,325.0,0,0,LIMT
2010-05-12,300.0,300.0,300.0,300.0,0,1,LIMT
2010-05-12,325.0,325.0,325.0,325.0,0,0,LIMT
2010-05-13,300.0,300.0,300.0,300.0,0,1,LIMT
2010-05-13,325.0,325.0,325.0,325.0,0,0,LIMT
2010-05-14,300.0,325.0,300.0,312.0,200,1,LIMT
2010-05-14,325.0,325.0,325.0,325.0,0,0,LIMT
2010-05-17,312.0,312.0,312.0,312.0,0,0,LIMT
2010-05-18,312.0,312.0,312.0,312.0,0,1,LIMT
2010-05-18,312.0,312.0,312.0,312.0,0,0,LIMT
2010-05-19,312.0,312.0,312.0,312.0,0,0,LIMT
2010-05-19,312.0,300.0,300.0,300.0,2000,1,LIMT
2010-05-20,312.0,312.0,312.0,312.0,0,0,LIMT
2010-05-20,300.0,300.0,300.0,300.0,1200,1,LIMT
2010-05-21,300.0,300.0,300.0,300.0,900,1,LIMT
2010-05-21,312.0,312.0,312.0,312.0,0,0,LIMT
2010-05-24,300.0,300.0,300.0,300.0,400,1,LIMT
2010-05-24,312.0,312.0,312.0,312.0,0,0,LIMT
2010-05-25,312.0,312.0,312.0,312.0,0,0,LIMT
2010-05-25,300.0,300.0,300.0,300.0,400,1,LIMT
2010-05-26,300.0,300.0,300.0,300.0,200,1,LIMT
2010-05-26,312.0,312.0,312.0,312.0,0,0,LIMT
2010-05-27,300.0,300.0,300.0,300.0,0,1,LIMT
2010-05-27,312.0,312.0,312.0,312.0,0,0,LIMT
2010-05-28,300.0,300.0,300.0,300.0,0,1,LIMT
2010-05-28,312.0,312.0,312.0,312.0,0,0,LIMT
2010-05-31,300.0,300.0,300.0,300.0,0,1,LIMT
2010-05-31,312.0,312.0,312.0,312.0,0,0,LIMT
2010-06-01,312.0,312.0,312.0,312.0,0,0,LIMT
2010-06-01,300.0,305.0,305.0,305.0,0,1,LIMT
2010-06-02,312.0,312.0,312.0,312.0,0,0,LIMT
2010-06-02,300.0,305.0,305.0,305.0,0,1,LIMT
2010-06-03,312.0,312.0,312.0,312.0,0,0,LIMT
2010-06-03,300.0,305.0,305.0,305.0,0,1,LIMT
2010-06-04,305.0,330.0,305.0,328.0,53600,0,LIMT
2010-06-07,300.0,300.0,300.0,300.0,0,1,LIMT
2010-06-07,328.0,328.0,328.0,328.0,0,0,LIMT
2010-06-08,300.0,300.0,300.0,300.0,200,1,LIMT
2010-06-08,328.0,328.0,328.0,328.0,0,0,LIMT
2010-06-09,300.0,300.0,300.0,300.0,0,1,LIMT
2010-06-09,328.0,328.0,328.0,328.0,0,0,LIMT
2010-06-10,328.0,328.0,328.0,328.0,0,0,LIMT
2010-06-10,300.0,300.0,300.0,300.0,0,1,LIMT
2010-06-11,300.0,300.0,300.0,300.0,0,1,LIMT
2010-06-11,328.0,328.0,328.0,328.0,0,0,LIMT
2010-06-14,300.0,300.0,300.0,300.0,0,1,LIMT
2010-06-14,328.0,328.0,328.0,328.0,0,0,LIMT
2010-06-15,300.0,300.0,300.0,300.0,0,1,LIMT
2010-06-15,328.0,328.0,328.0,328.0,0,0,LIMT
2010-06-16,328.0,328.0,328.0,328.0,0,0,LIMT
2010-06-16,300.0,300.0,300.0,300.0,0,1,LIMT
2010-06-17,300.0,300.0,300.0,300.0,0,1,LIMT
2010-06-17,328.0,328.0,328.0,328.0,0,0,LIMT
2010-06-18,300.0,300.0,300.0,300.0,100,1,LIMT
2010-06-18,328.0,328.0,328.0,328.0,0,0,LIMT
2010-06-21,300.0,290.0,290.0,290.0,100,1,LIMT
2010-06-21,328.0,328.0,328.0,328.0,0,0,LIMT
2010-06-22,290.0,290.0,290.0,290.0,0,1,LIMT
2010-06-22,328.0,328.0,328.0,328.0,0,0,LIMT
2010-06-23,328.0,328.0,328.0,328.0,0,0,LIMT
2010-06-23,290.0,290.0,290.0,290.0,700,1,LIMT
2010-06-24,290.0,290.0,290.0,290.0,0,1,LIMT
2010-06-24,328.0,328.0,328.0,328.0,0,0,LIMT
2010-06-25,328.0,328.0,328.0,328.0,0,0,LIMT
2010-06-25,290.0,300.0,300.0,300.0,100,1,LIMT
2010-06-28,300.0,300.0,300.0,300.0,0,1,LIMT
2010-06-28,328.0,328.0,328.0,328.0,0,0,LIMT
2010-06-29,300.0,300.0,300.0,300.0,18400,1,LIMT
2010-06-29,328.0,328.0,328.0,328.0,0,0,LIMT
2010-06-30,328.0,328.0,328.0,328.0,0,0,LIMT
2010-06-30,300.0,300.0,300.0,300.0,0,1,LIMT
2010-07-01,300.0,305.0,300.0,305.0,0,0,LIMT
2010-07-02,305.0,305.0,305.0,305.0,0,0,LIMT
2010-07-02,300.0,305.0,305.0,305.0,0,1,LIMT
2010-07-05,305.0,305.0,305.0,305.0,0,0,LIMT
2010-07-05,328.0,300.0,300.0,300.0,1500,1,LIMT
2010-07-06,300.0,300.0,300.0,300.0,0,1,LIMT
2010-07-06,305.0,305.0,305.0,305.0,0,0,LIMT
2010-07-07,300.0,300.0,300.0,300.0,0,1,LIMT
2010-07-07,305.0,305.0,305.0,305.0,0,0,LIMT
2010-07-08,300.0,300.0,300.0,300.0,0,1,LIMT
2010-07-08,305.0,305.0,305.0,305.0,0,0,LIMT
2010-07-09,305.0,305.0,305.0,305.0,0,0,LIMT
2010-07-09,300.0,300.0,300.0,300.0,0,1,LIMT
2010-07-12,305.0,305.0,305.0,305.0,0,0,LIMT
2010-07-12,300.0,300.0,300.0,300.0,0,1,LIMT
2010-07-13,300.0,300.0,300.0,300.0,0,1,LIMT
2010-07-13,305.0,305.0,305.0,305.0,0,0,LIMT
2010-07-14,300.0,300.0,300.0,300.0,0,1,LIMT
2010-07-14,305.0,305.0,305.0,305.0,0,0,LIMT
2010-07-15,300.0,300.0,300.0,300.0,0,1,LIMT
2010-07-15,305.0,305.0,305.0,305.0,0,0,LIMT
2010-07-16,300.0,300.0,300.0,300.0,0,1,LIMT
2010-07-16,305.0,305.0,305.0,305.0,0,0,LIMT
2010-07-19,300.0,300.0,300.0,300.0,0,1,LIMT
2010-07-19,305.0,305.0,305.0,305.0,0,0,LIMT
2010-07-20,300.0,300.0,300.0,300.0,0,1,LIMT
2010-07-20,305.0,305.0,305.0,305.0,0,0,LIMT
2010-07-21,305.0,305.0,305.0,305.0,0,0,LIMT
2010-07-21,300.0,300.0,300.0,300.0,100,1,LIMT
2010-07-22,305.0,305.0,305.0,305.0,0,0,LIMT
2010-07-22,300.0,300.0,300.0,300.0,0,1,LIMT
2010-07-23,305.0,305.0,305.0,305.0,0,0,LIMT
2010-07-23,300.0,300.0,300.0,300.0,0,1,LIMT
2010-07-26,305.0,305.0,305.0,305.0,0,0,LIMT
2010-07-26,300.0,300.0,300.0,300.0,0,1,LIMT
2010-07-27,300.0,300.0,300.0,300.0,0,1,LIMT
2010-07-27,305.0,305.0,305.0,305.0,0,0,LIMT
2010-07-28,305.0,305.0,305.0,305.0,0,0,LIMT
2010-07-28,300.0,290.0,290.0,290.0,500,1,LIMT
2010-07-29,290.0,290.0,290.0,290.0,0,0,LIMT
2010-07-30,290.0,290.0,290.0,290.0,0,1,LIMT
2010-07-30,290.0,290.0,290.0,290.0,0,0,LIMT
2010-08-02,305.0,305.0,305.0,305.0,0,0,LIMT
2010-08-03,305.0,305.0,305.0,305.0,0,0,LIMT
2010-08-03,305.0,325.0,325.0,325.0,200,1,LIMT
2010-08-04,325.0,325.0,325.0,325.0,300,0,LIMT
2010-08-05,325.0,325.0,325.0,325.0,0,0,LIMT
2010-08-05,325.0,325.0,325.0,325.0,300,1,LIMT
2010-08-06,325.0,300.0,300.0,300.0,100,1,LIMT
2010-08-06,325.0,325.0,325.0,325.0,0,0,LIMT
2010-08-09,325.0,325.0,325.0,325.0,0,0,LIMT
2010-08-09,300.0,300.0,300.0,300.0,0,1,LIMT
2010-08-10,300.0,300.0,300.0,300.0,0,1,LIMT
2010-08-10,325.0,325.0,325.0,325.0,0,0,LIMT
2010-08-11,300.0,300.0,300.0,300.0,0,1,LIMT
2010-08-11,325.0,325.0,325.0,325.0,0,0,LIMT
2010-08-12,300.0,300.0,300.0,300.0,0,1,LIMT
2010-08-12,325.0,325.0,325.0,325.0,0,0,LIMT
2010-08-13,300.0,300.0,300.0,300.0,0,1,LIMT
2010-08-13,325.0,325.0,325.0,325.0,0,0,LIMT
2010-08-16,325.0,325.0,325.0,325.0,0,0,LIMT
2010-08-16,300.0,300.0,300.0,300.0,0,1,LIMT
2010-08-17,325.0,325.0,325.0,325.0,0,0,LIMT
2010-08-17,300.0,300.0,300.0,300.0,0,1,LIMT
2010-08-18,300.0,300.0,300.0,300.0,0,1,LIMT
2010-08-18,325.0,325.0,325.0,325.0,0,0,LIMT
2010-08-19,300.0,300.0,300.0,300.0,0,1,LIMT
2010-08-19,325.0,325.0,325.0,325.0,0,0,LIMT
2010-08-20,325.0,325.0,325.0,325.0,0,0,LIMT
2010-08-20,300.0,300.0,300.0,300.0,0,1,LIMT
2010-08-23,300.0,300.0,300.0,300.0,0,1,LIMT
2010-08-23,325.0,325.0,325.0,325.0,0,0,LIMT
2010-08-24,325.0,325.0,325.0,325.0,0,0,LIMT
2010-08-24,300.0,300.0,300.0,300.0,0,1,LIMT
2010-08-25,325.0,325.0,325.0,325.0,0,0,LIMT
2010-08-25,300.0,300.0,300.0,300.0,0,1,LIMT
2010-08-26,325.0,325.0,325.0,325.0,0,0,LIMT
2010-08-26,300.0,300.0,300.0,300.0,0,1,LIMT
2010-08-27,325.0,325.0,325.0,325.0,0,0,LIMT
2010-08-27,300.0,300.0,300.0,300.0,0,1,LIMT
2010-08-30,300.0,300.0,300.0,300.0,0,1,LIMT
2010-08-30,325.0,325.0,325.0,325.0,0,0,LIMT
2010-08-31,300.0,300.0,300.0,300.0,0,1,LIMT
2010-08-31,325.0,325.0,325.0,325.0,0,0,LIMT
2010-09-01,300.0,300.0,300.0,300.0,0,1,LIMT
2010-09-01,325.0,325.0,325.0,325.0,0,0,LIMT
2010-09-02,300.0,305.0,300.0,305.0,0,0,LIMT
2010-09-03,305.0,350.0,305.0,345.0,2700,0,LIMT
2010-09-06,325.0,300.0,300.0,300.0,0,1,LIMT
2010-09-06,345.0,345.0,345.0,345.0,0,0,LIMT
2010-09-07,345.0,345.0,345.0,345.0,0,0,LIMT
2010-09-07,300.0,300.0,300.0,300.0,0,1,LIMT
2010-09-08,300.0,300.0,300.0,300.0,0,1,LIMT
2010-09-08,345.0,345.0,345.0,345.0,0,0,LIMT
2010-09-09,345.0,345.0,345.0,345.0,0,0,LIMT
2010-09-09,300.0,300.0,300.0,300.0,0,1,LIMT
2010-09-10,345.0,345.0,345.0,345.0,0,0,LIMT
2010-09-10,300.0,300.0,300.0,300.0,0,1,LIMT
2010-09-13,345.0,345.0,345.0,345.0,0,0,LIMT
2010-09-13,300.0,300.0,300.0,300.0,0,1,LIMT
2010-09-14,300.0,300.0,300.0,300.0,0,1,LIMT
2010-09-14,345.0,345.0,345.0,345.0,0,0,LIMT
2010-09-15,345.0,345.0,345.0,345.0,0,0,LIMT
2010-09-15,300.0,299.0,299.0,299.0,100,1,LIMT
2010-09-16,299.0,299.0,299.0,299.0,0,1,LIMT
2010-09-16,345.0,345.0,345.0,345.0,0,0,LIMT
2010-09-17,299.0,299.0,299.0,299.0,0,1,LIMT
2010-09-17,345.0,345.0,345.0,345.0,0,0,LIMT
2010-09-20,299.0,299.0,299.0,299.0,0,1,LIMT
2010-09-20,345.0,345.0,345.0,345.0,0,0,LIMT
2010-09-21,299.0,299.0,299.0,299.0,0,1,LIMT
2010-09-21,345.0,345.0,345.0,345.0,0,0,LIMT
2010-09-22,345.0,345.0,345.0,345.0,0,0,LIMT
2010-09-22,299.0,300.0,300.0,300.0,1500,1,LIMT
2010-09-23,345.0,345.0,345.0,345.0,0,0,LIMT
2010-09-23,300.0,300.0,300.0,300.0,0,1,LIMT
2010-09-24,345.0,345.0,345.0,345.0,0,0,LIMT
2010-09-24,300.0,300.0,300.0,300.0,0,1,LIMT
2010-09-27,345.0,345.0,345.0,345.0,0,0,LIMT
2010-09-27,300.0,300.0,300.0,300.0,0,1,LIMT
2010-09-28,345.0,345.0,345.0,345.0,0,0,LIMT
2010-09-28,300.0,300.0,300.0,300.0,0,1,LIMT
2010-09-29,300.0,300.0,300.0,300.0,100,1,LIMT
2010-09-29,345.0,345.0,345.0,345.0,0,0,LIMT
2010-09-30,300.0,300.0,300.0,300.0,0,1,LIMT
2010-09-30,345.0,345.0,345.0,345.0,0,0,LIMT
2010-10-01,345.0,345.0,345.0,345.0,0,0,LIMT
2010-10-01,300.0,300.0,300.0,300.0,0,1,LIMT
2010-10-04,345.0,345.0,345.0,345.0,0,0,LIMT
2010-10-04,300.0,300.0,300.0,300.0,0,1,LIMT
2010-10-05,325.0,300.0,300.0,300.0,100,1,LIMT
2010-10-05,345.0,345.0,345.0,345.0,0,0,LIMT
2010-10-06,300.0,300.0,300.0,300.0,0,1,LIMT
2010-10-06,345.0,345.0,345.0,345.0,0,0,LIMT
2010-10-07,345.0,345.0,345.0,345.0,0,0,LIMT
2010-10-07,300.0,300.0,300.0,300.0,0,1,LIMT
2010-10-08,345.0,345.0,345.0,345.0,0,0,LIMT
2010-10-08,300.0,300.0,300.0,300.0,0,1,LIMT
2010-10-11,300.0,300.0,300.0,300.0,0,1,LIMT
2010-10-11,345.0,345.0,345.0,345.0,0,0,LIMT
2010-10-12,345.0,345.0,345.0,345.0,0,0,LIMT
2010-10-12,300.0,300.0,300.0,300.0,0,1,LIMT
2010-10-13,300.0,300.0,300.0,300.0,102200,1,LIMT
2010-10-13,345.0,345.0,345.0,345.0,0,0,LIMT
2010-10-14,300.0,300.0,295.0,299.0,73400,0,LIMT
2010-10-15,299.0,299.0,299.0,299.0,0,0,LIMT
2010-10-18,299.0,299.0,299.0,299.0,0,0,LIMT
2010-10-18,299.0,300.0,300.0,300.0,100,1,LIMT
2010-10-19,300.0,300.0,300.0,300.0,0,1,LIMT
2010-10-19,299.0,299.0,299.0,299.0,0,0,LIMT
2010-10-20,299.0,299.0,299.0,299.0,0,0,LIMT
2010-10-20,300.0,300.0,300.0,300.0,0,1,LIMT
2010-10-21,300.0,300.0,300.0,300.0,0,1,LIMT
2010-10-21,299.0,299.0,299.0,299.0,0,0,LIMT
2010-10-22,299.0,299.0,299.0,299.0,0,0,LIMT
2010-10-22,300.0,300.0,300.0,300.0,0,1,LIMT
2010-10-25,299.0,299.0,299.0,299.0,0,0,LIMT
2010-10-25,300.0,300.0,300.0,300.0,0,1,LIMT
2010-10-26,299.0,299.0,299.0,299.0,0,0,LIMT
2010-10-26,300.0,300.0,300.0,300.0,0,1,LIMT
2010-10-27,300.0,300.0,300.0,300.0,18900,1,LIMT
2010-10-27,299.0,299.0,299.0,299.0,0,0,LIMT
2010-10-28,299.0,299.0,299.0,299.0,0,0,LIMT
2010-10-28,300.0,300.0,300.0,300.0,0,1,LIMT
2010-10-29,299.0,299.0,299.0,299.0,0,0,LIMT
2010-10-29,300.0,300.0,300.0,300.0,0,1,LIMT
2010-11-01,300.0,305.0,300.0,305.0,0,0,LIMT
2010-11-02,305.0,305.0,305.0,305.0,0,0,LIMT
2010-11-03,305.0,325.0,305.0,325.0,0,0,LIMT
2010-11-04,305.0,325.0,325.0,325.0,0,1,LIMT
2010-11-04,325.0,325.0,325.0,325.0,0,0,LIMT
2010-11-05,325.0,325.0,325.0,325.0,0,0,LIMT
2010-11-05,325.0,300.0,300.0,300.0,100,1,LIMT
2010-11-08,325.0,325.0,325.0,325.0,0,0,LIMT
2010-11-08,300.0,300.0,300.0,300.0,0,1,LIMT
2010-11-09,300.0,300.0,300.0,300.0,0,1,LIMT
2010-11-09,325.0,325.0,325.0,325.0,0,0,LIMT
2010-11-10,300.0,300.0,300.0,300.0,0,1,LIMT
2010-11-10,325.0,325.0,325.0,325.0,0,0,LIMT
2010-11-11,325.0,325.0,325.0,325.0,0,0,LIMT
2010-11-11,300.0,300.0,300.0,300.0,0,1,LIMT
2010-11-12,300.0,300.0,300.0,300.0,0,1,LIMT
2010-11-12,325.0,325.0,325.0,325.0,0,0,LIMT
2010-11-15,325.0,325.0,325.0,325.0,0,0,LIMT
2010-11-15,300.0,300.0,300.0,300.0,0,1,LIMT
2010-11-16,325.0,325.0,325.0,325.0,0,0,LIMT
2010-11-16,300.0,300.0,300.0,300.0,0,1,LIMT
2010-11-17,300.0,305.0,305.0,305.0,500,1,LIMT
2010-11-17,325.0,325.0,325.0,325.0,0,0,LIMT
2010-11-18,305.0,305.0,305.0,305.0,300,1,LIMT
2010-11-18,325.0,325.0,325.0,325.0,0,0,LIMT
2010-11-19,325.0,325.0,325.0,325.0,0,0,LIMT
2010-11-19,305.0,305.0,305.0,305.0,0,1,LIMT
2010-11-22,325.0,325.0,325.0,325.0,0,0,LIMT
2010-11-22,305.0,305.0,305.0,305.0,0,1,LIMT
2010-11-23,325.0,325.0,325.0,325.0,0,0,LIMT
2010-11-23,305.0,300.0,300.0,300.0,200,1,LIMT
2010-11-24,325.0,325.0,325.0,325.0,0,0,LIMT
2010-11-24,300.0,300.0,300.0,300.0,0,1,LIMT
2010-11-25,300.0,300.0,300.0,300.0,0,1,LIMT
2010-11-25,325.0,325.0,325.0,325.0,0,0,LIMT
2010-11-26,325.0,325.0,325.0,325.0,0,0,LIMT
2010-11-26,300.0,300.0,300.0,300.0,100,1,LIMT
2010-11-29,325.0,325.0,325.0,325.0,0,0,LIMT
2010-11-29,300.0,300.0,300.0,300.0,0,1,LIMT
2010-11-30,325.0,325.0,325.0,325.0,0,0,LIMT
2010-11-30,300.0,300.0,300.0,300.0,0,1,LIMT
2010-12-01,300.0,305.0,300.0,305.0,0,0,LIMT
2010-12-02,305.0,305.0,305.0,305.0,0,0,LIMT
2010-12-03,305.0,325.0,305.0,325.0,0,0,LIMT
2010-12-06,305.0,325.0,325.0,325.0,0,1,LIMT
2010-12-06,325.0,325.0,325.0,325.0,0,0,LIMT
2010-12-07,325.0,325.0,325.0,325.0,0,0,LIMT
2010-12-07,300.0,300.0,300.0,300.0,0,1,LIMT
2010-12-08,300.0,300.0,300.0,300.0,0,1,LIMT
2010-12-08,325.0,325.0,325.0,325.0,0,0,LIMT
2010-12-09,325.0,325.0,325.0,325.0,0,0,LIMT
2010-12-09,300.0,300.0,300.0,300.0,0,1,LIMT
2010-12-10,300.0,300.0,300.0,300.0,0,1,LIMT
2010-12-10,325.0,325.0,325.0,325.0,0,0,LIMT
2010-12-13,300.0,300.0,300.0,300.0,0,1,LIMT
2010-12-13,325.0,325.0,325.0,325.0,0,0,LIMT
2010-12-14,300.0,300.0,300.0,300.0,0,1,LIMT
2010-12-14,325.0,325.0,325.0,325.0,0,0,LIMT
2010-12-15,300.0,300.0,300.0,300.0,0,1,LIMT
2010-12-15,325.0,325.0,325.0,325.0,0,0,LIMT
2010-12-16,300.0,300.0,300.0,300.0,0,1,LIMT
2010-12-16,325.0,325.0,325.0,325.0,0,0,LIMT
2010-12-17,300.0,300.0,300.0,300.0,0,1,LIMT
2010-12-17,325.0,325.0,325.0,325.0,0,0,LIMT
2010-12-20,300.0,300.0,300.0,300.0,0,1,LIMT
2010-12-20,325.0,325.0,325.0,325.0,0,0,LIMT
2010-12-21,300.0,300.0,300.0,300.0,0,1,LIMT
2010-12-21,325.0,325.0,325.0,325.0,0,0,LIMT
2010-12-22,325.0,325.0,325.0,325.0,0,0,LIMT
2010-12-22,300.0,300.0,300.0,300.0,0,1,LIMT
2010-12-23,325.0,325.0,325.0,325.0,0,0,LIMT
2010-12-23,300.0,300.0,300.0,300.0,0,1,LIMT
2010-12-24,325.0,325.0,325.0,325.0,0,0,LIMT
2010-12-24,300.0,300.0,300.0,300.0,0,1,LIMT
2010-12-27,325.0,325.0,325.0,325.0,0,0,LIMT
2010-12-27,300.0,300.0,300.0,300.0,0,1,LIMT
2010-12-28,300.0,300.0,300.0,300.0,0,1,LIMT
2010-12-28,325.0,325.0,325.0,325.0,0,0,LIMT
2010-12-29,300.0,300.0,300.0,300.0,0,1,LIMT
2010-12-29,325.0,325.0,325.0,325.0,0,0,LIMT
2010-12-30,300.0,300.0,300.0,300.0,0,1,LIMT
2010-12-30,325.0,325.0,325.0,325.0,0,0,LIMT
2010-12-31,325.0,325.0,325.0,325.0,0,0,LIMT
2010-12-31,300.0,300.0,300.0,300.0,0,1,LIMT
2011-01-03,305.0,305.0,305.0,305.0,0,0,LIMT
2011-01-04,305.0,300.0,300.0,300.0,0,1,LIMT
2011-01-04,305.0,305.0,305.0,305.0,0,0,LIMT
2011-01-05,305.0,305.0,305.0,305.0,0,0,LIMT
2011-01-05,305.0,300.0,300.0,300.0,0,1,LIMT
2011-01-06,305.0,305.0,305.0,305.0,0,0,LIMT
2011-01-06,305.0,300.0,300.0,300.0,0,1,LIMT
2011-01-07,305.0,305.0,305.0,305.0,0,0,LIMT
2011-01-07,300.0,300.0,300.0,300.0,0,1,LIMT
2011-01-10,305.0,305.0,305.0,305.0,0,0,LIMT
2011-01-10,300.0,300.0,300.0,300.0,0,1,LIMT
2011-01-11,308.0,356.0,308.0,356.0,0,0,LIMT
2011-01-12,356.0,356.0,356.0,356.0,0,0,LIMT
2011-01-13,356.0,356.0,356.0,356.0,0,0,LIMT
2011-01-13,356.0,300.0,300.0,300.0,0,1,LIMT
2011-01-14,300.0,300.0,300.0,300.0,0,1,LIMT
2011-01-14,356.0,356.0,356.0,356.0,0,0,LIMT
2011-01-17,356.0,356.0,356.0,356.0,0,0,LIMT
2011-01-17,300.0,300.0,300.0,300.0,0,1,LIMT
2011-01-18,300.0,300.0,300.0,300.0,0,1,LIMT
2011-01-18,356.0,356.0,356.0,356.0,0,0,LIMT
2011-01-19,356.0,356.0,356.0,356.0,0,0,LIMT
2011-01-19,300.0,300.0,300.0,300.0,0,1,LIMT
2011-01-20,356.0,356.0,356.0,356.0,0,0,LIMT
2011-01-20,300.0,300.0,300.0,300.0,0,1,LIMT
2011-01-21,300.0,300.0,300.0,300.0,0,1,LIMT
2011-01-21,356.0,356.0,356.0,356.0,0,0,LIMT
2011-01-24,300.0,300.0,300.0,300.0,0,1,LIMT
2011-01-24,356.0,356.0,356.0,356.0,0,0,LIMT
2011-01-25,356.0,356.0,356.0,356.0,0,0,LIMT
2011-01-25,300.0,300.0,300.0,300.0,0,1,LIMT
2011-01-26,300.0,300.0,300.0,300.0,0,1,LIMT
2011-01-26,356.0,356.0,356.0,356.0,0,0,LIMT
2011-01-27,300.0,305.0,305.0,305.0,200,1,LIMT
2011-01-27,356.0,356.0,356.0,356.0,0,0,LIMT
2011-01-28,305.0,305.0,305.0,305.0,0,1,LIMT
2011-01-28,356.0,356.0,356.0,356.0,0,0,LIMT
2011-01-31,356.0,356.0,356.0,356.0,0,0,LIMT
2011-01-31,305.0,305.0,305.0,305.0,0,1,LIMT
2011-02-01,356.0,356.0,356.0,356.0,0,0,LIMT
2011-02-01,305.0,305.0,305.0,305.0,0,1,LIMT
2011-02-02,305.0,305.0,305.0,305.0,200,1,LIMT
2011-02-02,356.0,356.0,356.0,356.0,0,0,LIMT
2011-02-03,305.0,305.0,305.0,305.0,0,1,LIMT
2011-02-03,356.0,356.0,356.0,356.0,0,0,LIMT
2011-02-04,305.0,305.0,305.0,305.0,0,1,LIMT
2011-02-04,356.0,356.0,356.0,356.0,0,0,LIMT
2011-02-07,356.0,356.0,356.0,356.0,0,0,LIMT
2011-02-07,305.0,305.0,305.0,305.0,0,1,LIMT
2011-02-08,300.0,318.0,300.0,318.0,0,0,LIMT
2011-02-09,318.0,318.0,311.0,311.0,1000,0,LIMT
2011-02-10,311.0,311.0,311.0,311.0,0,0,LIMT
2011-02-10,318.0,311.0,311.0,311.0,1000,1,LIMT
2011-02-11,311.0,356.0,311.0,356.0,0,0,LIMT
2011-02-14,356.0,356.0,356.0,356.0,0,0,LIMT
2011-02-14,356.0,305.0,305.0,305.0,0,1,LIMT
2011-02-15,305.0,305.0,305.0,305.0,0,1,LIMT
2011-02-15,356.0,356.0,356.0,356.0,0,0,LIMT
2011-02-16,305.0,305.0,305.0,305.0,0,1,LIMT
2011-02-16,356.0,356.0,356.0,356.0,0,0,LIMT
2011-02-17,305.0,305.0,305.0,305.0,0,1,LIMT
2011-02-17,356.0,356.0,356.0,356.0,0,0,LIMT
2011-02-18,305.0,305.0,305.0,305.0,0,1,LIMT
2011-02-18,356.0,356.0,356.0,356.0,0,0,LIMT
2011-02-21,356.0,356.0,356.0,356.0,0,0,LIMT
2011-02-21,305.0,305.0,305.0,305.0,0,1,LIMT
2011-02-22,356.0,356.0,356.0,356.0,0,0,LIMT
2011-02-22,305.0,305.0,305.0,305.0,0,1,LIMT
2011-02-23,356.0,356.0,356.0,356.0,0,0,LIMT
2011-02-23,305.0,305.0,305.0,305.0,0,1,LIMT
2011-02-24,356.0,356.0,356.0,356.0,0,0,LIMT
2011-02-24,305.0,305.0,305.0,305.0,0,1,LIMT
2011-02-25,305.0,305.0,305.0,305.0,0,1,LIMT
2011-02-25,356.0,356.0,356.0,356.0,0,0,LIMT
2011-02-28,356.0,356.0,356.0,356.0,0,0,LIMT
2011-02-28,305.0,305.0,305.0,305.0,0,1,LIMT
2011-03-01,305.0,305.0,300.0,300.0,0,0,LIMT
2011-03-02,300.0,305.0,305.0,305.0,0,1,LIMT
2011-03-02,300.0,300.0,300.0,300.0,0,0,LIMT
2011-03-03,305.0,305.0,305.0,305.0,5100,1,LIMT
2011-03-03,300.0,300.0,300.0,300.0,0,0,LIMT
2011-03-04,305.0,305.0,305.0,305.0,5100,1,LIMT
2011-03-04,300.0,300.0,300.0,300.0,0,0,LIMT
2011-03-07,300.0,300.0,300.0,300.0,0,0,LIMT
2011-03-07,305.0,305.0,305.0,305.0,5100,1,LIMT
2011-03-08,300.0,318.0,300.0,318.0,0,0,LIMT
2011-03-09,300.0,318.0,318.0,318.0,0,1,LIMT
2011-03-09,318.0,318.0,318.0,318.0,0,0,LIMT
2011-03-10,318.0,318.0,312.0,312.0,0,0,LIMT
2011-03-11,312.0,356.0,312.0,356.0,0,0,LIMT
2011-03-14,356.0,305.0,305.0,305.0,0,1,LIMT
2011-03-14,356.0,356.0,356.0,356.0,0,0,LIMT
2011-03-15,305.0,305.0,305.0,305.0,0,1,LIMT
2011-03-15,356.0,356.0,356.0,356.0,0,0,LIMT
2011-03-16,356.0,356.0,356.0,356.0,0,0,LIMT
2011-03-16,305.0,305.0,305.0,305.0,0,1,LIMT
2011-03-17,305.0,305.0,305.0,305.0,0,1,LIMT
2011-03-17,356.0,356.0,356.0,356.0,0,0,LIMT
2011-03-18,356.0,356.0,356.0,356.0,0,0,LIMT
2011-03-18,305.0,305.0,305.0,305.0,0,1,LIMT
2011-03-21,356.0,356.0,356.0,356.0,0,0,LIMT
2011-03-21,305.0,305.0,305.0,305.0,0,1,LIMT
2011-03-22,305.0,305.0,305.0,305.0,0,1,LIMT
2011-03-22,356.0,356.0,356.0,356.0,0,0,LIMT
2011-03-23,305.0,305.0,305.0,305.0,0,1,LIMT
2011-03-23,356.0,356.0,356.0,356.0,0,0,LIMT
2011-03-24,305.0,305.0,305.0,305.0,0,1,LIMT
2011-03-24,356.0,356.0,356.0,356.0,0,0,LIMT
2011-03-25,305.0,305.0,305.0,305.0,0,1,LIMT
2011-03-25,356.0,356.0,356.0,356.0,0,0,LIMT
2011-03-28,305.0,305.0,305.0,305.0,0,1,LIMT
2011-03-28,356.0,356.0,356.0,356.0,0,0,LIMT
2011-03-29,356.0,356.0,356.0,356.0,0,0,LIMT
2011-03-29,305.0,305.0,305.0,305.0,0,1,LIMT
2011-03-30,305.0,300.0,300.0,300.0,200,1,LIMT
2011-03-30,356.0,356.0,356.0,356.0,0,0,LIMT
2011-03-31,300.0,300.0,300.0,300.0,0,1,LIMT
2011-03-31,356.0,356.0,356.0,356.0,0,0,LIMT
2011-04-01,356.0,356.0,356.0,356.0,0,0,LIMT
2011-04-01,300.0,300.0,300.0,300.0,0,1,LIMT
2011-04-04,305.0,300.0,300.0,300.0,0,1,LIMT
2011-04-04,356.0,356.0,356.0,356.0,0,0,LIMT
2011-04-05,300.0,300.0,300.0,300.0,0,1,LIMT
2011-04-05,356.0,356.0,356.0,356.0,0,0,LIMT
2011-04-06,300.0,300.0,300.0,300.0,0,1,LIMT
2011-04-06,356.0,356.0,356.0,356.0,0,0,LIMT
2011-04-07,300.0,300.0,290.0,299.0,5000,0,LIMT
2011-04-08,299.0,318.0,299.0,318.0,0,0,LIMT
2011-04-11,312.0,356.0,312.0,356.0,0,0,LIMT
2011-04-12,312.0,356.0,356.0,356.0,0,1,LIMT
2011-04-12,356.0,356.0,356.0,356.0,0,0,LIMT
2011-04-13,356.0,300.0,300.0,300.0,0,1,LIMT
2011-04-13,356.0,356.0,356.0,356.0,0,0,LIMT
2011-04-14,300.0,300.0,300.0,300.0,0,1,LIMT
2011-04-14,356.0,356.0,356.0,356.0,0,0,LIMT
2011-04-15,356.0,356.0,356.0,356.0,0,0,LIMT
2011-04-15,300.0,300.0,300.0,300.0,0,1,LIMT
2011-04-18,356.0,356.0,356.0,356.0,0,0,LIMT
2011-04-18,300.0,300.0,300.0,300.0,200,1,LIMT
2011-04-19,356.0,356.0,356.0,356.0,0,0,LIMT
2011-04-19,300.0,300.0,300.0,300.0,0,1,LIMT
2011-04-20,356.0,356.0,356.0,356.0,0,0,LIMT
2011-04-20,300.0,300.0,300.0,300.0,0,1,LIMT
2011-04-21,356.0,356.0,356.0,356.0,0,0,LIMT
2011-04-21,300.0,300.0,300.0,300.0,100,1,LIMT
2011-04-22,356.0,356.0,356.0,356.0,0,0,LIMT
2011-04-22,300.0,300.0,300.0,300.0,100,1,LIMT
2011-04-25,300.0,300.0,300.0,300.0,100,1,LIMT
2011-04-25,356.0,356.0,356.0,356.0,0,0,LIMT
2011-04-26,356.0,356.0,356.0,356.0,0,0,LIMT
2011-04-26,300.0,300.0,300.0,300.0,0,1,LIMT
2011-04-27,300.0,300.0,300.0,300.0,0,1,LIMT
2011-04-27,356.0,356.0,356.0,356.0,0,0,LIMT
2011-04-28,356.0,356.0,356.0,356.0,0,0,LIMT
2011-04-28,300.0,300.0,300.0,300.0,0,1,LIMT
2011-04-29,300.0,300.0,300.0,300.0,0,1,LIMT
2011-04-29,356.0,356.0,356.0,356.0,0,0,LIMT
2011-05-02,300.0,300.0,300.0,300.0,0,1,LIMT
2011-05-02,356.0,356.0,356.0,356.0,0,0,LIMT
2011-05-03,300.0,300.0,300.0,300.0,0,1,LIMT
2011-05-03,356.0,356.0,356.0,356.0,0,0,LIMT
2011-05-04,300.0,300.0,300.0,300.0,0,1,LIMT
2011-05-04,356.0,356.0,356.0,356.0,0,0,LIMT
2011-05-05,300.0,300.0,300.0,300.0,0,1,LIMT
2011-05-05,356.0,356.0,356.0,356.0,0,0,LIMT
2011-05-06,300.0,300.0,300.0,300.0,0,1,LIMT
2011-05-06,356.0,356.0,356.0,356.0,0,0,LIMT
2011-05-09,318.0,318.0,311.0,311.0,0,0,LIMT
2011-05-10,311.0,312.0,311.0,312.0,0,0,LIMT
2011-05-11,311.0,312.0,312.0,312.0,0,1,LIMT
2011-05-11,312.0,312.0,312.0,312.0,0,0,LIMT
2011-05-12,312.0,350.0,312.0,340.0,6400,0,LIMT
2011-05-13,340.0,340.0,340.0,340.0,0,0,LIMT
2011-05-13,340.0,300.0,300.0,300.0,0,1,LIMT
2011-05-16,300.0,300.0,300.0,300.0,0,1,LIMT
2011-05-16,340.0,340.0,340.0,340.0,0,0,LIMT
2011-05-17,340.0,340.0,340.0,340.0,0,0,LIMT
2011-05-17,300.0,300.0,300.0,300.0,0,1,LIMT
2011-05-18,340.0,340.0,340.0,340.0,0,0,LIMT
2011-05-18,300.0,300.0,300.0,300.0,0,1,LIMT
2011-05-19,340.0,340.0,340.0,340.0,0,0,LIMT
2011-05-19,300.0,300.0,300.0,300.0,0,1,LIMT
2011-05-20,340.0,340.0,340.0,340.0,0,0,LIMT
2011-05-20,300.0,300.0,300.0,300.0,0,1,LIMT
2011-05-23,300.0,300.0,300.0,300.0,100,1,LIMT
2011-05-23,340.0,340.0,340.0,340.0,0,0,LIMT
2011-05-24,340.0,340.0,340.0,340.0,0,0,LIMT
2011-05-24,300.0,300.0,300.0,300.0,0,1,LIMT
2011-05-25,340.0,340.0,340.0,340.0,0,0,LIMT
2011-05-25,300.0,300.0,300.0,300.0,0,1,LIMT
2011-05-26,340.0,340.0,340.0,340.0,0,0,LIMT
2011-05-26,300.0,300.0,300.0,300.0,0,1,LIMT
2011-05-27,300.0,300.0,300.0,300.0,0,1,LIMT
2011-05-27,340.0,340.0,340.0,340.0,0,0,LIMT
2011-05-30,340.0,340.0,340.0,340.0,0,0,LIMT
2011-05-30,300.0,300.0,300.0,300.0,0,1,LIMT
2011-05-31,340.0,340.0,340.0,340.0,0,0,LIMT
2011-05-31,300.0,300.0,300.0,300.0,0,1,LIMT
2011-06-01,340.0,340.0,340.0,340.0,0,0,LIMT
2011-06-01,300.0,300.0,300.0,300.0,0,1,LIMT
2011-06-02,340.0,340.0,340.0,340.0,0,0,LIMT
2011-06-02,300.0,300.0,300.0,300.0,0,1,LIMT
2011-06-03,340.0,340.0,340.0,340.0,0,0,LIMT
2011-06-03,300.0,300.0,300.0,300.0,0,1,LIMT
2011-06-06,300.0,300.0,300.0,300.0,0,1,LIMT
2011-06-06,340.0,340.0,340.0,340.0,0,0,LIMT
2011-06-07,300.0,300.0,299.0,299.0,0,0,LIMT
2011-06-08,299.0,299.0,299.0,299.0,0,0,LIMT
2011-06-08,300.0,299.0,299.0,299.0,0,1,LIMT
2011-06-09,299.0,311.0,299.0,311.0,0,0,LIMT
2011-06-10,311.0,312.0,311.0,312.0,0,0,LIMT
2011-06-13,340.0,340.0,320.0,320.0,0,0,LIMT
2011-06-14,320.0,320.0,320.0,320.0,200,0,LIMT
2011-06-15,320.0,305.0,305.0,305.0,100,1,LIMT
2011-06-15,320.0,320.0,320.0,320.0,0,0,LIMT
2011-06-16,305.0,305.0,305.0,305.0,0,1,LIMT
2011-06-16,320.0,320.0,320.0,320.0,0,0,LIMT
2011-06-17,305.0,305.0,305.0,305.0,0,1,LIMT
2011-06-17,320.0,320.0,320.0,320.0,0,0,LIMT
2011-06-20,320.0,320.0,320.0,320.0,0,0,LIMT
2011-06-20,305.0,305.0,305.0,305.0,0,1,LIMT
2011-06-21,305.0,305.0,305.0,305.0,0,1,LIMT
2011-06-21,320.0,320.0,320.0,320.0,0,0,LIMT
2011-06-22,320.0,320.0,320.0,320.0,0,0,LIMT
2011-06-22,305.0,305.0,305.0,305.0,0,1,LIMT
2011-06-23,305.0,300.0,300.0,300.0,500,1,LIMT
2011-06-23,320.0,320.0,320.0,320.0,0,0,LIMT
2011-06-24,300.0,300.0,300.0,300.0,0,1,LIMT
2011-06-24,320.0,320.0,320.0,320.0,0,0,LIMT
2011-06-27,300.0,300.0,300.0,300.0,0,1,LIMT
2011-06-27,320.0,320.0,320.0,320.0,0,0,LIMT
2011-06-28,300.0,300.0,300.0,300.0,0,1,LIMT
2011-06-28,320.0,320.0,320.0,320.0,0,0,LIMT
2011-06-29,320.0,320.0,320.0,320.0,0,0,LIMT
2011-06-29,300.0,300.0,300.0,300.0,0,1,LIMT
2011-06-30,320.0,320.0,320.0,320.0,0,0,LIMT
2011-06-30,300.0,300.0,300.0,300.0,0,1,LIMT
2011-07-01,320.0,320.0,320.0,320.0,0,0,LIMT
2011-07-01,300.0,300.0,300.0,300.0,0,1,LIMT
2011-07-04,305.0,300.0,300.0,300.0,0,1,LIMT
2011-07-04,320.0,320.0,320.0,320.0,0,0,LIMT
2011-07-05,305.0,300.0,300.0,300.0,0,1,LIMT
2011-07-05,320.0,320.0,320.0,320.0,0,0,LIMT
2011-07-06,300.0,300.0,300.0,300.0,0,1,LIMT
2011-07-06,320.0,320.0,320.0,320.0,0,0,LIMT
2011-07-07,300.0,300.0,299.0,299.0,0,0,LIMT
2011-07-08,299.0,299.0,299.0,299.0,0,0,LIMT
2011-07-08,300.0,299.0,299.0,299.0,0,1,LIMT
2011-07-11,312.0,356.0,312.0,356.0,0,0,LIMT
2011-07-12,356.0,356.0,340.0,340.0,0,0,LIMT
2011-07-13,340.0,340.0,340.0,340.0,0,0,LIMT
2011-07-13,340.0,300.0,300.0,300.0,0,1,LIMT
2011-07-14,340.0,340.0,340.0,340.0,0,0,LIMT
2011-07-14,300.0,300.0,300.0,300.0,0,1,LIMT
2011-07-15,340.0,340.0,340.0,340.0,0,0,LIMT
2011-07-15,300.0,300.0,300.0,300.0,0,1,LIMT
2011-07-18,340.0,340.0,340.0,340.0,0,0,LIMT
2011-07-18,300.0,300.0,300.0,300.0,0,1,LIMT
2011-07-19,300.0,300.0,300.0,300.0,100,1,LIMT
2011-07-19,340.0,340.0,340.0,340.0,0,0,LIMT
2011-07-20,340.0,340.0,340.0,340.0,0,0,LIMT
2011-07-20,300.0,300.0,300.0,300.0,0,1,LIMT
2011-07-21,340.0,340.0,340.0,340.0,0,0,LIMT
2011-07-21,300.0,300.0,300.0,300.0,0,1,LIMT
2011-07-22,340.0,340.0,340.0,340.0,0,0,LIMT
2011-07-22,300.0,300.0,300.0,300.0,0,1,LIMT
2011-07-25,340.0,340.0,340.0,340.0,0,0,LIMT
2011-07-25,300.0,300.0,300.0,300.0,0,1,LIMT
2011-07-26,340.0,340.0,340.0,340.0,0,0,LIMT
2011-07-26,300.0,300.0,300.0,300.0,0,1,LIMT
2011-07-27,300.0,300.0,300.0,300.0,0,1,LIMT
2011-07-27,340.0,340.0,340.0,340.0,0,0,LIMT
2011-07-28,340.0,340.0,340.0,340.0,0,0,LIMT
2011-07-28,300.0,300.0,300.0,300.0,100,1,LIMT
2011-07-29,300.0,319.0,300.0,319.0,400,0,LIMT
2011-08-01,300.0,319.0,319.0,319.0,400,1,LIMT
2011-08-01,319.0,319.0,319.0,319.0,0,0,LIMT
2011-08-02,319.0,319.0,305.0,305.0,0,0,LIMT
2011-08-03,305.0,305.0,305.0,305.0,0,0,LIMT
2011-08-04,305.0,305.0,300.0,300.0,0,0,LIMT
2011-08-05,305.0,300.0,300.0,300.0,0,1,LIMT
2011-08-05,300.0,300.0,300.0,300.0,0,0,LIMT
2011-08-08,300.0,319.0,300.0,317.0,200,0,LIMT
2011-08-09,317.0,311.0,311.0,311.0,0,1,LIMT
2011-08-09,317.0,317.0,317.0,317.0,0,0,LIMT
2011-08-10,317.0,311.0,311.0,311.0,0,1,LIMT
2011-08-10,317.0,317.0,317.0,317.0,0,0,LIMT
2011-08-11,317.0,311.0,311.0,311.0,0,1,LIMT
2011-08-11,317.0,317.0,317.0,317.0,0,0,LIMT
2011-08-12,311.0,340.0,311.0,340.0,0,0,LIMT
2011-08-15,340.0,340.0,317.0,317.0,0,0,LIMT
2011-08-16,317.0,315.0,315.0,315.0,600,1,LIMT
2011-08-16,317.0,317.0,317.0,317.0,0,0,LIMT
2011-08-17,315.0,315.0,315.0,315.0,200,0,LIMT
2011-08-18,315.0,315.0,315.0,315.0,0,0,LIMT
2011-08-18,315.0,315.0,315.0,315.0,0,1,LIMT
2011-08-19,315.0,315.0,314.0,314.0,13500,0,LIMT
2011-08-22,314.0,314.0,314.0,314.0,0,0,LIMT
2011-08-22,314.0,312.0,312.0,312.0,7400,1,LIMT
2011-08-23,314.0,314.0,314.0,314.0,0,0,LIMT
2011-08-23,312.0,312.0,312.0,312.0,0,1,LIMT
2011-08-24,314.0,314.0,314.0,314.0,0,0,LIMT
2011-08-24,312.0,312.0,312.0,312.0,0,1,LIMT
2011-08-25,314.0,314.0,314.0,314.0,0,0,LIMT
2011-08-25,312.0,312.0,312.0,312.0,0,1,LIMT
2011-08-26,314.0,314.0,314.0,314.0,0,0,LIMT
2011-08-26,312.0,308.0,308.0,308.0,100,1,LIMT
2011-08-29,314.0,314.0,314.0,314.0,0,0,LIMT
2011-08-29,308.0,308.0,308.0,308.0,0,1,LIMT
2011-08-30,308.0,308.0,308.0,308.0,0,1,LIMT
2011-08-30,314.0,314.0,314.0,314.0,0,0,LIMT
2011-08-31,308.0,308.0,308.0,308.0,0,1,LIMT
2011-08-31,314.0,314.0,314.0,314.0,0,0,LIMT
2011-09-01,308.0,308.0,308.0,308.0,0,1,LIMT
2011-09-01,314.0,314.0,314.0,314.0,0,0,LIMT
2011-09-02,308.0,308.0,305.0,305.0,0,0,LIMT
2011-09-05,305.0,305.0,305.0,305.0,0,0,LIMT
2011-09-05,305.0,300.0,300.0,300.0,0,1,LIMT
2011-09-06,300.0,300.0,300.0,300.0,0,0,LIMT
2011-09-07,300.0,300.0,300.0,300.0,0,1,LIMT
2011-09-07,300.0,300.0,300.0,300.0,0,0,LIMT
2011-09-08,300.0,317.0,300.0,317.0,0,0,LIMT
2011-09-09,317.0,317.0,311.0,311.0,0,0,LIMT
2011-09-12,356.0,356.0,340.0,340.0,0,0,LIMT
2011-09-13,340.0,311.0,311.0,311.0,0,1,LIMT
2011-09-13,340.0,340.0,340.0,340.0,0,0,LIMT
2011-09-14,340.0,340.0,340.0,340.0,0,0,LIMT
2011-09-14,311.0,311.0,311.0,311.0,0,1,LIMT
2011-09-15,311.0,311.0,311.0,311.0,0,1,LIMT
2011-09-15,340.0,340.0,340.0,340.0,0,0,LIMT
2011-09-16,340.0,340.0,340.0,340.0,0,0,LIMT
2011-09-16,311.0,311.0,311.0,311.0,0,1,LIMT
2011-09-19,340.0,340.0,340.0,340.0,0,0,LIMT
2011-09-19,311.0,311.0,311.0,311.0,0,1,LIMT
2011-09-20,340.0,340.0,340.0,340.0,0,0,LIMT
2011-09-20,311.0,311.0,311.0,311.0,0,1,LIMT
2011-09-21,311.0,312.0,312.0,312.0,26800,1,LIMT
2011-09-21,340.0,340.0,340.0,340.0,0,0,LIMT
2011-09-22,340.0,340.0,340.0,340.0,0,0,LIMT
2011-09-22,312.0,312.0,312.0,312.0,0,1,LIMT
2011-09-23,312.0,312.0,312.0,312.0,0,1,LIMT
2011-09-23,340.0,340.0,340.0,340.0,0,0,LIMT
2011-09-26,340.0,340.0,340.0,340.0,0,0,LIMT
2011-09-26,312.0,312.0,312.0,312.0,0,1,LIMT
2011-09-27,312.0,312.0,312.0,312.0,0,1,LIMT
2011-09-27,340.0,340.0,340.0,340.0,0,0,LIMT
2011-09-28,340.0,340.0,340.0,340.0,0,0,LIMT
2011-09-28,312.0,312.0,312.0,312.0,0,1,LIMT
2011-09-29,340.0,340.0,340.0,340.0,0,0,LIMT
2011-09-29,312.0,312.0,312.0,312.0,0,1,LIMT
2011-09-30,340.0,340.0,340.0,340.0,0,0,LIMT
2011-09-30,312.0,312.0,312.0,312.0,0,1,LIMT
2011-10-03,305.0,305.0,305.0,305.0,0,0,LIMT
2011-10-04,305.0,305.0,305.0,305.0,0,1,LIMT
2011-10-04,305.0,305.0,305.0,305.0,0,0,LIMT
2011-10-05,305.0,305.0,300.0,300.0,0,0,LIMT
2011-10-06,300.0,320.0,300.0,320.0,100,0,LIMT
2011-10-07,300.0,320.0,320.0,320.0,100,1,LIMT
2011-10-07,320.0,320.0,320.0,320.0,0,0,LIMT
2011-10-10,317.0,317.0,312.0,312.0,0,0,LIMT
2011-10-11,312.0,356.0,312.0,356.0,0,0,LIMT
2011-10-12,312.0,356.0,356.0,356.0,0,1,LIMT
2011-10-12,356.0,356.0,356.0,356.0,0,0,LIMT
2011-10-13,356.0,312.0,312.0,312.0,0,1,LIMT
2011-10-13,356.0,356.0,356.0,356.0,0,0,LIMT
2011-10-14,312.0,312.0,312.0,312.0,1000,0,LIMT
2011-10-17,312.0,312.0,312.0,312.0,0,0,LIMT
2011-10-17,312.0,312.0,312.0,312.0,0,1,LIMT
2011-10-18,312.0,315.0,315.0,315.0,100,1,LIMT
2011-10-18,312.0,312.0,312.0,312.0,0,0,LIMT
2011-10-19,315.0,315.0,315.0,315.0,0,1,LIMT
2011-10-19,312.0,312.0,312.0,312.0,0,0,LIMT
2011-10-20,315.0,315.0,315.0,315.0,0,1,LIMT
2011-10-20,312.0,312.0,312.0,312.0,0,0,LIMT
2011-10-21,315.0,315.0,315.0,315.0,0,1,LIMT
2011-10-21,312.0,312.0,312.0,312.0,0,0,LIMT
2011-10-24,315.0,315.0,315.0,315.0,0,1,LIMT
2011-10-24,312.0,312.0,312.0,312.0,0,0,LIMT
2011-10-25,315.0,315.0,315.0,315.0,0,1,LIMT
2011-10-25,312.0,312.0,312.0,312.0,0,0,LIMT
2011-10-26,315.0,340.0,315.0,340.0,100,0,LIMT
2011-10-27,340.0,340.0,340.0,340.0,0,0,LIMT
2011-10-28,340.0,356.0,340.0,356.0,100,0,LIMT
2011-10-31,356.0,356.0,356.0,356.0,0,0,LIMT
2011-11-01,356.0,356.0,300.0,300.0,0,0,LIMT
2011-11-02,300.0,305.0,300.0,305.0,0,0,LIMT
2011-11-03,305.0,305.0,305.0,305.0,100,0,LIMT
2011-11-04,305.0,305.0,300.0,300.0,0,0,LIMT
2011-11-07,300.0,300.0,300.0,300.0,19700,0,LIMT
2011-11-08,300.0,317.0,300.0,317.0,0,0,LIMT
2011-11-09,317.0,317.0,317.0,317.0,0,0,LIMT
2011-11-09,300.0,317.0,317.0,317.0,0,1,LIMT
2011-11-10,317.0,317.0,312.0,312.0,0,0,LIMT
2011-11-11,312.0,312.0,312.0,312.0,0,0,LIMT
2011-11-11,312.0,356.0,356.0,356.0,0,1,LIMT
2011-11-14,356.0,356.0,356.0,356.0,0,1,LIMT
2011-11-14,312.0,312.0,312.0,312.0,0,0,LIMT
2011-11-15,356.0,356.0,356.0,356.0,0,1,LIMT
2011-11-15,312.0,312.0,312.0,312.0,0,0,LIMT
2011-11-16,356.0,356.0,356.0,356.0,0,1,LIMT
2011-11-16,312.0,312.0,312.0,312.0,0,0,LIMT
2011-11-17,356.0,356.0,356.0,356.0,0,1,LIMT
2011-11-17,312.0,312.0,312.0,312.0,0,0,LIMT
2011-11-18,356.0,356.0,356.0,356.0,0,1,LIMT
2011-11-18,312.0,312.0,312.0,312.0,0,0,LIMT
2011-11-21,356.0,356.0,356.0,356.0,0,1,LIMT
2011-11-21,312.0,312.0,312.0,312.0,0,0,LIMT
2011-11-22,356.0,356.0,356.0,356.0,0,1,LIMT
2011-11-22,312.0,312.0,312.0,312.0,0,0,LIMT
2011-11-23,312.0,312.0,312.0,312.0,0,0,LIMT
2011-11-23,356.0,356.0,356.0,356.0,0,1,LIMT
2011-11-24,356.0,356.0,356.0,356.0,0,1,LIMT
2011-11-24,312.0,312.0,312.0,312.0,0,0,LIMT
2011-11-25,312.0,312.0,312.0,312.0,0,0,LIMT
2011-11-25,356.0,356.0,356.0,356.0,0,1,LIMT
2011-11-28,312.0,312.0,312.0,312.0,0,0,LIMT
2011-11-28,356.0,356.0,356.0,356.0,0,1,LIMT
2011-11-29,312.0,312.0,312.0,312.0,0,0,LIMT
2011-11-29,356.0,356.0,356.0,356.0,0,1,LIMT
2011-11-30,312.0,312.0,312.0,312.0,0,0,LIMT
2011-11-30,356.0,356.0,356.0,356.0,0,1,LIMT
2011-12-01,356.0,300.0,300.0,300.0,0,1,LIMT
2011-12-01,312.0,312.0,312.0,312.0,0,0,LIMT
2011-12-02,356.0,300.0,300.0,300.0,0,1,LIMT
2011-12-02,312.0,312.0,312.0,312.0,0,0,LIMT
2011-12-05,300.0,300.0,300.0,300.0,0,1,LIMT
2011-12-05,312.0,312.0,312.0,312.0,0,0,LIMT
2011-12-06,300.0,300.0,300.0,300.0,0,1,LIMT
2011-12-06,312.0,312.0,312.0,312.0,0,0,LIMT
2011-12-07,300.0,300.0,300.0,300.0,2300,1,LIMT
2011-12-07,312.0,312.0,312.0,312.0,0,0,LIMT
2011-12-08,300.0,317.0,300.0,317.0,0,0,LIMT
2011-12-09,317.0,317.0,311.0,311.0,0,0,LIMT
2011-12-12,317.0,311.0,311.0,311.0,0,1,LIMT
2011-12-12,311.0,311.0,311.0,311.0,0,0,LIMT
2011-12-13,312.0,340.0,340.0,340.0,0,1,LIMT
2011-12-13,311.0,311.0,311.0,311.0,0,0,LIMT
2011-12-14,311.0,311.0,311.0,311.0,0,0,LIMT
2011-12-14,340.0,340.0,340.0,340.0,0,1,LIMT
2011-12-15,340.0,340.0,340.0,340.0,0,1,LIMT
2011-12-15,311.0,311.0,311.0,311.0,0,0,LIMT
2011-12-16,340.0,340.0,340.0,340.0,0,1,LIMT
2011-12-16,311.0,311.0,311.0,311.0,0,0,LIMT
2011-12-19,340.0,340.0,340.0,340.0,0,1,LIMT
2011-12-19,311.0,311.0,311.0,311.0,0,0,LIMT
2011-12-20,340.0,340.0,340.0,340.0,400,1,LIMT
2011-12-20,311.0,311.0,311.0,311.0,0,0,LIMT
2011-12-21,340.0,340.0,340.0,340.0,0,1,LIMT
2011-12-21,311.0,311.0,311.0,311.0,0,0,LIMT
2011-12-22,311.0,311.0,311.0,311.0,0,0,LIMT
2011-12-22,340.0,340.0,340.0,340.0,0,1,LIMT
2011-12-23,340.0,340.0,340.0,340.0,0,1,LIMT
2011-12-23,311.0,311.0,311.0,311.0,0,0,LIMT
2011-12-26,340.0,340.0,340.0,340.0,0,1,LIMT
2011-12-26,311.0,311.0,311.0,311.0,0,0,LIMT
2011-12-27,340.0,340.0,340.0,340.0,0,1,LIMT
2011-12-27,311.0,311.0,311.0,311.0,0,0,LIMT
2011-12-28,311.0,311.0,311.0,311.0,0,0,LIMT
2011-12-28,340.0,335.0,335.0,335.0,12500,1,LIMT
2011-12-29,335.0,335.0,335.0,335.0,0,1,LIMT
2011-12-29,311.0,311.0,311.0,311.0,0,0,LIMT
2011-12-30,335.0,335.0,335.0,335.0,0,1,LIMT
2011-12-30,311.0,311.0,311.0,311.0,0,0,LIMT
2012-01-02,335.0,335.0,335.0,335.0,0,1,LIMT
2012-01-02,311.0,311.0,311.0,311.0,0,0,LIMT
2012-01-03,335.0,400.0,400.0,400.0,0,1,LIMT
2012-01-03,311.0,311.0,311.0,311.0,0,0,LIMT
2012-01-04,311.0,311.0,311.0,311.0,0,0,LIMT
2012-01-04,335.0,400.0,400.0,400.0,0,1,LIMT
2012-01-05,311.0,311.0,311.0,311.0,0,0,LIMT
2012-01-05,335.0,400.0,400.0,400.0,0,1,LIMT
2012-01-06,335.0,400.0,400.0,400.0,0,1,LIMT
2012-01-06,311.0,311.0,311.0,311.0,0,0,LIMT
2012-01-09,335.0,400.0,400.0,400.0,0,1,LIMT
2012-01-09,311.0,311.0,311.0,311.0,0,0,LIMT
2012-01-10,450.0,450.0,450.0,450.0,0,0,LIMT
2012-01-11,450.0,450.0,430.0,430.0,100,0,LIMT
2012-01-12,430.0,430.0,430.0,430.0,0,0,LIMT
2012-01-12,450.0,430.0,430.0,430.0,100,1,LIMT
2012-01-13,430.0,335.0,335.0,335.0,0,1,LIMT
2012-01-13,430.0,430.0,430.0,430.0,0,0,LIMT
2012-01-16,335.0,335.0,335.0,335.0,0,1,LIMT
2012-01-16,430.0,430.0,430.0,430.0,0,0,LIMT
2012-01-17,335.0,335.0,335.0,335.0,0,1,LIMT
2012-01-17,430.0,430.0,430.0,430.0,0,0,LIMT
2012-01-18,335.0,335.0,335.0,335.0,0,1,LIMT
2012-01-18,430.0,430.0,430.0,430.0,0,0,LIMT
2012-01-19,335.0,335.0,335.0,335.0,0,1,LIMT
2012-01-19,430.0,430.0,430.0,430.0,0,0,LIMT
2012-01-20,335.0,335.0,335.0,335.0,0,1,LIMT
2012-01-20,430.0,430.0,430.0,430.0,0,0,LIMT
2012-01-23,335.0,335.0,335.0,335.0,0,1,LIMT
2012-01-23,430.0,430.0,430.0,430.0,0,0,LIMT
2012-01-24,335.0,335.0,335.0,335.0,0,1,LIMT
2012-01-24,430.0,430.0,430.0,430.0,0,0,LIMT
2012-01-25,335.0,335.0,335.0,335.0,0,1,LIMT
2012-01-25,430.0,430.0,430.0,430.0,0,0,LIMT
2012-01-26,430.0,430.0,430.0,430.0,0,0,LIMT
2012-01-26,335.0,335.0,335.0,335.0,0,1,LIMT
2012-01-27,335.0,335.0,335.0,335.0,0,1,LIMT
2012-01-27,430.0,430.0,430.0,430.0,0,0,LIMT
2012-01-30,430.0,430.0,430.0,430.0,0,0,LIMT
2012-01-30,335.0,335.0,335.0,335.0,0,1,LIMT
2012-01-31,335.0,335.0,335.0,335.0,0,1,LIMT
2012-01-31,430.0,430.0,430.0,430.0,0,0,LIMT
2012-02-01,430.0,430.0,430.0,430.0,0,0,LIMT
2012-02-01,335.0,335.0,335.0,335.0,0,1,LIMT
2012-02-02,430.0,430.0,430.0,430.0,0,0,LIMT
2012-02-02,335.0,335.0,335.0,335.0,0,1,LIMT
2012-02-03,335.0,400.0,335.0,400.0,700,0,LIMT
2012-02-06,400.0,400.0,400.0,400.0,0,0,LIMT
2012-02-06,335.0,400.0,400.0,400.0,700,1,LIMT
2012-02-07,400.0,400.0,400.0,400.0,0,0,LIMT
2012-02-07,430.0,450.0,450.0,450.0,0,1,LIMT
2012-02-08,450.0,450.0,450.0,450.0,0,1,LIMT
2012-02-08,400.0,400.0,400.0,400.0,0,0,LIMT
2012-02-09,400.0,400.0,400.0,400.0,0,0,LIMT
2012-02-09,450.0,450.0,450.0,450.0,0,1,LIMT
2012-02-10,400.0,400.0,400.0,400.0,0,0,LIMT
2012-02-10,450.0,450.0,450.0,450.0,0,1,LIMT
2012-02-13,430.0,430.0,376.0,376.0,0,0,LIMT
2012-02-14,376.0,376.0,376.0,376.0,0,0,LIMT
2012-02-15,376.0,376.0,376.0,376.0,0,0,LIMT
2012-02-15,376.0,400.0,375.0,394.0,1300,1,LIMT
2012-02-16,376.0,376.0,376.0,376.0,0,0,LIMT
2012-02-16,394.0,394.0,394.0,394.0,0,1,LIMT
2012-02-17,376.0,376.0,376.0,376.0,0,0,LIMT
2012-02-17,394.0,394.0,394.0,394.0,0,1,LIMT
2012-02-20,394.0,394.0,394.0,394.0,0,1,LIMT
2012-02-20,376.0,376.0,376.0,376.0,0,0,LIMT
2012-02-21,376.0,376.0,376.0,376.0,0,0,LIMT
2012-02-21,394.0,394.0,394.0,394.0,0,1,LIMT
2012-02-22,376.0,376.0,376.0,376.0,0,0,LIMT
2012-02-22,394.0,394.0,394.0,394.0,0,1,LIMT
2012-02-23,376.0,376.0,376.0,376.0,0,0,LIMT
2012-02-23,394.0,394.0,394.0,394.0,0,1,LIMT
2012-02-24,376.0,376.0,376.0,376.0,0,0,LIMT
2012-02-24,394.0,394.0,394.0,394.0,0,1,LIMT
2012-02-27,376.0,376.0,376.0,376.0,0,0,LIMT
2012-02-27,394.0,400.0,400.0,400.0,100,1,LIMT
2012-02-28,400.0,400.0,400.0,400.0,0,0,LIMT
2012-02-29,400.0,400.0,400.0,400.0,0,1,LIMT
2012-02-29,400.0,400.0,400.0,400.0,0,0,LIMT
2012-03-01,400.0,400.0,335.0,335.0,0,0,LIMT
2012-03-02,335.0,335.0,335.0,335.0,0,0,LIMT
2012-03-05,400.0,400.0,400.0,400.0,800,0,LIMT
2012-03-06,400.0,400.0,400.0,400.0,0,0,LIMT
2012-03-06,400.0,400.0,400.0,400.0,800,1,LIMT
2012-03-07,400.0,400.0,400.0,400.0,0,0,LIMT
2012-03-07,400.0,450.0,450.0,450.0,0,1,LIMT
2012-03-08,450.0,450.0,450.0,450.0,0,0,LIMT
2012-03-09,450.0,450.0,450.0,450.0,0,1,LIMT
2012-03-09,450.0,450.0,450.0,450.0,0,0,LIMT
2012-03-12,450.0,450.0,430.0,430.0,0,0,LIMT
2012-03-13,430.0,400.0,400.0,400.0,0,1,LIMT
2012-03-13,430.0,430.0,430.0,430.0,0,0,LIMT
2012-03-14,400.0,400.0,400.0,400.0,0,1,LIMT
2012-03-14,430.0,430.0,430.0,430.0,0,0,LIMT
2012-03-15,400.0,400.0,400.0,400.0,0,1,LIMT
2012-03-15,430.0,430.0,430.0,430.0,0,0,LIMT
2012-03-16,430.0,430.0,430.0,430.0,0,0,LIMT
2012-03-16,400.0,400.0,400.0,400.0,100,1,LIMT
2012-03-19,430.0,430.0,430.0,430.0,0,0,LIMT
2012-03-19,400.0,400.0,400.0,400.0,0,1,LIMT
2012-03-20,430.0,430.0,430.0,430.0,0,0,LIMT
2012-03-20,400.0,400.0,400.0,400.0,0,1,LIMT
2012-03-21,400.0,400.0,400.0,400.0,0,1,LIMT
2012-03-21,430.0,430.0,430.0,430.0,0,0,LIMT
2012-03-22,400.0,400.0,400.0,400.0,0,1,LIMT
2012-03-22,430.0,430.0,430.0,430.0,0,0,LIMT
2012-03-23,400.0,400.0,400.0,400.0,0,1,LIMT
2012-03-23,430.0,430.0,430.0,430.0,0,0,LIMT
2012-03-26,400.0,400.0,400.0,400.0,0,1,LIMT
2012-03-26,430.0,430.0,430.0,430.0,0,0,LIMT
2012-03-27,400.0,410.0,400.0,403.0,800,0,LIMT
2012-03-28,403.0,403.0,403.0,403.0,0,0,LIMT
2012-03-28,403.0,400.0,400.0,400.0,200,1,LIMT
2012-03-29,400.0,400.0,400.0,400.0,0,1,LIMT
2012-03-29,403.0,403.0,403.0,403.0,0,0,LIMT
2012-03-30,400.0,400.0,400.0,400.0,100,1,LIMT
2012-03-30,403.0,403.0,403.0,403.0,0,0,LIMT
2012-04-02,403.0,403.0,403.0,403.0,0,0,LIMT
2012-04-02,400.0,400.0,400.0,400.0,100,1,LIMT
2012-04-03,400.0,400.0,400.0,400.0,100,1,LIMT
2012-04-03,403.0,403.0,403.0,403.0,0,0,LIMT
2012-04-04,335.0,400.0,400.0,400.0,0,1,LIMT
2012-04-04,403.0,403.0,403.0,403.0,0,0,LIMT
2012-04-05,400.0,400.0,400.0,400.0,500,1,LIMT
2012-04-05,403.0,403.0,403.0,403.0,0,0,LIMT
2012-04-06,400.0,465.0,400.0,465.0,0,0,LIMT
2012-04-09,450.0,450.0,450.0,450.0,0,1,LIMT
2012-04-09,465.0,465.0,465.0,465.0,0,0,LIMT
2012-04-10,450.0,450.0,450.0,450.0,0,0,LIMT
2012-04-11,450.0,450.0,450.0,450.0,0,0,LIMT
2012-04-11,450.0,450.0,450.0,450.0,0,1,LIMT
2012-04-12,450.0,450.0,430.0,430.0,0,0,LIMT
2012-04-13,430.0,430.0,400.0,400.0,0,0,LIMT
2012-04-16,400.0,400.0,400.0,400.0,0,0,LIMT
2012-04-17,400.0,400.0,400.0,400.0,0,0,LIMT
2012-04-17,400.0,430.0,430.0,430.0,100,1,LIMT
2012-04-18,430.0,430.0,430.0,430.0,0,1,LIMT
2012-04-18,400.0,400.0,400.0,400.0,0,0,LIMT
2012-04-19,430.0,430.0,430.0,430.0,0,1,LIMT
2012-04-19,400.0,400.0,400.0,400.0,0,0,LIMT
2012-04-20,430.0,430.0,430.0,430.0,0,1,LIMT
2012-04-20,400.0,400.0,400.0,400.0,0,0,LIMT
2012-04-23,400.0,400.0,400.0,400.0,0,0,LIMT
2012-04-23,430.0,430.0,430.0,430.0,100,1,LIMT
2012-04-24,400.0,400.0,400.0,400.0,0,0,LIMT
2012-04-24,430.0,430.0,430.0,430.0,100,1,LIMT
2012-04-25,400.0,400.0,400.0,400.0,0,0,LIMT
2012-04-25,430.0,430.0,430.0,430.0,0,1,LIMT
2012-04-26,430.0,430.0,430.0,430.0,0,1,LIMT
2012-04-26,400.0,400.0,400.0,400.0,0,0,LIMT
2012-04-27,400.0,400.0,400.0,400.0,0,0,LIMT
2012-04-27,430.0,430.0,430.0,430.0,0,1,LIMT
2012-04-30,400.0,400.0,400.0,400.0,0,0,LIMT
2012-04-30,430.0,430.0,430.0,430.0,0,1,LIMT
2012-05-01,430.0,430.0,335.0,335.0,0,0,LIMT
2012-05-02,335.0,335.0,335.0,335.0,0,0,LIMT
2012-05-02,430.0,335.0,335.0,335.0,0,1,LIMT
2012-05-03,335.0,400.0,335.0,400.0,0,0,LIMT
2012-05-04,400.0,400.0,400.0,400.0,0,0,LIMT
2012-05-07,400.0,400.0,400.0,400.0,0,0,LIMT
2012-05-07,465.0,450.0,450.0,450.0,0,1,LIMT
2012-05-08,465.0,450.0,450.0,450.0,0,1,LIMT
2012-05-08,400.0,400.0,400.0,400.0,0,0,LIMT
2012-05-09,400.0,400.0,400.0,400.0,0,0,LIMT
2012-05-09,450.0,450.0,450.0,450.0,0,1,LIMT
2012-05-10,400.0,400.0,400.0,400.0,0,0,LIMT
2012-05-10,450.0,450.0,450.0,450.0,0,1,LIMT
2012-05-11,450.0,450.0,430.0,430.0,0,0,LIMT
2012-05-14,430.0,430.0,430.0,430.0,0,0,LIMT
2012-05-14,430.0,410.0,410.0,410.0,0,1,LIMT
2012-05-15,430.0,430.0,430.0,430.0,0,0,LIMT
2012-05-15,410.0,410.0,410.0,410.0,0,1,LIMT
2012-05-16,430.0,430.0,430.0,430.0,0,0,LIMT
2012-05-16,410.0,410.0,410.0,410.0,1000,1,LIMT
2012-05-17,410.0,410.0,410.0,410.0,0,1,LIMT
2012-05-17,430.0,430.0,430.0,430.0,0,0,LIMT
2012-05-18,430.0,430.0,430.0,430.0,0,0,LIMT
2012-05-18,410.0,451.0,451.0,451.0,6000,1,LIMT
2012-05-21,451.0,451.0,451.0,451.0,0,1,LIMT
2012-05-21,430.0,430.0,430.0,430.0,0,0,LIMT
2012-05-22,430.0,430.0,430.0,430.0,0,0,LIMT
2012-05-22,451.0,451.0,451.0,451.0,0,1,LIMT
2012-05-23,451.0,451.0,451.0,451.0,0,1,LIMT
2012-05-23,430.0,430.0,430.0,430.0,0,0,LIMT
2012-05-24,430.0,430.0,430.0,430.0,0,0,LIMT
2012-05-24,451.0,455.0,455.0,455.0,1000,1,LIMT
2012-05-25,455.0,455.0,455.0,455.0,0,1,LIMT
2012-05-25,430.0,430.0,430.0,430.0,0,0,LIMT
2012-05-28,455.0,455.0,455.0,455.0,0,1,LIMT
2012-05-28,430.0,430.0,430.0,430.0,0,0,LIMT
2012-05-29,430.0,430.0,430.0,430.0,0,0,LIMT
2012-05-29,455.0,455.0,455.0,455.0,0,1,LIMT
2012-05-30,430.0,430.0,430.0,430.0,0,0,LIMT
2012-05-30,455.0,455.0,455.0,455.0,0,1,LIMT
2012-05-31,455.0,465.0,455.0,465.0,1000,0,LIMT
2012-06-01,465.0,335.0,335.0,335.0,0,1,LIMT
2012-06-01,465.0,465.0,465.0,465.0,0,0,LIMT
2012-06-04,465.0,335.0,335.0,335.0,0,1,LIMT
2012-06-04,465.0,465.0,465.0,465.0,0,0,LIMT
2012-06-05,465.0,465.0,465.0,465.0,0,0,LIMT
2012-06-05,465.0,335.0,335.0,335.0,0,1,LIMT
2012-06-06,400.0,465.0,400.0,465.0,0,0,LIMT
2012-06-07,465.0,465.0,450.0,450.0,0,0,LIMT
2012-06-08,450.0,450.0,450.0,450.0,0,0,LIMT
2012-06-11,450.0,450.0,430.0,430.0,0,0,LIMT
2012-06-12,430.0,430.0,430.0,430.0,0,0,LIMT
2012-06-13,430.0,430.0,430.0,430.0,0,0,LIMT
2012-06-13,430.0,500.0,500.0,500.0,0,1,LIMT
2012-06-14,430.0,430.0,430.0,430.0,0,0,LIMT
2012-06-14,500.0,500.0,500.0,500.0,100,1,LIMT
2012-06-15,430.0,430.0,430.0,430.0,0,0,LIMT
2012-06-15,500.0,500.0,500.0,500.0,0,1,LIMT
2012-06-18,500.0,500.0,500.0,500.0,0,1,LIMT
2012-06-18,430.0,430.0,430.0,430.0,0,0,LIMT
2012-06-19,500.0,500.0,460.0,460.0,200,0,LIMT
2012-06-20,460.0,450.0,450.0,450.0,7200,1,LIMT
2012-06-20,460.0,460.0,460.0,460.0,0,0,LIMT
2012-06-21,460.0,460.0,460.0,460.0,0,0,LIMT
2012-06-21,450.0,450.0,450.0,450.0,0,1,LIMT
2012-06-22,460.0,460.0,460.0,460.0,0,0,LIMT
2012-06-22,450.0,450.0,450.0,450.0,0,1,LIMT
2012-06-25,450.0,450.0,450.0,450.0,0,1,LIMT
2012-06-25,460.0,460.0,460.0,460.0,0,0,LIMT
2012-06-26,450.0,450.0,450.0,450.0,0,1,LIMT
2012-06-26,460.0,460.0,460.0,460.0,0,0,LIMT
2012-06-27,450.0,450.0,450.0,450.0,0,1,LIMT
2012-06-27,460.0,460.0,460.0,460.0,0,0,LIMT
2012-06-28,450.0,450.0,450.0,450.0,0,1,LIMT
2012-06-28,460.0,460.0,460.0,460.0,0,0,LIMT
2012-06-29,450.0,450.0,450.0,450.0,0,1,LIMT
2012-06-29,460.0,460.0,460.0,460.0,0,0,LIMT
2012-07-02,450.0,350.0,350.0,350.0,0,1,LIMT
2012-07-03,350.0,350.0,350.0,350.0,0,1,LIMT
2012-07-03,350.0,400.0,400.0,400.0,300,1,LIMT
2012-07-04,350.0,400.0,400.0,400.0,300,1,LIMT
2012-07-04,350.0,350.0,350.0,350.0,0,1,LIMT
2012-07-05,400.0,400.0,400.0,400.0,0,1,LIMT
2012-07-05,350.0,350.0,350.0,350.0,0,1,LIMT
2012-07-06,400.0,475.0,400.0,460.0,2400,0,LIMT
2012-07-09,450.0,450.0,450.0,450.0,0,0,LIMT
2012-07-10,450.0,450.0,450.0,450.0,0,1,LIMT
2012-07-10,450.0,450.0,450.0,450.0,0,0,LIMT
2012-07-11,450.0,450.0,430.0,430.0,0,0,LIMT
2012-07-12,430.0,430.0,430.0,430.0,0,0,LIMT
2012-07-13,430.0,430.0,430.0,430.0,0,0,LIMT
2012-07-13,430.0,450.0,450.0,450.0,0,1,LIMT
2012-07-16,450.0,450.0,450.0,450.0,300,1,LIMT
2012-07-16,430.0,430.0,430.0,430.0,0,0,LIMT
2012-07-17,430.0,430.0,430.0,430.0,0,0,LIMT
2012-07-17,450.0,450.0,450.0,450.0,1600,1,LIMT
2012-07-18,430.0,430.0,430.0,430.0,0,0,LIMT
2012-07-18,450.0,450.0,450.0,450.0,0,1,LIMT
2012-07-19,430.0,430.0,430.0,430.0,0,0,LIMT
2012-07-19,450.0,450.0,450.0,450.0,0,1,LIMT
2012-07-20,450.0,450.0,450.0,450.0,0,1,LIMT
2012-07-20,430.0,430.0,430.0,430.0,0,0,LIMT
2012-07-23,450.0,450.0,450.0,450.0,0,1,LIMT
2012-07-23,430.0,430.0,430.0,430.0,0,0,LIMT
2012-07-24,430.0,430.0,430.0,430.0,0,0,LIMT
2012-07-24,450.0,450.0,450.0,450.0,0,1,LIMT
2012-07-25,430.0,430.0,430.0,430.0,0,0,LIMT
2012-07-25,450.0,450.0,450.0,450.0,0,1,LIMT
2012-07-26,430.0,430.0,430.0,430.0,0,0,LIMT
2012-07-26,450.0,450.0,450.0,450.0,0,1,LIMT
2012-07-27,450.0,450.0,450.0,450.0,0,1,LIMT
2012-07-27,430.0,430.0,430.0,430.0,0,0,LIMT
2012-07-30,430.0,430.0,430.0,430.0,0,0,LIMT
2012-07-30,450.0,450.0,450.0,450.0,0,1,LIMT
2012-07-31,430.0,430.0,430.0,430.0,0,0,LIMT
2012-07-31,450.0,450.0,450.0,450.0,0,1,LIMT
2012-08-01,430.0,430.0,430.0,430.0,0,0,LIMT
2012-08-01,450.0,450.0,450.0,450.0,0,1,LIMT
2012-08-02,450.0,450.0,355.0,376.0,2200,0,LIMT
2012-08-03,376.0,400.0,376.0,400.0,0,0,LIMT
2012-08-06,410.0,460.0,410.0,460.0,0,0,LIMT
2012-08-07,460.0,460.0,460.0,460.0,0,0,LIMT
2012-08-07,410.0,460.0,460.0,460.0,0,1,LIMT
2012-08-08,460.0,450.0,450.0,450.0,0,1,LIMT
2012-08-08,460.0,460.0,460.0,460.0,0,0,LIMT
2012-08-09,460.0,450.0,450.0,450.0,0,1,LIMT
2012-08-09,460.0,460.0,460.0,460.0,0,0,LIMT
2012-08-10,450.0,450.0,450.0,450.0,0,1,LIMT
2012-08-10,460.0,460.0,460.0,460.0,0,0,LIMT
2012-08-13,430.0,450.0,450.0,450.0,0,1,LIMT
2012-08-13,460.0,460.0,460.0,460.0,0,0,LIMT
2012-08-14,450.0,450.0,450.0,450.0,0,1,LIMT
2012-08-14,460.0,460.0,460.0,460.0,0,0,LIMT
2012-08-15,450.0,450.0,450.0,450.0,0,1,LIMT
2012-08-15,460.0,460.0,460.0,460.0,0,0,LIMT
2012-08-16,460.0,460.0,460.0,460.0,0,0,LIMT
2012-08-16,450.0,450.0,450.0,450.0,0,1,LIMT
2012-08-17,460.0,460.0,460.0,460.0,0,0,LIMT
2012-08-17,450.0,450.0,450.0,450.0,0,1,LIMT
2012-08-20,450.0,450.0,450.0,450.0,0,1,LIMT
2012-08-20,460.0,460.0,460.0,460.0,0,0,LIMT
2012-08-21,450.0,450.0,450.0,450.0,0,1,LIMT
2012-08-21,460.0,460.0,460.0,460.0,0,0,LIMT
2012-08-22,450.0,450.0,450.0,450.0,0,1,LIMT
2012-08-22,460.0,460.0,460.0,460.0,0,0,LIMT
2012-08-23,460.0,460.0,460.0,460.0,0,0,LIMT
2012-08-23,450.0,450.0,450.0,450.0,0,1,LIMT
2012-08-24,460.0,460.0,460.0,460.0,0,0,LIMT
2012-08-24,450.0,450.0,450.0,450.0,0,1,LIMT
2012-08-27,450.0,450.0,450.0,450.0,0,1,LIMT
2012-08-27,460.0,460.0,460.0,460.0,0,0,LIMT
2012-08-28,460.0,460.0,460.0,460.0,0,0,LIMT
2012-08-28,450.0,450.0,450.0,450.0,0,1,LIMT
2012-08-29,450.0,450.0,450.0,450.0,0,1,LIMT
2012-08-29,460.0,460.0,460.0,460.0,0,0,LIMT
2012-08-30,460.0,460.0,460.0,460.0,0,0,LIMT
2012-08-30,450.0,450.0,450.0,450.0,0,1,LIMT
2012-08-31,460.0,460.0,460.0,460.0,0,0,LIMT
2012-08-31,450.0,450.0,450.0,450.0,0,1,LIMT
2012-09-03,376.0,400.0,376.0,400.0,0,0,LIMT
2012-09-04,400.0,400.0,400.0,400.0,0,0,LIMT
2012-09-04,376.0,400.0,400.0,400.0,0,1,LIMT
2012-09-05,400.0,410.0,400.0,410.0,100,0,LIMT
2012-09-06,400.0,410.0,410.0,410.0,100,1,LIMT
2012-09-06,410.0,410.0,410.0,410.0,0,0,LIMT
2012-09-07,410.0,450.0,410.0,450.0,0,0,LIMT
2012-09-10,450.0,450.0,450.0,450.0,2300,0,LIMT
2012-09-11,450.0,450.0,430.0,430.0,0,0,LIMT
2012-09-12,430.0,430.0,430.0,430.0,0,0,LIMT
2012-09-12,450.0,430.0,430.0,430.0,0,1,LIMT
2012-09-13,430.0,430.0,430.0,430.0,0,0,LIMT
2012-09-13,430.0,450.0,450.0,450.0,0,1,LIMT
2012-09-14,430.0,430.0,430.0,430.0,0,0,LIMT
2012-09-14,450.0,450.0,450.0,450.0,0,1,LIMT
2012-09-17,430.0,430.0,430.0,430.0,0,0,LIMT
2012-09-17,450.0,450.0,450.0,450.0,0,1,LIMT
2012-09-18,430.0,430.0,430.0,430.0,0,0,LIMT
2012-09-18,450.0,450.0,450.0,450.0,0,1,LIMT
2012-09-19,450.0,450.0,450.0,450.0,0,1,LIMT
2012-09-19,430.0,430.0,430.0,430.0,0,0,LIMT
2012-09-20,430.0,430.0,430.0,430.0,0,0,LIMT
2012-09-20,450.0,450.0,450.0,450.0,200,1,LIMT
2012-09-21,430.0,430.0,430.0,430.0,0,0,LIMT
2012-09-21,450.0,450.0,450.0,450.0,0,1,LIMT
2012-09-24,450.0,450.0,450.0,450.0,0,1,LIMT
2012-09-24,430.0,430.0,430.0,430.0,0,0,LIMT
2012-09-25,430.0,430.0,430.0,430.0,0,0,LIMT
2012-09-25,450.0,450.0,450.0,450.0,0,1,LIMT
2012-09-26,430.0,430.0,430.0,430.0,0,0,LIMT
2012-09-26,450.0,450.0,450.0,450.0,0,1,LIMT
2012-09-27,450.0,450.0,450.0,450.0,0,1,LIMT
2012-09-27,430.0,430.0,430.0,430.0,0,0,LIMT
2012-09-28,450.0,450.0,450.0,450.0,0,1,LIMT
2012-09-28,430.0,430.0,430.0,430.0,0,0,LIMT
2012-10-01,450.0,450.0,335.0,335.0,0,0,LIMT
2012-10-02,335.0,376.0,335.0,376.0,0,0,LIMT
2012-10-03,335.0,376.0,376.0,376.0,0,1,LIMT
2012-10-03,376.0,376.0,376.0,376.0,0,0,LIMT
2012-10-04,376.0,400.0,376.0,400.0,0,0,LIMT
2012-10-05,400.0,410.0,400.0,410.0,0,0,LIMT
2012-10-08,450.0,450.0,450.0,450.0,0,1,LIMT
2012-10-08,410.0,410.0,410.0,410.0,0,0,LIMT
2012-10-09,450.0,450.0,450.0,450.0,0,1,LIMT
2012-10-09,410.0,410.0,410.0,410.0,0,0,LIMT
2012-10-10,450.0,450.0,450.0,450.0,500,1,LIMT
2012-10-10,410.0,410.0,410.0,410.0,0,0,LIMT
2012-10-11,410.0,410.0,410.0,410.0,0,0,LIMT
2012-10-11,450.0,450.0,450.0,450.0,500,1,LIMT
2012-10-12,450.0,450.0,430.0,430.0,0,0,LIMT
2012-10-15,430.0,450.0,450.0,450.0,0,1,LIMT
2012-10-15,430.0,430.0,430.0,430.0,0,0,LIMT
2012-10-16,430.0,430.0,430.0,430.0,0,0,LIMT
2012-10-16,450.0,450.0,450.0,450.0,0,1,LIMT
2012-10-17,430.0,430.0,430.0,430.0,0,0,LIMT
2012-10-17,450.0,450.0,450.0,450.0,0,1,LIMT
2012-10-18,430.0,430.0,430.0,430.0,0,0,LIMT
2012-10-18,450.0,450.0,450.0,450.0,0,1,LIMT
2012-10-19,450.0,450.0,450.0,450.0,300,1,LIMT
2012-10-19,430.0,430.0,430.0,430.0,0,0,LIMT
2012-10-22,450.0,450.0,450.0,450.0,200,1,LIMT
2012-10-22,430.0,430.0,430.0,430.0,0,0,LIMT
2012-10-23,430.0,430.0,430.0,430.0,0,0,LIMT
2012-10-23,450.0,450.0,450.0,450.0,0,1,LIMT
2012-10-24,430.0,430.0,430.0,430.0,0,0,LIMT
2012-10-24,450.0,450.0,450.0,450.0,0,1,LIMT
2012-10-25,430.0,430.0,430.0,430.0,0,0,LIMT
2012-10-25,450.0,450.0,450.0,450.0,0,1,LIMT
2012-10-26,450.0,450.0,450.0,450.0,0,1,LIMT
2012-10-26,430.0,430.0,430.0,430.0,0,0,LIMT
2012-10-29,430.0,430.0,430.0,430.0,0,0,LIMT
2012-10-29,450.0,450.0,450.0,450.0,0,1,LIMT
2012-10-30,450.0,450.0,450.0,450.0,0,1,LIMT
2012-10-30,430.0,430.0,430.0,430.0,0,0,LIMT
2012-10-31,430.0,430.0,430.0,430.0,0,0,LIMT
2012-10-31,450.0,450.0,450.0,450.0,0,1,LIMT
2012-11-01,450.0,335.0,335.0,335.0,0,1,LIMT
2012-11-02,335.0,335.0,335.0,335.0,0,1,LIMT
2012-11-02,450.0,335.0,335.0,335.0,0,1,LIMT
2012-11-05,400.0,410.0,400.0,410.0,0,0,LIMT
2012-11-06,410.0,460.0,410.0,460.0,0,0,LIMT
2012-11-07,460.0,450.0,450.0,450.0,0,1,LIMT
2012-11-07,460.0,460.0,460.0,460.0,0,0,LIMT
2012-11-08,460.0,450.0,450.0,450.0,0,1,LIMT
2012-11-08,460.0,460.0,460.0,460.0,0,0,LIMT
2012-11-09,450.0,450.0,450.0,450.0,0,1,LIMT
2012-11-09,460.0,460.0,460.0,460.0,0,0,LIMT
2012-11-12,450.0,430.0,430.0,430.0,0,1,LIMT
2012-11-12,460.0,460.0,460.0,460.0,0,0,LIMT
2012-11-13,430.0,430.0,430.0,430.0,0,1,LIMT
2012-11-13,460.0,460.0,460.0,460.0,0,0,LIMT
2012-11-14,430.0,430.0,430.0,430.0,0,1,LIMT
2012-11-14,460.0,460.0,460.0,460.0,0,0,LIMT
2012-11-15,430.0,430.0,430.0,430.0,0,1,LIMT
2012-11-15,460.0,460.0,460.0,460.0,0,0,LIMT
2012-11-16,430.0,430.0,430.0,430.0,0,1,LIMT
2012-11-16,460.0,460.0,460.0,460.0,0,0,LIMT
2012-11-19,460.0,460.0,460.0,460.0,0,0,LIMT
2012-11-19,430.0,430.0,430.0,430.0,0,1,LIMT
2012-11-20,430.0,430.0,430.0,430.0,0,1,LIMT
2012-11-20,460.0,460.0,460.0,460.0,0,0,LIMT
2012-11-21,460.0,460.0,460.0,460.0,0,0,LIMT
2012-11-21,430.0,430.0,430.0,430.0,0,1,LIMT
2012-11-22,460.0,460.0,460.0,460.0,0,0,LIMT
2012-11-22,430.0,430.0,430.0,430.0,0,1,LIMT
2012-11-23,460.0,460.0,460.0,460.0,0,0,LIMT
2012-11-23,430.0,430.0,430.0,430.0,0,1,LIMT
2012-11-26,430.0,430.0,430.0,430.0,0,1,LIMT
2012-11-26,460.0,460.0,460.0,460.0,0,0,LIMT
2012-11-27,460.0,460.0,460.0,460.0,0,0,LIMT
2012-11-27,430.0,430.0,430.0,430.0,0,1,LIMT
2012-11-28,430.0,430.0,430.0,430.0,0,1,LIMT
2012-11-28,460.0,460.0,460.0,460.0,0,0,LIMT
2012-11-29,430.0,430.0,430.0,430.0,0,1,LIMT
2012-11-29,460.0,460.0,460.0,460.0,0,0,LIMT
2012-11-30,430.0,430.0,430.0,430.0,0,1,LIMT
2012-11-30,460.0,460.0,460.0,460.0,0,0,LIMT
2012-12-03,460.0,460.0,460.0,460.0,0,0,LIMT
2012-12-03,335.0,400.0,400.0,400.0,0,1,LIMT
2012-12-04,400.0,400.0,400.0,400.0,0,0,LIMT
2012-12-05,400.0,400.0,400.0,400.0,0,1,LIMT
2012-12-05,400.0,400.0,400.0,400.0,0,0,LIMT
2012-12-06,400.0,500.0,400.0,500.0,500,0,LIMT
2012-12-07,500.0,500.0,450.0,450.0,0,0,LIMT
2012-12-10,450.0,450.0,450.0,450.0,0,0,LIMT
2012-12-11,450.0,430.0,430.0,430.0,0,1,LIMT
2012-12-11,450.0,450.0,450.0,450.0,0,0,LIMT
2012-12-12,450.0,450.0,450.0,450.0,0,0,LIMT
2012-12-12,450.0,430.0,430.0,430.0,0,1,LIMT
2012-12-13,430.0,430.0,430.0,430.0,0,1,LIMT
2012-12-13,450.0,450.0,450.0,450.0,0,0,LIMT
2012-12-14,430.0,430.0,430.0,430.0,0,1,LIMT
2012-12-14,450.0,450.0,450.0,450.0,0,0,LIMT
2012-12-17,430.0,430.0,430.0,430.0,0,1,LIMT
2012-12-17,450.0,450.0,450.0,450.0,0,0,LIMT
2012-12-18,430.0,430.0,430.0,430.0,0,1,LIMT
2012-12-18,450.0,450.0,450.0,450.0,0,0,LIMT
2012-12-19,430.0,430.0,430.0,430.0,0,1,LIMT
2012-12-19,450.0,450.0,450.0,450.0,0,0,LIMT
2012-12-20,430.0,430.0,430.0,430.0,0,1,LIMT
2012-12-20,450.0,450.0,450.0,450.0,0,0,LIMT
2012-12-21,430.0,430.0,430.0,430.0,0,1,LIMT
2012-12-21,450.0,450.0,450.0,450.0,0,0,LIMT
2012-12-24,450.0,450.0,450.0,450.0,0,0,LIMT
2012-12-24,430.0,430.0,430.0,430.0,0,1,LIMT
2012-12-25,430.0,430.0,430.0,430.0,0,1,LIMT
2012-12-25,450.0,450.0,450.0,450.0,0,0,LIMT
2012-12-26,430.0,430.0,430.0,430.0,0,1,LIMT
2012-12-26,450.0,450.0,450.0,450.0,0,0,LIMT
2012-12-27,450.0,450.0,450.0,450.0,0,0,LIMT
2012-12-27,430.0,430.0,430.0,430.0,0,1,LIMT
2012-12-28,450.0,450.0,450.0,450.0,0,0,LIMT
2012-12-28,430.0,430.0,430.0,430.0,0,1,LIMT
2012-12-31,450.0,450.0,450.0,450.0,0,0,LIMT
2012-12-31,430.0,430.0,430.0,430.0,0,1,LIMT
2013-01-01,450.0,450.0,450.0,450.0,0,0,LIMT
2013-01-01,430.0,430.0,430.0,430.0,0,1,LIMT
2013-01-02,450.0,450.0,450.0,450.0,0,0,LIMT
2013-01-02,430.0,430.0,430.0,430.0,0,1,LIMT
2013-01-03,450.0,450.0,450.0,450.0,0,0,LIMT
2013-01-03,430.0,430.0,430.0,430.0,0,1,LIMT
2013-01-04,450.0,450.0,450.0,450.0,0,0,LIMT
2013-01-04,430.0,430.0,430.0,430.0,0,1,LIMT
2013-01-07,450.0,450.0,450.0,450.0,0,0,LIMT
2013-01-07,430.0,430.0,430.0,430.0,0,1,LIMT
2013-01-08,450.0,450.0,450.0,450.0,0,0,LIMT
2013-01-08,430.0,430.0,430.0,430.0,0,1,LIMT
2013-01-09,450.0,450.0,450.0,450.0,0,0,LIMT
2013-01-09,430.0,430.0,430.0,430.0,0,1,LIMT
2013-01-10,430.0,430.0,430.0,430.0,0,1,LIMT
2013-01-10,450.0,450.0,450.0,450.0,0,0,LIMT
2013-01-11,450.0,450.0,450.0,450.0,0,0,LIMT
2013-01-11,430.0,430.0,430.0,430.0,0,1,LIMT
2013-01-14,430.0,430.0,430.0,430.0,0,1,LIMT
2013-01-14,450.0,450.0,450.0,450.0,0,0,LIMT
2013-01-15,450.0,450.0,450.0,450.0,0,0,LIMT
2013-01-15,430.0,430.0,430.0,430.0,0,1,LIMT
2013-01-16,450.0,450.0,450.0,450.0,0,0,LIMT
2013-01-16,430.0,430.0,430.0,430.0,0,1,LIMT
2013-01-17,450.0,450.0,450.0,450.0,0,0,LIMT
2013-01-17,430.0,430.0,430.0,430.0,0,1,LIMT
2013-01-18,450.0,450.0,450.0,450.0,0,0,LIMT
2013-01-18,430.0,430.0,430.0,430.0,0,1,LIMT
2013-01-21,430.0,430.0,430.0,430.0,0,1,LIMT
2013-01-21,450.0,450.0,450.0,450.0,0,0,LIMT
2013-01-22,450.0,450.0,450.0,450.0,0,0,LIMT
2013-01-22,430.0,430.0,430.0,430.0,100,1,LIMT
2013-01-23,430.0,430.0,430.0,430.0,0,1,LIMT
2013-01-23,450.0,450.0,450.0,450.0,0,0,LIMT
2013-01-24,430.0,430.0,430.0,430.0,0,1,LIMT
2013-01-24,450.0,450.0,450.0,450.0,0,0,LIMT
2013-01-25,430.0,430.0,430.0,430.0,0,1,LIMT
2013-01-25,450.0,450.0,450.0,450.0,0,0,LIMT
2013-01-28,450.0,450.0,450.0,450.0,0,0,LIMT
2013-01-28,430.0,430.0,430.0,430.0,0,1,LIMT
2013-01-29,430.0,430.0,430.0,430.0,0,1,LIMT
2013-01-29,450.0,450.0,450.0,450.0,0,0,LIMT
2013-01-30,450.0,450.0,450.0,450.0,0,0,LIMT
2013-01-30,430.0,430.0,430.0,430.0,0,1,LIMT
2013-01-31,430.0,430.0,430.0,430.0,0,1,LIMT
2013-01-31,450.0,450.0,450.0,450.0,0,0,LIMT
2013-02-01,450.0,450.0,450.0,450.0,0,0,LIMT
2013-02-01,430.0,430.0,430.0,430.0,0,1,LIMT
2013-02-04,450.0,450.0,450.0,450.0,0,0,LIMT
2013-02-04,430.0,430.0,430.0,430.0,0,1,LIMT
2013-02-05,450.0,450.0,450.0,450.0,0,0,LIMT
2013-02-05,430.0,430.0,430.0,430.0,0,1,LIMT
2013-02-06,450.0,450.0,450.0,450.0,0,0,LIMT
2013-02-06,430.0,430.0,430.0,430.0,0,1,LIMT
2013-02-07,450.0,450.0,450.0,450.0,0,0,LIMT
2013-02-07,430.0,430.0,430.0,430.0,12500,1,LIMT
2013-02-08,430.0,430.0,430.0,430.0,0,1,LIMT
2013-02-08,450.0,450.0,450.0,450.0,0,0,LIMT
2013-02-11,430.0,430.0,430.0,430.0,0,1,LIMT
2013-02-11,450.0,450.0,450.0,450.0,0,0,LIMT
2013-02-12,430.0,430.0,430.0,430.0,0,1,LIMT
2013-02-12,450.0,450.0,450.0,450.0,0,0,LIMT
2013-02-13,430.0,430.0,430.0,430.0,0,1,LIMT
2013-02-13,450.0,450.0,450.0,450.0,0,0,LIMT
2013-02-14,450.0,450.0,450.0,450.0,0,0,LIMT
2013-02-14,430.0,430.0,430.0,430.0,0,1,LIMT
2013-02-15,450.0,450.0,450.0,450.0,0,0,LIMT
2013-02-15,430.0,430.0,430.0,430.0,0,1,LIMT
2013-02-18,430.0,430.0,430.0,430.0,0,1,LIMT
2013-02-18,450.0,450.0,450.0,450.0,0,0,LIMT
2013-02-19,450.0,450.0,450.0,450.0,0,0,LIMT
2013-02-19,430.0,430.0,430.0,430.0,0,1,LIMT
2013-02-20,450.0,450.0,450.0,450.0,0,0,LIMT
2013-02-20,430.0,430.0,430.0,430.0,0,1,LIMT
2013-02-21,450.0,450.0,450.0,450.0,0,0,LIMT
2013-02-21,430.0,430.0,430.0,430.0,0,1,LIMT
2013-02-22,430.0,430.0,430.0,430.0,0,1,LIMT
2013-02-22,450.0,450.0,450.0,450.0,0,0,LIMT
2013-02-25,450.0,450.0,450.0,450.0,0,0,LIMT
2013-02-25,430.0,430.0,430.0,430.0,0,1,LIMT
2013-02-26,430.0,430.0,430.0,430.0,0,1,LIMT
2013-02-26,450.0,450.0,450.0,450.0,0,0,LIMT
2013-02-27,430.0,430.0,430.0,430.0,0,1,LIMT
2013-02-27,450.0,450.0,450.0,450.0,0,0,LIMT
2013-02-28,430.0,430.0,430.0,430.0,0,1,LIMT
2013-02-28,450.0,450.0,450.0,450.0,0,0,LIMT
2013-03-01,450.0,450.0,450.0,450.0,0,0,LIMT
2013-03-01,430.0,430.0,430.0,430.0,0,1,LIMT
2013-03-04,450.0,450.0,450.0,450.0,0,0,LIMT
2013-03-04,430.0,430.0,430.0,430.0,0,1,LIMT
2013-03-05,450.0,450.0,450.0,450.0,0,0,LIMT
2013-03-05,430.0,430.0,430.0,430.0,0,1,LIMT
2013-03-06,430.0,430.0,430.0,430.0,0,1,LIMT
2013-03-06,450.0,450.0,450.0,450.0,0,0,LIMT
2013-03-07,450.0,450.0,450.0,450.0,0,0,LIMT
2013-03-07,430.0,430.0,430.0,430.0,0,1,LIMT
2013-03-08,430.0,430.0,430.0,430.0,0,1,LIMT
2013-03-08,450.0,450.0,450.0,450.0,0,0,LIMT
2013-03-11,430.0,430.0,430.0,430.0,0,1,LIMT
2013-03-11,450.0,450.0,450.0,450.0,0,0,LIMT
2013-03-12,450.0,450.0,450.0,450.0,0,0,LIMT
2013-03-12,430.0,430.0,430.0,430.0,0,1,LIMT
2013-03-13,430.0,470.0,470.0,470.0,1000,1,LIMT
2013-03-13,450.0,450.0,450.0,450.0,0,0,LIMT
2013-03-14,470.0,470.0,470.0,470.0,0,1,LIMT
2013-03-14,450.0,450.0,450.0,450.0,0,0,LIMT
2013-03-15,450.0,450.0,450.0,450.0,0,0,LIMT
2013-03-15,470.0,470.0,470.0,470.0,0,1,LIMT
2013-03-18,450.0,450.0,450.0,450.0,0,0,LIMT
2013-03-18,470.0,470.0,470.0,470.0,0,1,LIMT
2013-03-19,470.0,470.0,470.0,470.0,0,1,LIMT
2013-03-19,450.0,450.0,450.0,450.0,0,0,LIMT
2013-03-20,450.0,450.0,450.0,450.0,0,0,LIMT
2013-03-20,470.0,470.0,470.0,470.0,0,1,LIMT
2013-03-21,470.0,470.0,470.0,470.0,0,1,LIMT
2013-03-21,450.0,450.0,450.0,450.0,0,0,LIMT
2013-03-22,450.0,450.0,450.0,450.0,0,0,LIMT
2013-03-22,470.0,470.0,470.0,470.0,0,1,LIMT
2013-03-25,450.0,450.0,450.0,450.0,0,0,LIMT
2013-03-25,470.0,470.0,470.0,470.0,0,1,LIMT
2013-03-26,450.0,450.0,450.0,450.0,0,0,LIMT
2013-03-26,470.0,470.0,470.0,470.0,100,1,LIMT
2013-03-27,470.0,470.0,460.0,460.0,22600,1,LIMT
2013-03-27,450.0,450.0,450.0,450.0,0,0,LIMT
2013-03-28,460.0,460.0,460.0,460.0,0,1,LIMT
2013-03-28,450.0,450.0,450.0,450.0,0,0,LIMT
2013-03-29,460.0,460.0,460.0,460.0,0,1,LIMT
2013-03-29,450.0,450.0,450.0,450.0,0,0,LIMT
2013-04-01,460.0,460.0,460.0,460.0,0,1,LIMT
2013-04-01,450.0,450.0,450.0,450.0,0,0,LIMT
2013-04-02,460.0,460.0,460.0,460.0,0,1,LIMT
2013-04-02,450.0,450.0,450.0,450.0,0,0,LIMT
2013-04-03,450.0,450.0,450.0,450.0,0,0,LIMT
2013-04-03,460.0,460.0,460.0,460.0,0,1,LIMT
2013-04-04,460.0,460.0,460.0,460.0,0,1,LIMT
2013-04-04,450.0,450.0,450.0,450.0,0,0,LIMT
2013-04-05,460.0,460.0,460.0,460.0,0,1,LIMT
2013-04-05,450.0,450.0,450.0,450.0,0,0,LIMT
2013-04-08,460.0,460.0,460.0,460.0,0,1,LIMT
2013-04-08,450.0,450.0,450.0,450.0,0,0,LIMT
2013-04-09,460.0,460.0,460.0,460.0,0,1,LIMT
2013-04-09,450.0,450.0,450.0,450.0,0,0,LIMT
2013-04-10,460.0,460.0,460.0,460.0,0,1,LIMT
2013-04-10,450.0,450.0,450.0,450.0,0,0,LIMT
2013-04-11,460.0,460.0,460.0,460.0,0,1,LIMT
2013-04-11,450.0,450.0,450.0,450.0,0,0,LIMT
2013-04-12,460.0,470.0,470.0,470.0,100,1,LIMT
2013-04-12,450.0,450.0,450.0,450.0,0,0,LIMT
2013-04-15,450.0,450.0,450.0,450.0,0,0,LIMT
2013-04-15,470.0,470.0,470.0,470.0,0,1,LIMT
2013-04-16,470.0,470.0,470.0,470.0,0,1,LIMT
2013-04-16,450.0,450.0,450.0,450.0,0,0,LIMT
2013-04-17,470.0,470.0,470.0,470.0,0,1,LIMT
2013-04-17,450.0,450.0,450.0,450.0,0,0,LIMT
2013-04-18,450.0,450.0,450.0,450.0,0,0,LIMT
2013-04-18,470.0,470.0,470.0,470.0,0,1,LIMT
2013-04-19,470.0,470.0,470.0,470.0,0,1,LIMT
2013-04-19,450.0,450.0,450.0,450.0,0,0,LIMT
2013-04-22,470.0,470.0,470.0,470.0,0,1,LIMT
2013-04-22,450.0,450.0,450.0,450.0,0,0,LIMT
2013-04-23,470.0,470.0,470.0,470.0,0,1,LIMT
2013-04-23,450.0,450.0,450.0,450.0,0,0,LIMT
2013-04-24,470.0,470.0,470.0,470.0,0,1,LIMT
2013-04-24,450.0,450.0,450.0,450.0,0,0,LIMT
2013-04-25,450.0,450.0,450.0,450.0,0,0,LIMT
2013-04-25,470.0,470.0,470.0,470.0,0,1,LIMT
2013-04-26,470.0,470.0,470.0,470.0,0,1,LIMT
2013-04-26,450.0,450.0,450.0,450.0,0,0,LIMT
2013-04-29,450.0,450.0,450.0,450.0,0,0,LIMT
2013-04-29,470.0,470.0,470.0,470.0,0,1,LIMT
2013-04-30,450.0,450.0,450.0,450.0,0,0,LIMT
2013-04-30,470.0,470.0,470.0,470.0,0,1,LIMT
2013-05-01,450.0,450.0,450.0,450.0,0,0,LIMT
2013-05-01,470.0,470.0,470.0,470.0,0,1,LIMT
2013-05-02,450.0,450.0,450.0,450.0,0,0,LIMT
2013-05-02,470.0,470.0,470.0,470.0,0,1,LIMT
2013-05-03,450.0,450.0,450.0,450.0,0,0,LIMT
2013-05-03,470.0,470.0,470.0,470.0,0,1,LIMT
2013-05-06,470.0,470.0,470.0,470.0,0,1,LIMT
2013-05-06,450.0,450.0,450.0,450.0,0,0,LIMT
2013-05-07,470.0,470.0,470.0,470.0,0,1,LIMT
2013-05-07,450.0,450.0,450.0,450.0,0,0,LIMT
2013-05-08,470.0,470.0,470.0,470.0,0,1,LIMT
2013-05-08,450.0,450.0,450.0,450.0,0,0,LIMT
2013-05-09,470.0,470.0,470.0,470.0,0,1,LIMT
2013-05-09,450.0,450.0,450.0,450.0,0,0,LIMT
2013-05-10,470.0,470.0,470.0,470.0,0,1,LIMT
2013-05-10,450.0,450.0,450.0,450.0,0,0,LIMT
2013-05-13,450.0,450.0,450.0,450.0,0,0,LIMT
2013-05-13,470.0,470.0,470.0,470.0,0,1,LIMT
2013-05-14,450.0,450.0,450.0,450.0,0,0,LIMT
2013-05-14,470.0,470.0,470.0,470.0,0,1,LIMT
2013-05-15,450.0,450.0,450.0,450.0,0,0,LIMT
2013-05-15,470.0,470.0,470.0,470.0,0,1,LIMT
2013-05-16,450.0,450.0,450.0,450.0,0,0,LIMT
2013-05-16,470.0,470.0,470.0,470.0,0,1,LIMT
2013-05-17,470.0,470.0,470.0,470.0,0,1,LIMT
2013-05-17,450.0,450.0,450.0,450.0,0,0,LIMT
2013-05-20,470.0,470.0,470.0,470.0,0,1,LIMT
2013-05-20,450.0,450.0,450.0,450.0,0,0,LIMT
2013-05-21,470.0,470.0,470.0,470.0,0,1,LIMT
2013-05-21,450.0,450.0,450.0,450.0,0,0,LIMT
2013-05-22,450.0,450.0,450.0,450.0,0,0,LIMT
2013-05-22,470.0,470.0,470.0,470.0,0,1,LIMT
2013-05-23,450.0,450.0,450.0,450.0,0,0,LIMT
2013-05-23,470.0,470.0,470.0,470.0,0,1,LIMT
2013-05-24,470.0,470.0,470.0,470.0,0,1,LIMT
2013-05-24,450.0,450.0,450.0,450.0,0,0,LIMT
2013-05-27,450.0,450.0,450.0,450.0,0,0,LIMT
2013-05-27,470.0,470.0,470.0,470.0,0,1,LIMT
2013-05-28,470.0,470.0,470.0,470.0,0,1,LIMT
2013-05-28,450.0,450.0,450.0,450.0,0,0,LIMT
2013-05-29,450.0,450.0,450.0,450.0,0,0,LIMT
2013-05-29,470.0,450.0,450.0,450.0,1000,1,LIMT
2013-05-30,450.0,450.0,450.0,450.0,0,0,LIMT
2013-05-30,450.0,450.0,450.0,450.0,0,1,LIMT
2013-05-31,450.0,450.0,450.0,450.0,0,0,LIMT
2013-05-31,450.0,450.0,450.0,450.0,0,1,LIMT
2013-06-03,450.0,450.0,450.0,450.0,0,0,LIMT
2013-06-03,450.0,450.0,450.0,450.0,0,1,LIMT
2013-06-04,450.0,450.0,450.0,450.0,0,1,LIMT
2013-06-04,450.0,450.0,450.0,450.0,0,0,LIMT
2013-06-05,450.0,450.0,450.0,450.0,0,1,LIMT
2013-06-05,450.0,450.0,450.0,450.0,0,0,LIMT
2013-06-06,450.0,450.0,450.0,450.0,0,1,LIMT
2013-06-06,450.0,450.0,450.0,450.0,0,0,LIMT
2013-06-07,450.0,450.0,450.0,450.0,0,0,LIMT
2013-06-07,450.0,450.0,450.0,450.0,0,1,LIMT
2013-06-10,450.0,450.0,450.0,450.0,0,0,LIMT
2013-06-10,450.0,450.0,450.0,450.0,0,1,LIMT
2013-06-11,450.0,450.0,450.0,450.0,0,0,LIMT
2013-06-11,450.0,450.0,450.0,450.0,0,1,LIMT
2013-06-12,450.0,450.0,450.0,450.0,0,0,LIMT
2013-06-12,450.0,450.0,450.0,450.0,0,1,LIMT
2013-06-13,450.0,450.0,450.0,450.0,0,0,LIMT
2013-06-13,450.0,450.0,450.0,450.0,0,1,LIMT
2013-06-14,450.0,450.0,450.0,450.0,0,0,LIMT
2013-06-14,450.0,450.0,450.0,450.0,0,1,LIMT
2013-06-17,450.0,450.0,450.0,450.0,0,0,LIMT
2013-06-17,450.0,450.0,450.0,450.0,0,1,LIMT
2013-06-18,450.0,450.0,450.0,450.0,0,0,LIMT
2013-06-18,450.0,450.0,450.0,450.0,0,1,LIMT
2013-06-19,450.0,490.0,490.0,490.0,100,1,LIMT
2013-06-19,450.0,450.0,450.0,450.0,0,0,LIMT
2013-06-20,450.0,450.0,450.0,450.0,0,0,LIMT
2013-06-20,490.0,490.0,490.0,490.0,0,1,LIMT
2013-06-21,450.0,450.0,450.0,450.0,0,0,LIMT
2013-06-21,490.0,490.0,490.0,490.0,0,1,LIMT
2013-06-24,450.0,450.0,450.0,450.0,0,0,LIMT
2013-06-24,490.0,490.0,490.0,490.0,0,1,LIMT
2013-06-25,450.0,450.0,450.0,450.0,0,0,LIMT
2013-06-25,490.0,490.0,490.0,490.0,0,1,LIMT
2013-06-26,450.0,450.0,450.0,450.0,0,0,LIMT
2013-06-26,490.0,490.0,490.0,490.0,0,1,LIMT
2013-06-27,490.0,490.0,490.0,490.0,0,1,LIMT
2013-06-27,450.0,450.0,450.0,450.0,0,0,LIMT
2013-06-28,450.0,450.0,450.0,450.0,0,0,LIMT
2013-06-28,490.0,490.0,490.0,490.0,0,1,LIMT
2013-07-01,450.0,450.0,450.0,450.0,0,0,LIMT
2013-07-01,490.0,490.0,490.0,490.0,0,1,LIMT
2013-07-02,450.0,450.0,450.0,450.0,0,0,LIMT
2013-07-02,490.0,490.0,490.0,490.0,0,1,LIMT
2013-07-03,490.0,490.0,490.0,490.0,0,1,LIMT
2013-07-03,450.0,450.0,450.0,450.0,0,0,LIMT
2013-07-04,450.0,450.0,450.0,450.0,0,0,LIMT
2013-07-04,490.0,490.0,490.0,490.0,0,1,LIMT
2013-07-05,450.0,450.0,450.0,450.0,0,0,LIMT
2013-07-05,490.0,490.0,490.0,490.0,0,1,LIMT
2013-07-08,450.0,450.0,450.0,450.0,0,0,LIMT
2013-07-08,490.0,490.0,490.0,490.0,0,1,LIMT
2013-07-09,450.0,450.0,450.0,450.0,0,0,LIMT
2013-07-09,490.0,490.0,490.0,490.0,0,1,LIMT
2013-07-10,490.0,490.0,490.0,490.0,0,1,LIMT
2013-07-10,450.0,450.0,450.0,450.0,0,0,LIMT
2013-07-11,490.0,490.0,490.0,490.0,0,1,LIMT
2013-07-11,450.0,450.0,450.0,450.0,0,0,LIMT
2013-07-12,450.0,450.0,450.0,450.0,0,0,LIMT
2013-07-12,490.0,490.0,490.0,490.0,0,1,LIMT
2013-07-15,450.0,450.0,450.0,450.0,0,0,LIMT
2013-07-15,490.0,490.0,490.0,490.0,0,1,LIMT
2013-07-16,490.0,490.0,490.0,490.0,1000,1,LIMT
2013-07-16,450.0,450.0,450.0,450.0,0,0,LIMT
2013-07-17,490.0,490.0,490.0,490.0,0,1,LIMT
2013-07-17,450.0,450.0,450.0,450.0,0,0,LIMT
2013-07-18,450.0,450.0,450.0,450.0,0,0,LIMT
2013-07-18,490.0,490.0,490.0,490.0,0,1,LIMT
2013-07-19,450.0,450.0,450.0,450.0,0,0,LIMT
2013-07-19,490.0,490.0,490.0,490.0,0,1,LIMT
2013-07-22,490.0,490.0,490.0,490.0,0,1,LIMT
2013-07-22,450.0,450.0,450.0,450.0,0,0,LIMT
2013-07-23,450.0,450.0,450.0,450.0,0,0,LIMT
2013-07-23,490.0,490.0,490.0,490.0,0,1,LIMT
2013-07-24,450.0,450.0,450.0,450.0,0,0,LIMT
2013-07-24,490.0,490.0,490.0,490.0,0,1,LIMT
2013-07-25,490.0,490.0,490.0,490.0,0,1,LIMT
2013-07-25,450.0,450.0,450.0,450.0,0,0,LIMT
2013-07-26,490.0,490.0,490.0,490.0,0,1,LIMT
2013-07-26,450.0,450.0,450.0,450.0,0,0,LIMT
2013-07-29,490.0,490.0,490.0,490.0,0,1,LIMT
2013-07-29,450.0,450.0,450.0,450.0,0,0,LIMT
2013-07-30,450.0,450.0,450.0,450.0,0,0,LIMT
2013-07-30,490.0,490.0,490.0,490.0,0,1,LIMT
2013-07-31,450.0,450.0,450.0,450.0,0,0,LIMT
2013-07-31,490.0,490.0,490.0,490.0,0,1,LIMT
2013-08-01,450.0,450.0,450.0,450.0,0,0,LIMT
2013-08-01,490.0,490.0,490.0,490.0,0,1,LIMT
2013-08-02,450.0,450.0,450.0,450.0,0,0,LIMT
2013-08-02,490.0,490.0,490.0,490.0,0,1,LIMT
2013-08-05,490.0,490.0,490.0,490.0,0,1,LIMT
2013-08-05,450.0,450.0,450.0,450.0,0,0,LIMT
2013-08-06,450.0,450.0,450.0,450.0,0,0,LIMT
2013-08-06,490.0,490.0,490.0,490.0,0,1,LIMT
2013-08-07,490.0,490.0,490.0,490.0,0,1,LIMT
2013-08-07,450.0,450.0,450.0,450.0,0,0,LIMT
2013-08-08,490.0,490.0,490.0,490.0,0,1,LIMT
2013-08-08,450.0,450.0,450.0,450.0,0,0,LIMT
2013-08-09,450.0,450.0,450.0,450.0,0,0,LIMT
2013-08-09,490.0,490.0,490.0,490.0,0,1,LIMT
2013-08-12,490.0,490.0,490.0,490.0,0,1,LIMT
2013-08-12,450.0,450.0,450.0,450.0,0,0,LIMT
2013-08-13,450.0,450.0,450.0,450.0,0,0,LIMT
2013-08-13,490.0,490.0,490.0,490.0,0,1,LIMT
2013-08-14,490.0,490.0,490.0,490.0,0,1,LIMT
2013-08-14,450.0,450.0,450.0,450.0,0,0,LIMT
2013-08-15,450.0,450.0,450.0,450.0,0,0,LIMT
2013-08-15,490.0,490.0,490.0,490.0,0,1,LIMT
2013-08-16,450.0,450.0,450.0,450.0,0,0,LIMT
2013-08-16,490.0,490.0,490.0,490.0,0,1,LIMT
2013-08-19,490.0,490.0,490.0,490.0,0,1,LIMT
2013-08-19,450.0,450.0,450.0,450.0,0,0,LIMT
2013-08-20,490.0,490.0,490.0,490.0,0,1,LIMT
2013-08-20,450.0,450.0,450.0,450.0,0,0,LIMT
2013-08-21,450.0,450.0,450.0,450.0,0,0,LIMT
2013-08-21,490.0,490.0,490.0,490.0,0,1,LIMT
2013-08-22,450.0,450.0,450.0,450.0,0,0,LIMT
2013-08-22,490.0,490.0,490.0,490.0,100,1,LIMT
2013-08-23,450.0,450.0,450.0,450.0,0,0,LIMT
2013-08-23,490.0,490.0,490.0,490.0,0,1,LIMT
2013-08-26,490.0,490.0,490.0,490.0,0,1,LIMT
2013-08-26,450.0,450.0,450.0,450.0,0,0,LIMT
2013-08-27,450.0,450.0,450.0,450.0,0,0,LIMT
2013-08-27,490.0,490.0,490.0,490.0,0,1,LIMT
2013-08-28,450.0,450.0,450.0,450.0,0,0,LIMT
2013-08-28,490.0,490.0,490.0,490.0,0,1,LIMT
2013-08-29,450.0,450.0,450.0,450.0,0,0,LIMT
2013-08-29,490.0,490.0,490.0,490.0,0,1,LIMT
2013-08-30,450.0,450.0,450.0,450.0,0,0,LIMT
2013-08-30,490.0,490.0,490.0,490.0,0,1,LIMT
2013-09-02,490.0,490.0,490.0,490.0,0,1,LIMT
2013-09-02,450.0,450.0,450.0,450.0,0,0,LIMT
2013-09-03,450.0,450.0,450.0,450.0,0,0,LIMT
2013-09-03,490.0,490.0,490.0,490.0,0,1,LIMT
2013-09-04,450.0,450.0,450.0,450.0,0,0,LIMT
2013-09-04,490.0,490.0,490.0,490.0,0,1,LIMT
2013-09-05,490.0,490.0,490.0,490.0,0,1,LIMT
2013-09-05,450.0,450.0,450.0,450.0,0,0,LIMT
2013-09-06,450.0,450.0,450.0,450.0,0,0,LIMT
2013-09-06,490.0,490.0,490.0,490.0,0,1,LIMT
2013-09-09,450.0,450.0,450.0,450.0,0,0,LIMT
2013-09-09,490.0,490.0,490.0,490.0,0,1,LIMT
2013-09-10,490.0,490.0,490.0,490.0,0,1,LIMT
2013-09-10,450.0,450.0,450.0,450.0,0,0,LIMT
2013-09-11,450.0,450.0,450.0,450.0,0,0,LIMT
2013-09-11,490.0,490.0,490.0,490.0,0,1,LIMT
2013-09-12,450.0,450.0,450.0,450.0,0,0,LIMT
2013-09-12,490.0,490.0,490.0,490.0,0,1,LIMT
2013-09-13,490.0,490.0,490.0,490.0,0,1,LIMT
2013-09-13,450.0,450.0,450.0,450.0,0,0,LIMT
2013-09-16,490.0,490.0,490.0,490.0,0,1,LIMT
2013-09-16,450.0,450.0,450.0,450.0,0,0,LIMT
2013-09-17,450.0,450.0,450.0,450.0,0,0,LIMT
2013-09-17,490.0,490.0,490.0,490.0,0,1,LIMT
2013-09-18,450.0,450.0,450.0,450.0,0,0,LIMT
2013-09-18,490.0,490.0,490.0,490.0,0,1,LIMT
2013-09-19,490.0,490.0,490.0,490.0,0,1,LIMT
2013-09-19,450.0,450.0,450.0,450.0,0,0,LIMT
2013-09-20,450.0,450.0,450.0,450.0,0,0,LIMT
2013-09-20,490.0,490.0,490.0,490.0,0,1,LIMT
2013-09-23,490.0,490.0,490.0,490.0,0,1,LIMT
2013-09-23,450.0,450.0,450.0,450.0,0,0,LIMT
2013-09-24,490.0,490.0,490.0,490.0,0,1,LIMT
2013-09-24,450.0,450.0,450.0,450.0,0,0,LIMT
2013-09-25,490.0,490.0,490.0,490.0,0,1,LIMT
2013-09-25,450.0,450.0,450.0,450.0,0,0,LIMT
2013-09-26,490.0,490.0,490.0,490.0,2000,1,LIMT
2013-09-26,450.0,450.0,450.0,450.0,0,0,LIMT
2013-09-27,490.0,490.0,490.0,490.0,0,1,LIMT
2013-09-27,450.0,450.0,450.0,450.0,0,0,LIMT
2013-09-30,490.0,490.0,490.0,490.0,0,1,LIMT
2013-09-30,450.0,450.0,450.0,450.0,0,0,LIMT
2013-10-01,490.0,490.0,490.0,490.0,0,1,LIMT
2013-10-01,450.0,450.0,450.0,450.0,0,0,LIMT
2013-10-02,490.0,490.0,490.0,490.0,0,1,LIMT
2013-10-02,450.0,450.0,450.0,450.0,0,0,LIMT
2013-10-03,490.0,490.0,490.0,490.0,0,1,LIMT
2013-10-03,450.0,450.0,450.0,450.0,0,0,LIMT
2013-10-04,490.0,490.0,460.0,460.0,5600,0,LIMT
2013-10-07,460.0,460.0,460.0,460.0,0,0,LIMT
2013-10-08,460.0,500.0,500.0,500.0,400,1,LIMT
2013-10-08,460.0,460.0,460.0,460.0,0,0,LIMT
2013-10-09,500.0,500.0,500.0,500.0,0,1,LIMT
2013-10-09,460.0,460.0,460.0,460.0,0,0,LIMT
2013-10-10,460.0,460.0,460.0,460.0,0,0,LIMT
2013-10-10,500.0,500.0,500.0,500.0,0,1,LIMT
2013-10-11,500.0,500.0,500.0,500.0,0,1,LIMT
2013-10-11,460.0,460.0,460.0,460.0,0,0,LIMT
2013-10-14,460.0,460.0,460.0,460.0,0,0,LIMT
2013-10-14,500.0,500.0,500.0,500.0,0,1,LIMT
2013-10-15,460.0,460.0,460.0,460.0,0,0,LIMT
2013-10-15,500.0,500.0,500.0,500.0,0,1,LIMT
2013-10-16,460.0,460.0,460.0,460.0,0,0,LIMT
2013-10-16,500.0,500.0,500.0,500.0,0,1,LIMT
2013-10-17,500.0,500.0,500.0,500.0,0,1,LIMT
2013-10-17,460.0,460.0,460.0,460.0,0,0,LIMT
2013-10-18,500.0,500.0,500.0,500.0,0,1,LIMT
2013-10-18,460.0,460.0,460.0,460.0,0,0,LIMT
2013-10-21,460.0,460.0,460.0,460.0,0,0,LIMT
2013-10-21,500.0,500.0,500.0,500.0,0,1,LIMT
2013-10-22,500.0,500.0,500.0,500.0,0,1,LIMT
2013-10-22,460.0,460.0,460.0,460.0,0,0,LIMT
2013-10-23,460.0,460.0,460.0,460.0,0,0,LIMT
2013-10-23,500.0,500.0,500.0,500.0,0,1,LIMT
2013-10-24,460.0,460.0,460.0,460.0,0,0,LIMT
2013-10-24,500.0,500.0,500.0,500.0,0,1,LIMT
2013-10-25,460.0,460.0,460.0,460.0,0,0,LIMT
2013-10-25,500.0,500.0,500.0,500.0,0,1,LIMT
2013-10-28,500.0,500.0,500.0,500.0,0,1,LIMT
2013-10-28,460.0,460.0,460.0,460.0,0,0,LIMT
2013-10-29,460.0,460.0,460.0,460.0,0,0,LIMT
2013-10-29,500.0,500.0,500.0,500.0,0,1,LIMT
2013-10-30,460.0,460.0,460.0,460.0,0,0,LIMT
2013-10-30,500.0,500.0,500.0,500.0,0,1,LIMT
2013-10-31,460.0,460.0,460.0,460.0,0,0,LIMT
2013-10-31,500.0,500.0,500.0,500.0,0,1,LIMT
2013-11-01,460.0,460.0,460.0,460.0,0,0,LIMT
2013-11-01,500.0,500.0,500.0,500.0,0,1,LIMT
2013-11-04,460.0,460.0,460.0,460.0,0,0,LIMT
2013-11-04,500.0,500.0,500.0,500.0,0,1,LIMT
2013-11-05,500.0,500.0,500.0,500.0,0,1,LIMT
2013-11-05,460.0,460.0,460.0,460.0,0,0,LIMT
2013-11-06,460.0,460.0,460.0,460.0,0,0,LIMT
2013-11-06,500.0,500.0,500.0,500.0,0,1,LIMT
2013-11-07,500.0,500.0,500.0,500.0,0,1,LIMT
2013-11-07,460.0,460.0,460.0,460.0,0,0,LIMT
2013-11-08,500.0,500.0,500.0,500.0,100,1,LIMT
2013-11-08,460.0,460.0,460.0,460.0,0,0,LIMT
2013-11-11,500.0,500.0,500.0,500.0,0,1,LIMT
2013-11-11,460.0,460.0,460.0,460.0,0,0,LIMT
2013-11-12,500.0,500.0,500.0,500.0,0,1,LIMT
2013-11-12,460.0,460.0,460.0,460.0,0,0,LIMT
2013-11-13,500.0,500.0,500.0,500.0,0,1,LIMT
2013-11-13,460.0,460.0,460.0,460.0,0,0,LIMT
2013-11-14,500.0,500.0,500.0,500.0,0,1,LIMT
2013-11-14,460.0,460.0,460.0,460.0,0,0,LIMT
2013-11-15,500.0,500.0,500.0,500.0,0,1,LIMT
2013-11-15,460.0,460.0,460.0,460.0,0,0,LIMT
2013-11-18,500.0,500.0,500.0,500.0,0,1,LIMT
2013-11-18,460.0,460.0,460.0,460.0,0,0,LIMT
2013-11-19,460.0,460.0,460.0,460.0,0,0,LIMT
2013-11-19,500.0,500.0,500.0,500.0,0,1,LIMT
2013-11-20,500.0,500.0,500.0,500.0,0,1,LIMT
2013-11-20,460.0,460.0,460.0,460.0,0,0,LIMT
2013-11-21,460.0,460.0,460.0,460.0,0,0,LIMT
2013-11-21,500.0,500.0,500.0,500.0,0,1,LIMT
2013-11-22,500.0,500.0,500.0,500.0,0,1,LIMT
2013-11-22,460.0,460.0,460.0,460.0,0,0,LIMT
2013-11-25,500.0,500.0,500.0,500.0,0,1,LIMT
2013-11-25,460.0,460.0,460.0,460.0,0,0,LIMT
2013-11-26,500.0,500.0,500.0,500.0,0,1,LIMT
2013-11-26,460.0,460.0,460.0,460.0,0,0,LIMT
2013-11-27,460.0,460.0,460.0,460.0,0,0,LIMT
2013-11-27,500.0,500.0,500.0,500.0,0,1,LIMT
2013-11-28,500.0,500.0,500.0,500.0,100,1,LIMT
2013-11-28,460.0,460.0,460.0,460.0,0,0,LIMT
2013-11-29,460.0,460.0,460.0,460.0,0,0,LIMT
2013-11-29,500.0,500.0,500.0,500.0,0,1,LIMT
2013-12-02,460.0,460.0,460.0,460.0,0,0,LIMT
2013-12-02,500.0,500.0,500.0,500.0,0,1,LIMT
2013-12-03,460.0,460.0,460.0,460.0,0,0,LIMT
2013-12-03,500.0,500.0,500.0,500.0,0,1,LIMT
2013-12-04,460.0,460.0,460.0,460.0,0,0,LIMT
2013-12-04,500.0,500.0,500.0,500.0,0,1,LIMT
2013-12-05,460.0,460.0,460.0,460.0,0,0,LIMT
2013-12-05,500.0,500.0,500.0,500.0,0,1,LIMT
2013-12-06,460.0,460.0,460.0,460.0,0,0,LIMT
2013-12-06,500.0,500.0,500.0,500.0,0,1,LIMT
2013-12-09,500.0,500.0,500.0,500.0,0,1,LIMT
2013-12-09,460.0,460.0,460.0,460.0,0,0,LIMT
2013-12-10,500.0,500.0,500.0,500.0,0,1,LIMT
2013-12-10,460.0,460.0,460.0,460.0,0,0,LIMT
2013-12-11,460.0,460.0,460.0,460.0,0,0,LIMT
2013-12-11,500.0,500.0,500.0,500.0,0,1,LIMT
2013-12-12,500.0,500.0,500.0,500.0,0,1,LIMT
2013-12-12,460.0,460.0,460.0,460.0,0,0,LIMT
2013-12-13,460.0,460.0,460.0,460.0,0,0,LIMT
2013-12-13,500.0,500.0,500.0,500.0,0,1,LIMT
2013-12-16,500.0,500.0,500.0,500.0,0,1,LIMT
2013-12-16,460.0,460.0,460.0,460.0,0,0,LIMT
2013-12-17,500.0,500.0,500.0,500.0,0,1,LIMT
2013-12-17,460.0,460.0,460.0,460.0,0,0,LIMT
2013-12-18,460.0,460.0,460.0,460.0,0,0,LIMT
2013-12-18,500.0,500.0,500.0,500.0,0,1,LIMT
2013-12-19,500.0,500.0,500.0,500.0,0,1,LIMT
2013-12-19,460.0,460.0,460.0,460.0,0,0,LIMT
2013-12-20,500.0,500.0,500.0,500.0,0,1,LIMT
2013-12-20,460.0,460.0,460.0,460.0,0,0,LIMT
2013-12-23,500.0,500.0,500.0,500.0,0,1,LIMT
2013-12-23,460.0,460.0,460.0,460.0,0,0,LIMT
2013-12-24,500.0,500.0,500.0,500.0,0,1,LIMT
2013-12-24,460.0,460.0,460.0,460.0,0,0,LIMT
2013-12-25,500.0,500.0,500.0,500.0,0,1,LIMT
2013-12-25,460.0,460.0,460.0,460.0,0,0,LIMT
2013-12-26,500.0,500.0,500.0,500.0,0,1,LIMT
2013-12-26,460.0,460.0,460.0,460.0,0,0,LIMT
2013-12-27,460.0,460.0,460.0,460.0,0,0,LIMT
2013-12-27,500.0,500.0,500.0,500.0,0,1,LIMT
2013-12-30,500.0,500.0,500.0,500.0,0,1,LIMT
2013-12-30,460.0,460.0,460.0,460.0,0,0,LIMT
2013-12-31,500.0,500.0,500.0,500.0,0,1,LIMT
2013-12-31,460.0,460.0,460.0,460.0,0,0,LIMT
2014-01-01,460.0,460.0,460.0,460.0,0,0,LIMT
2014-01-01,500.0,500.0,500.0,500.0,0,1,LIMT
2014-01-02,460.0,460.0,460.0,460.0,0,0,LIMT
2014-01-02,500.0,500.0,500.0,500.0,0,1,LIMT
2014-01-03,460.0,460.0,460.0,460.0,0,0,LIMT
2014-01-03,500.0,500.0,500.0,500.0,0,1,LIMT
2014-01-06,460.0,460.0,460.0,460.0,0,0,LIMT
2014-01-06,500.0,500.0,500.0,500.0,0,1,LIMT
2014-01-07,460.0,460.0,460.0,460.0,0,0,LIMT
2014-01-07,500.0,500.0,500.0,500.0,0,1,LIMT
2014-01-08,460.0,460.0,460.0,460.0,0,0,LIMT
2014-01-08,500.0,500.0,500.0,500.0,0,1,LIMT
2014-01-09,460.0,460.0,460.0,460.0,0,0,LIMT
2014-01-09,500.0,500.0,500.0,500.0,13500,1,LIMT
2014-01-10,460.0,460.0,460.0,460.0,0,0,LIMT
2014-01-10,500.0,500.0,500.0,500.0,0,1,LIMT
2014-01-13,500.0,500.0,500.0,500.0,0,1,LIMT
2014-01-13,460.0,460.0,460.0,460.0,0,0,LIMT
2014-01-14,500.0,500.0,475.0,475.0,100,0,LIMT
2014-01-15,475.0,475.0,475.0,475.0,0,0,LIMT
2014-01-16,475.0,520.0,520.0,520.0,200,1,LIMT
2014-01-16,475.0,475.0,475.0,475.0,0,0,LIMT
2014-01-17,520.0,520.0,520.0,520.0,0,1,LIMT
2014-01-17,475.0,475.0,475.0,475.0,0,0,LIMT
2014-01-20,520.0,520.0,520.0,520.0,0,1,LIMT
2014-01-20,475.0,475.0,475.0,475.0,0,0,LIMT
2014-01-21,475.0,475.0,475.0,475.0,0,0,LIMT
2014-01-21,520.0,520.0,520.0,520.0,0,1,LIMT
2014-01-22,520.0,520.0,520.0,520.0,0,1,LIMT
2014-01-22,475.0,475.0,475.0,475.0,0,0,LIMT
2014-01-23,475.0,475.0,475.0,475.0,0,0,LIMT
2014-01-23,520.0,570.0,570.0,570.0,100,1,LIMT
2014-01-24,570.0,570.0,570.0,570.0,0,0,LIMT
2014-01-27,570.0,570.0,570.0,570.0,0,0,LIMT
2014-01-27,570.0,570.0,570.0,570.0,0,1,LIMT
2014-01-28,570.0,625.0,570.0,625.0,500,0,LIMT
2014-01-29,625.0,625.0,625.0,625.0,0,0,LIMT
2014-01-30,625.0,625.0,625.0,625.0,0,0,LIMT
2014-01-30,625.0,620.0,620.0,620.0,200,1,LIMT
2014-01-31,625.0,625.0,625.0,625.0,0,0,LIMT
2014-01-31,620.0,620.0,620.0,620.0,0,1,LIMT
2014-02-03,625.0,625.0,625.0,625.0,0,0,LIMT
2014-02-03,620.0,620.0,620.0,620.0,0,1,LIMT
2014-02-04,625.0,625.0,625.0,625.0,0,0,LIMT
2014-02-04,620.0,620.0,620.0,620.0,0,1,LIMT
2014-02-05,625.0,625.0,625.0,625.0,0,0,LIMT
2014-02-05,620.0,620.0,620.0,620.0,0,1,LIMT
2014-02-06,620.0,620.0,620.0,620.0,0,1,LIMT
2014-02-06,625.0,625.0,625.0,625.0,0,0,LIMT
2014-02-07,620.0,620.0,620.0,620.0,0,1,LIMT
2014-02-07,625.0,625.0,625.0,625.0,0,0,LIMT
2014-02-10,620.0,620.0,620.0,620.0,0,1,LIMT
2014-02-10,625.0,625.0,625.0,625.0,0,0,LIMT
2014-02-11,620.0,620.0,620.0,620.0,0,1,LIMT
2014-02-11,625.0,625.0,625.0,625.0,0,0,LIMT
2014-02-12,620.0,620.0,620.0,620.0,200,1,LIMT
2014-02-12,625.0,625.0,625.0,625.0,0,0,LIMT
2014-02-13,620.0,620.0,620.0,620.0,0,1,LIMT
2014-02-13,625.0,625.0,625.0,625.0,0,0,LIMT
2014-02-14,625.0,625.0,625.0,625.0,0,0,LIMT
2014-02-14,620.0,620.0,620.0,620.0,0,1,LIMT
2014-02-17,620.0,620.0,620.0,620.0,0,1,LIMT
2014-02-17,625.0,625.0,625.0,625.0,0,0,LIMT
2014-02-18,620.0,620.0,620.0,620.0,0,1,LIMT
2014-02-18,625.0,625.0,625.0,625.0,0,0,LIMT
2014-02-19,625.0,625.0,625.0,625.0,0,0,LIMT
2014-02-19,620.0,620.0,620.0,620.0,0,1,LIMT
2014-02-20,620.0,620.0,620.0,620.0,0,1,LIMT
2014-02-20,625.0,625.0,625.0,625.0,0,0,LIMT
2014-02-21,620.0,620.0,620.0,620.0,0,1,LIMT
2014-02-21,625.0,625.0,625.0,625.0,0,0,LIMT
2014-02-24,625.0,625.0,625.0,625.0,0,0,LIMT
2014-02-24,620.0,620.0,620.0,620.0,0,1,LIMT
2014-02-25,625.0,625.0,625.0,625.0,0,0,LIMT
2014-02-25,620.0,620.0,620.0,620.0,0,1,LIMT
2014-02-26,620.0,620.0,620.0,620.0,0,1,LIMT
2014-02-26,625.0,625.0,625.0,625.0,0,0,LIMT
2014-02-27,620.0,620.0,620.0,620.0,0,1,LIMT
2014-02-27,625.0,625.0,625.0,625.0,0,0,LIMT
2014-02-28,620.0,620.0,620.0,620.0,0,1,LIMT
2014-02-28,625.0,625.0,625.0,625.0,0,0,LIMT
2014-03-03,620.0,620.0,620.0,620.0,0,1,LIMT
2014-03-03,625.0,625.0,625.0,625.0,0,0,LIMT
2014-03-04,620.0,620.0,620.0,620.0,0,1,LIMT
2014-03-04,625.0,625.0,625.0,625.0,0,0,LIMT
2014-03-05,620.0,620.0,620.0,620.0,0,1,LIMT
2014-03-05,625.0,625.0,625.0,625.0,0,0,LIMT
2014-03-06,625.0,625.0,625.0,625.0,0,0,LIMT
2014-03-06,620.0,620.0,620.0,620.0,0,1,LIMT
2014-03-07,625.0,625.0,625.0,625.0,0,0,LIMT
2014-03-07,620.0,620.0,620.0,620.0,0,1,LIMT
2014-03-10,625.0,625.0,625.0,625.0,0,0,LIMT
2014-03-10,620.0,620.0,620.0,620.0,0,1,LIMT
2014-03-11,625.0,625.0,625.0,625.0,0,0,LIMT
2014-03-11,620.0,620.0,620.0,620.0,0,1,LIMT
2014-03-12,625.0,625.0,625.0,625.0,0,0,LIMT
2014-03-12,620.0,620.0,620.0,620.0,0,1,LIMT
2014-03-13,625.0,625.0,625.0,625.0,0,0,LIMT
2014-03-13,620.0,620.0,620.0,620.0,0,1,LIMT
2014-03-14,625.0,625.0,625.0,625.0,0,0,LIMT
2014-03-14,620.0,620.0,620.0,620.0,0,1,LIMT
2014-03-17,620.0,620.0,620.0,620.0,0,1,LIMT
2014-03-17,625.0,625.0,625.0,625.0,0,0,LIMT
2014-03-18,625.0,625.0,625.0,625.0,0,0,LIMT
2014-03-18,620.0,620.0,620.0,620.0,0,1,LIMT
2014-03-19,625.0,625.0,625.0,625.0,0,0,LIMT
2014-03-19,620.0,620.0,620.0,620.0,0,1,LIMT
2014-03-20,625.0,625.0,625.0,625.0,0,0,LIMT
2014-03-20,620.0,620.0,620.0,620.0,0,1,LIMT
2014-03-21,625.0,625.0,625.0,625.0,0,0,LIMT
2014-03-21,620.0,620.0,620.0,620.0,0,1,LIMT
2014-03-24,625.0,625.0,625.0,625.0,0,0,LIMT
2014-03-24,620.0,620.0,620.0,620.0,0,1,LIMT
2014-03-25,625.0,625.0,625.0,625.0,0,0,LIMT
2014-03-25,620.0,620.0,620.0,620.0,0,1,LIMT
2014-03-26,620.0,620.0,620.0,620.0,0,1,LIMT
2014-03-26,625.0,625.0,625.0,625.0,0,0,LIMT
2014-03-27,625.0,625.0,625.0,625.0,0,0,LIMT
2014-03-27,620.0,620.0,620.0,620.0,0,1,LIMT
2014-03-28,620.0,620.0,620.0,620.0,0,1,LIMT
2014-03-28,625.0,625.0,625.0,625.0,0,0,LIMT
2014-03-31,625.0,625.0,625.0,625.0,0,0,LIMT
2014-03-31,620.0,620.0,620.0,620.0,0,1,LIMT
2014-04-01,625.0,625.0,625.0,625.0,0,0,LIMT
2014-04-01,620.0,620.0,620.0,620.0,0,1,LIMT
2014-04-02,620.0,620.0,620.0,620.0,0,1,LIMT
2014-04-02,625.0,625.0,625.0,625.0,0,0,LIMT
2014-04-03,620.0,620.0,620.0,620.0,0,1,LIMT
2014-04-03,625.0,625.0,625.0,625.0,0,0,LIMT
2014-04-04,620.0,620.0,620.0,620.0,0,1,LIMT
2014-04-04,625.0,625.0,625.0,625.0,0,0,LIMT
2014-04-07,625.0,625.0,625.0,625.0,0,0,LIMT
2014-04-07,620.0,620.0,620.0,620.0,0,1,LIMT
2014-04-08,620.0,620.0,620.0,620.0,0,1,LIMT
2014-04-08,625.0,625.0,625.0,625.0,0,0,LIMT
2014-04-09,620.0,620.0,620.0,620.0,0,1,LIMT
2014-04-09,625.0,625.0,625.0,625.0,0,0,LIMT
2014-04-10,620.0,620.0,620.0,620.0,0,1,LIMT
2014-04-10,625.0,625.0,625.0,625.0,0,0,LIMT
2014-04-11,620.0,620.0,620.0,620.0,0,1,LIMT
2014-04-11,625.0,625.0,625.0,625.0,0,0,LIMT
2014-04-14,625.0,625.0,625.0,625.0,0,0,LIMT
2014-04-14,620.0,620.0,620.0,620.0,0,1,LIMT
2014-04-15,620.0,620.0,620.0,620.0,0,1,LIMT
2014-04-15,625.0,625.0,625.0,625.0,0,0,LIMT
2014-04-16,625.0,625.0,625.0,625.0,0,0,LIMT
2014-04-16,620.0,620.0,620.0,620.0,0,1,LIMT
2014-04-17,620.0,620.0,620.0,620.0,0,1,LIMT
2014-04-17,625.0,625.0,625.0,625.0,0,0,LIMT
2014-04-18,620.0,620.0,620.0,620.0,0,1,LIMT
2014-04-18,625.0,625.0,625.0,625.0,0,0,LIMT
2014-04-21,625.0,625.0,625.0,625.0,0,0,LIMT
2014-04-21,620.0,620.0,620.0,620.0,0,1,LIMT
2014-04-22,625.0,625.0,625.0,625.0,0,0,LIMT
2014-04-22,620.0,620.0,620.0,620.0,0,1,LIMT
2014-04-23,620.0,620.0,620.0,620.0,0,1,LIMT
2014-04-23,625.0,625.0,625.0,625.0,0,0,LIMT
2014-04-24,625.0,625.0,625.0,625.0,0,0,LIMT
2014-04-24,620.0,620.0,620.0,620.0,0,1,LIMT
2014-04-25,625.0,625.0,625.0,625.0,0,0,LIMT
2014-04-25,620.0,620.0,620.0,620.0,700,1,LIMT
2014-04-28,625.0,625.0,625.0,625.0,0,0,LIMT
2014-04-28,620.0,620.0,620.0,620.0,0,1,LIMT
2014-04-29,620.0,620.0,620.0,620.0,0,1,LIMT
2014-04-29,625.0,625.0,625.0,625.0,0,0,LIMT
2014-04-30,620.0,620.0,620.0,620.0,0,1,LIMT
2014-04-30,625.0,625.0,625.0,625.0,0,0,LIMT
2014-05-01,620.0,620.0,620.0,620.0,0,1,LIMT
2014-05-01,625.0,625.0,625.0,625.0,0,0,LIMT
2014-05-02,625.0,625.0,625.0,625.0,0,0,LIMT
2014-05-02,620.0,620.0,620.0,620.0,0,1,LIMT
2014-05-05,620.0,620.0,620.0,620.0,0,1,LIMT
2014-05-05,625.0,625.0,625.0,625.0,0,0,LIMT
2014-05-06,625.0,625.0,625.0,625.0,0,0,LIMT
2014-05-06,620.0,620.0,620.0,620.0,0,1,LIMT
2014-05-07,625.0,625.0,625.0,625.0,0,0,LIMT
2014-05-07,620.0,620.0,620.0,620.0,0,1,LIMT
2014-05-08,620.0,620.0,620.0,620.0,0,1,LIMT
2014-05-08,625.0,625.0,625.0,625.0,0,0,LIMT
2014-05-09,625.0,625.0,625.0,625.0,0,0,LIMT
2014-05-09,620.0,620.0,620.0,620.0,0,1,LIMT
2014-05-12,625.0,625.0,625.0,625.0,0,0,LIMT
2014-05-12,620.0,620.0,620.0,620.0,0,1,LIMT
2014-05-13,625.0,625.0,625.0,625.0,0,0,LIMT
2014-05-13,620.0,620.0,620.0,620.0,0,1,LIMT
2014-05-14,620.0,670.0,670.0,670.0,2500,1,LIMT
2014-05-14,625.0,625.0,625.0,625.0,0,0,LIMT
2014-05-15,670.0,670.0,670.0,670.0,0,1,LIMT
2014-05-15,625.0,625.0,625.0,625.0,0,0,LIMT
2014-05-16,670.0,670.0,670.0,670.0,0,1,LIMT
2014-05-16,625.0,625.0,625.0,625.0,0,0,LIMT
2014-05-19,670.0,670.0,670.0,670.0,0,1,LIMT
2014-05-19,625.0,625.0,625.0,625.0,0,0,LIMT
2014-05-20,670.0,670.0,670.0,670.0,0,1,LIMT
2014-05-20,625.0,625.0,625.0,625.0,0,0,LIMT
2014-05-21,670.0,670.0,670.0,670.0,0,1,LIMT
2014-05-21,625.0,625.0,625.0,625.0,0,0,LIMT
2014-05-22,670.0,670.0,670.0,670.0,0,1,LIMT
2014-05-22,625.0,625.0,625.0,625.0,0,0,LIMT
2014-05-23,670.0,670.0,670.0,670.0,0,1,LIMT
2014-05-23,625.0,625.0,625.0,625.0,0,0,LIMT
2014-05-26,670.0,670.0,670.0,670.0,0,1,LIMT
2014-05-26,625.0,625.0,625.0,625.0,0,0,LIMT
2014-05-27,625.0,625.0,625.0,625.0,0,0,LIMT
2014-05-27,670.0,670.0,670.0,670.0,0,1,LIMT
2014-05-28,625.0,625.0,625.0,625.0,0,0,LIMT
2014-05-28,670.0,670.0,670.0,670.0,0,1,LIMT
2014-05-29,670.0,670.0,670.0,670.0,0,1,LIMT
2014-05-29,625.0,625.0,625.0,625.0,0,0,LIMT
2014-05-30,625.0,625.0,625.0,625.0,0,0,LIMT
2014-05-30,670.0,670.0,670.0,670.0,0,1,LIMT
2014-06-02,670.0,670.0,670.0,670.0,0,1,LIMT
2014-06-02,625.0,625.0,625.0,625.0,0,0,LIMT
2014-06-03,670.0,670.0,670.0,670.0,0,1,LIMT
2014-06-03,625.0,625.0,625.0,625.0,0,0,LIMT
2014-06-04,670.0,670.0,670.0,670.0,0,1,LIMT
2014-06-04,625.0,625.0,625.0,625.0,0,0,LIMT
2014-06-05,625.0,625.0,625.0,625.0,0,0,LIMT
2014-06-05,670.0,670.0,670.0,670.0,0,1,LIMT
2014-06-06,625.0,625.0,625.0,625.0,0,0,LIMT
2014-06-06,670.0,670.0,670.0,670.0,0,1,LIMT
2014-06-09,670.0,670.0,670.0,670.0,0,1,LIMT
2014-06-09,625.0,625.0,625.0,625.0,0,0,LIMT
2014-06-10,670.0,670.0,670.0,670.0,0,1,LIMT
2014-06-10,625.0,625.0,625.0,625.0,0,0,LIMT
2014-06-11,670.0,670.0,670.0,670.0,0,1,LIMT
2014-06-11,625.0,625.0,625.0,625.0,0,0,LIMT
2014-06-12,670.0,670.0,670.0,670.0,0,1,LIMT
2014-06-12,625.0,625.0,625.0,625.0,0,0,LIMT
2014-06-13,670.0,670.0,670.0,670.0,0,1,LIMT
2014-06-13,625.0,625.0,625.0,625.0,0,0,LIMT
2014-06-16,625.0,625.0,625.0,625.0,0,0,LIMT
2014-06-16,670.0,670.0,670.0,670.0,0,1,LIMT
2014-06-17,670.0,670.0,670.0,670.0,0,1,LIMT
2014-06-17,625.0,625.0,625.0,625.0,0,0,LIMT
2014-06-18,670.0,670.0,670.0,670.0,0,1,LIMT
2014-06-18,625.0,625.0,625.0,625.0,0,0,LIMT
2014-06-19,625.0,625.0,625.0,625.0,0,0,LIMT
2014-06-19,670.0,670.0,670.0,670.0,0,1,LIMT
2014-06-20,625.0,625.0,625.0,625.0,0,0,LIMT
2014-06-20,670.0,670.0,670.0,670.0,0,1,LIMT
2014-06-23,670.0,670.0,670.0,670.0,0,1,LIMT
2014-06-23,625.0,625.0,625.0,625.0,0,0,LIMT
2014-06-24,670.0,670.0,670.0,670.0,0,1,LIMT
2014-06-24,625.0,625.0,625.0,625.0,0,0,LIMT
2014-06-25,625.0,625.0,625.0,625.0,0,0,LIMT
2014-06-25,670.0,670.0,670.0,670.0,0,1,LIMT
2014-06-26,625.0,625.0,625.0,625.0,0,0,LIMT
2014-06-26,670.0,670.0,670.0,670.0,0,1,LIMT
2014-06-27,670.0,670.0,670.0,670.0,0,1,LIMT
2014-06-27,625.0,625.0,625.0,625.0,0,0,LIMT
2014-06-30,670.0,670.0,670.0,670.0,0,1,LIMT
2014-06-30,625.0,625.0,625.0,625.0,0,0,LIMT
2014-07-01,625.0,625.0,625.0,625.0,0,0,LIMT
2014-07-01,670.0,670.0,670.0,670.0,0,1,LIMT
2014-07-02,625.0,625.0,625.0,625.0,0,0,LIMT
2014-07-02,670.0,670.0,670.0,670.0,0,1,LIMT
2014-07-03,670.0,670.0,670.0,670.0,0,1,LIMT
2014-07-03,625.0,625.0,625.0,625.0,0,0,LIMT
2014-07-04,670.0,670.0,670.0,670.0,0,1,LIMT
2014-07-04,625.0,625.0,625.0,625.0,0,0,LIMT
2014-07-07,670.0,670.0,670.0,670.0,0,1,LIMT
2014-07-07,625.0,625.0,625.0,625.0,0,0,LIMT
2014-07-08,670.0,670.0,670.0,670.0,0,1,LIMT
2014-07-08,625.0,625.0,625.0,625.0,0,0,LIMT
2014-07-09,670.0,670.0,670.0,670.0,0,1,LIMT
2014-07-09,625.0,625.0,625.0,625.0,0,0,LIMT
2014-07-10,625.0,625.0,625.0,625.0,0,0,LIMT
2014-07-10,670.0,670.0,670.0,670.0,0,1,LIMT
2014-07-11,625.0,625.0,625.0,625.0,0,0,LIMT
2014-07-11,670.0,670.0,670.0,670.0,0,1,LIMT
2014-07-14,670.0,670.0,670.0,670.0,0,1,LIMT
2014-07-14,625.0,625.0,625.0,625.0,0,0,LIMT
2014-07-15,670.0,670.0,670.0,670.0,0,1,LIMT
2014-07-15,625.0,625.0,625.0,625.0,0,0,LIMT
2014-07-16,670.0,670.0,670.0,670.0,0,1,LIMT
2014-07-16,625.0,625.0,625.0,625.0,0,0,LIMT
2014-07-17,625.0,625.0,625.0,625.0,0,0,LIMT
2014-07-17,670.0,670.0,670.0,670.0,0,1,LIMT
2014-07-18,625.0,625.0,625.0,625.0,0,0,LIMT
2014-07-18,670.0,670.0,670.0,670.0,0,1,LIMT
2014-07-21,670.0,670.0,670.0,670.0,0,1,LIMT
2014-07-21,625.0,625.0,625.0,625.0,0,0,LIMT
2014-07-22,625.0,625.0,625.0,625.0,0,0,LIMT
2014-07-22,670.0,670.0,670.0,670.0,0,1,LIMT
2014-07-23,670.0,670.0,670.0,670.0,0,1,LIMT
2014-07-23,625.0,625.0,625.0,625.0,0,0,LIMT
2014-07-24,625.0,625.0,625.0,625.0,0,0,LIMT
2014-07-24,670.0,670.0,670.0,670.0,0,1,LIMT
2014-07-25,625.0,625.0,625.0,625.0,0,0,LIMT
2014-07-25,670.0,670.0,670.0,670.0,0,1,LIMT
2014-07-28,625.0,625.0,625.0,625.0,0,0,LIMT
2014-07-28,670.0,670.0,670.0,670.0,0,1,LIMT
2014-07-29,625.0,625.0,625.0,625.0,0,0,LIMT
2014-07-29,670.0,670.0,670.0,670.0,0,1,LIMT
2014-07-30,670.0,670.0,670.0,670.0,0,1,LIMT
2014-07-30,625.0,625.0,625.0,625.0,0,0,LIMT
2014-07-31,625.0,625.0,625.0,625.0,0,0,LIMT
2014-07-31,670.0,670.0,670.0,670.0,0,1,LIMT
2014-08-01,625.0,625.0,625.0,625.0,0,0,LIMT
2014-08-01,670.0,670.0,670.0,670.0,0,1,LIMT
2014-08-04,625.0,625.0,625.0,625.0,0,0,LIMT
2014-08-04,670.0,670.0,670.0,670.0,0,1,LIMT
2014-08-05,670.0,670.0,670.0,670.0,0,1,LIMT
2014-08-05,625.0,625.0,625.0,625.0,0,0,LIMT
2014-08-06,670.0,670.0,670.0,670.0,0,1,LIMT
2014-08-06,625.0,625.0,625.0,625.0,0,0,LIMT
2014-08-07,625.0,625.0,625.0,625.0,0,0,LIMT
2014-08-07,670.0,670.0,670.0,670.0,0,1,LIMT
2014-08-08,625.0,625.0,625.0,625.0,0,0,LIMT
2014-08-08,670.0,670.0,670.0,670.0,0,1,LIMT
2014-08-11,625.0,625.0,625.0,625.0,0,0,LIMT
2014-08-11,670.0,670.0,670.0,670.0,0,1,LIMT
2014-08-12,670.0,670.0,670.0,670.0,0,1,LIMT
2014-08-12,625.0,625.0,625.0,625.0,0,0,LIMT
2014-08-13,670.0,670.0,670.0,670.0,0,1,LIMT
2014-08-13,625.0,625.0,625.0,625.0,0,0,LIMT
2014-08-14,670.0,670.0,670.0,670.0,0,1,LIMT
2014-08-14,625.0,625.0,625.0,625.0,0,0,LIMT
2014-08-15,625.0,625.0,625.0,625.0,0,0,LIMT
2014-08-15,670.0,670.0,670.0,670.0,0,1,LIMT
2014-08-18,625.0,625.0,625.0,625.0,0,0,LIMT
2014-08-18,670.0,670.0,670.0,670.0,0,1,LIMT
2014-08-19,670.0,670.0,670.0,670.0,0,1,LIMT
2014-08-19,625.0,625.0,625.0,625.0,0,0,LIMT
2014-08-20,625.0,625.0,625.0,625.0,0,0,LIMT
2014-08-20,670.0,670.0,670.0,670.0,0,1,LIMT
2014-08-21,670.0,670.0,670.0,670.0,0,1,LIMT
2014-08-21,625.0,625.0,625.0,625.0,0,0,LIMT
2014-08-22,670.0,670.0,670.0,670.0,0,1,LIMT
2014-08-22,625.0,625.0,625.0,625.0,0,0,LIMT
2014-08-25,670.0,670.0,670.0,670.0,0,1,LIMT
2014-08-25,625.0,625.0,625.0,625.0,0,0,LIMT
2014-08-26,670.0,670.0,670.0,670.0,0,1,LIMT
2014-08-26,625.0,625.0,625.0,625.0,0,0,LIMT
2014-08-27,670.0,670.0,670.0,670.0,0,1,LIMT
2014-08-27,625.0,625.0,625.0,625.0,0,0,LIMT
2014-08-28,670.0,670.0,670.0,670.0,0,1,LIMT
2014-08-28,625.0,625.0,625.0,625.0,0,0,LIMT
2014-08-29,625.0,625.0,625.0,625.0,0,0,LIMT
2014-08-29,670.0,670.0,670.0,670.0,0,1,LIMT
2014-09-01,670.0,670.0,670.0,670.0,0,1,LIMT
2014-09-01,625.0,625.0,625.0,625.0,0,0,LIMT
2014-09-02,625.0,625.0,625.0,625.0,0,0,LIMT
2014-09-02,670.0,670.0,670.0,670.0,0,1,LIMT
2014-09-03,670.0,650.0,650.0,650.0,200,1,LIMT
2014-09-03,625.0,625.0,625.0,625.0,0,0,LIMT
2014-09-04,625.0,625.0,625.0,625.0,0,0,LIMT
2014-09-04,650.0,650.0,650.0,650.0,0,1,LIMT
2014-09-05,625.0,625.0,625.0,625.0,0,0,LIMT
2014-09-05,650.0,650.0,650.0,650.0,0,1,LIMT
2014-09-08,625.0,625.0,625.0,625.0,0,0,LIMT
2014-09-08,650.0,650.0,650.0,650.0,0,1,LIMT
2014-09-09,650.0,715.0,650.0,715.0,100,0,LIMT
2014-09-10,715.0,715.0,715.0,715.0,0,0,LIMT
2014-09-11,715.0,715.0,715.0,715.0,0,0,LIMT
2014-09-11,715.0,750.0,750.0,750.0,100,1,LIMT
2014-09-12,715.0,715.0,715.0,715.0,0,0,LIMT
2014-09-12,750.0,750.0,750.0,750.0,0,1,LIMT
2014-09-15,750.0,750.0,750.0,750.0,0,1,LIMT
2014-09-15,715.0,715.0,715.0,715.0,0,0,LIMT
2014-09-16,715.0,715.0,715.0,715.0,0,0,LIMT
2014-09-16,750.0,750.0,750.0,750.0,0,1,LIMT
2014-09-17,750.0,750.0,750.0,750.0,0,1,LIMT
2014-09-17,715.0,715.0,715.0,715.0,0,0,LIMT
2014-09-18,750.0,750.0,750.0,750.0,0,1,LIMT
2014-09-18,715.0,715.0,715.0,715.0,0,0,LIMT
2014-09-19,750.0,750.0,750.0,750.0,0,1,LIMT
2014-09-19,715.0,715.0,715.0,715.0,0,0,LIMT
2014-09-22,715.0,715.0,715.0,715.0,0,0,LIMT
2014-09-22,750.0,800.0,800.0,800.0,2000,1,LIMT
2014-09-23,800.0,800.0,800.0,800.0,0,1,LIMT
2014-09-23,715.0,715.0,715.0,715.0,0,0,LIMT
2014-09-24,800.0,800.0,800.0,800.0,0,1,LIMT
2014-09-24,715.0,715.0,715.0,715.0,0,0,LIMT
2014-09-25,800.0,800.0,800.0,800.0,0,1,LIMT
2014-09-25,715.0,715.0,715.0,715.0,0,0,LIMT
2014-09-26,800.0,880.0,880.0,880.0,100,1,LIMT
2014-09-26,715.0,715.0,715.0,715.0,0,0,LIMT
2014-09-29,880.0,880.0,880.0,880.0,0,1,LIMT
2014-09-29,715.0,715.0,715.0,715.0,0,0,LIMT
2014-09-30,715.0,715.0,715.0,715.0,0,0,LIMT
2014-09-30,880.0,880.0,880.0,880.0,0,1,LIMT
2014-10-01,715.0,715.0,715.0,715.0,0,0,LIMT
2014-10-01,880.0,880.0,880.0,880.0,1400,1,LIMT
2014-10-02,715.0,715.0,715.0,715.0,0,0,LIMT
2014-10-02,880.0,880.0,880.0,880.0,0,1,LIMT
2014-10-03,880.0,965.0,880.0,965.0,300,0,LIMT
2014-10-06,965.0,965.0,965.0,965.0,0,0,LIMT
2014-10-06,965.0,900.0,900.0,900.0,100,1,LIMT
2014-10-07,900.0,900.0,900.0,900.0,0,1,LIMT
2014-10-07,965.0,965.0,965.0,965.0,0,0,LIMT
2014-10-08,965.0,965.0,965.0,965.0,0,0,LIMT
2014-10-08,900.0,900.0,900.0,900.0,0,1,LIMT
2014-10-09,900.0,900.0,900.0,900.0,0,1,LIMT
2014-10-09,965.0,965.0,965.0,965.0,0,0,LIMT
2014-10-10,965.0,965.0,965.0,965.0,0,0,LIMT
2014-10-10,900.0,900.0,900.0,900.0,0,1,LIMT
2014-10-13,965.0,965.0,965.0,965.0,0,0,LIMT
2014-10-13,900.0,900.0,900.0,900.0,0,1,LIMT
2014-10-14,965.0,965.0,965.0,965.0,0,0,LIMT
2014-10-14,900.0,900.0,900.0,900.0,0,1,LIMT
2014-10-15,900.0,900.0,900.0,900.0,0,1,LIMT
2014-10-15,965.0,965.0,965.0,965.0,0,0,LIMT
2014-10-16,900.0,900.0,900.0,900.0,0,1,LIMT
2014-10-16,965.0,965.0,965.0,965.0,0,0,LIMT
2014-10-17,965.0,965.0,965.0,965.0,0,0,LIMT
2014-10-17,900.0,900.0,900.0,900.0,0,1,LIMT
2014-10-20,900.0,900.0,900.0,900.0,0,1,LIMT
2014-10-20,965.0,965.0,965.0,965.0,0,0,LIMT
2014-10-21,900.0,900.0,900.0,900.0,0,1,LIMT
2014-10-21,965.0,965.0,965.0,965.0,0,0,LIMT
2014-10-22,965.0,965.0,965.0,965.0,0,0,LIMT
2014-10-22,900.0,900.0,900.0,900.0,100,1,LIMT
2014-10-23,900.0,900.0,900.0,900.0,200,1,LIMT
2014-10-23,965.0,965.0,965.0,965.0,0,0,LIMT
2014-10-24,900.0,990.0,990.0,990.0,100,1,LIMT
2014-10-24,965.0,965.0,965.0,965.0,0,0,LIMT
2014-10-27,990.0,990.0,990.0,990.0,0,1,LIMT
2014-10-27,965.0,965.0,965.0,965.0,0,0,LIMT
2014-10-28,965.0,965.0,965.0,965.0,0,0,LIMT
2014-10-28,990.0,990.0,990.0,990.0,0,1,LIMT
2014-10-29,965.0,965.0,965.0,965.0,0,0,LIMT
2014-10-29,990.0,990.0,990.0,990.0,0,1,LIMT
2014-10-30,965.0,965.0,965.0,965.0,0,0,LIMT
2014-10-30,990.0,1020.0,1020.0,1020.0,2000,1,LIMT
2014-10-31,1020.0,1020.0,1020.0,1020.0,0,1,LIMT
2014-10-31,965.0,965.0,965.0,965.0,0,0,LIMT
2014-11-03,1020.0,1020.0,1020.0,1020.0,0,1,LIMT
2014-11-03,965.0,965.0,965.0,965.0,0,0,LIMT
2014-11-04,1020.0,1020.0,1020.0,1020.0,0,1,LIMT
2014-11-04,965.0,965.0,965.0,965.0,0,0,LIMT
2014-11-05,1020.0,1020.0,1020.0,1020.0,100,1,LIMT
2014-11-05,965.0,965.0,965.0,965.0,0,0,LIMT
2014-11-06,965.0,965.0,965.0,965.0,0,0,LIMT
2014-11-06,1020.0,1020.0,1020.0,1020.0,0,1,LIMT
2014-11-07,1020.0,1020.0,1020.0,1020.0,100,1,LIMT
2014-11-07,965.0,965.0,965.0,965.0,0,0,LIMT
2014-11-10,1020.0,1020.0,1020.0,1020.0,800,1,LIMT
2014-11-10,965.0,965.0,965.0,965.0,0,0,LIMT
2014-11-11,965.0,965.0,965.0,965.0,0,0,LIMT
2014-11-11,1020.0,1020.0,1020.0,1020.0,0,1,LIMT
2014-11-12,1020.0,1020.0,1020.0,1020.0,0,1,LIMT
2014-11-12,965.0,965.0,965.0,965.0,0,0,LIMT
2014-11-13,965.0,965.0,965.0,965.0,0,0,LIMT
2014-11-13,1020.0,1020.0,1020.0,1020.0,0,1,LIMT
2014-11-14,965.0,965.0,965.0,965.0,0,0,LIMT
2014-11-14,1020.0,1020.0,1020.0,1020.0,0,1,LIMT
2014-11-17,965.0,965.0,965.0,965.0,0,0,LIMT
2014-11-17,1020.0,1020.0,1020.0,1020.0,0,1,LIMT
2014-11-18,965.0,965.0,965.0,965.0,0,0,LIMT
2014-11-18,1020.0,1020.0,1020.0,1020.0,0,1,LIMT
2014-11-19,1020.0,1020.0,1020.0,1020.0,0,1,LIMT
2014-11-19,965.0,965.0,965.0,965.0,0,0,LIMT
2014-11-20,1020.0,1100.0,1020.0,1100.0,1000,0,LIMT
2014-11-21,1100.0,1100.0,1020.0,1060.0,200,0,LIMT
2014-11-24,1060.0,1060.0,1060.0,1060.0,0,0,LIMT
2014-11-25,1060.0,1060.0,1060.0,1060.0,0,0,LIMT
2014-11-25,1060.0,1085.0,1085.0,1085.0,200,1,LIMT
2014-11-26,1085.0,1085.0,1085.0,1085.0,0,0,LIMT
2014-11-27,1085.0,1085.0,1085.0,1085.0,0,0,LIMT
2014-11-27,1085.0,1085.0,1085.0,1085.0,0,1,LIMT
2014-11-28,1085.0,1185.0,1085.0,1185.0,100,0,LIMT
2014-12-01,1185.0,1185.0,1100.0,1100.0,100,0,LIMT
2014-12-02,1100.0,1100.0,1100.0,1100.0,0,0,LIMT
2014-12-03,1100.0,1100.0,1050.0,1050.0,100,0,LIMT
2014-12-04,1050.0,1050.0,1050.0,1050.0,0,0,LIMT
2014-12-04,1050.0,1050.0,950.0,1047.0,3600,1,LIMT
2014-12-05,1047.0,1047.0,1047.0,1047.0,0,1,LIMT
2014-12-05,1050.0,1050.0,1050.0,1050.0,0,0,LIMT
2014-12-08,1047.0,1047.0,1047.0,1047.0,0,1,LIMT
2014-12-08,1050.0,1050.0,1050.0,1050.0,0,0,LIMT
2014-12-09,1047.0,1047.0,1047.0,1047.0,0,1,LIMT
2014-12-09,1050.0,1050.0,1050.0,1050.0,0,0,LIMT
2014-12-10,1047.0,1051.0,1050.0,1050.0,1000,1,LIMT
2014-12-10,1050.0,1050.0,1050.0,1050.0,0,0,LIMT
2014-12-11,1050.0,1050.0,1050.0,1050.0,0,0,LIMT
2014-12-11,1050.0,1050.0,1050.0,1050.0,0,1,LIMT
2014-12-12,1050.0,1050.0,1050.0,1050.0,0,0,LIMT
2014-12-12,1050.0,1050.0,1050.0,1050.0,0,1,LIMT
2014-12-15,1050.0,1050.0,1050.0,1050.0,0,0,LIMT
2014-12-15,1050.0,1050.0,1050.0,1050.0,0,1,LIMT
2014-12-16,1050.0,1050.0,1050.0,1050.0,0,0,LIMT
2014-12-16,1050.0,1050.0,1050.0,1050.0,0,1,LIMT
2014-12-17,1050.0,1050.0,1050.0,1050.0,0,0,LIMT
2014-12-17,1050.0,1050.0,1050.0,1050.0,100,1,LIMT
2014-12-18,1050.0,1151.0,1050.0,1150.0,13900,0,LIMT
2014-12-19,1150.0,1150.0,1050.0,1050.0,100,0,LIMT
2014-12-22,1050.0,1050.0,1050.0,1050.0,0,0,LIMT
2014-12-23,1050.0,1050.0,945.0,945.0,500,0,LIMT
2014-12-24,945.0,945.0,945.0,945.0,0,0,LIMT
2014-12-24,945.0,851.0,851.0,851.0,500,1,LIMT
2014-12-25,945.0,945.0,945.0,945.0,0,0,LIMT
2014-12-25,945.0,851.0,851.0,851.0,500,1,LIMT
2014-12-26,945.0,945.0,945.0,945.0,0,0,LIMT
2014-12-26,945.0,851.0,851.0,851.0,500,1,LIMT
2014-12-29,945.0,945.0,945.0,945.0,0,0,LIMT
2014-12-29,851.0,771.0,771.0,771.0,3500,1,LIMT
2014-12-30,945.0,945.0,945.0,945.0,0,0,LIMT
2014-12-30,771.0,771.0,771.0,771.0,0,1,LIMT
2014-12-31,945.0,945.0,945.0,945.0,0,0,LIMT
2014-12-31,771.0,771.0,771.0,771.0,0,1,LIMT
2015-01-01,771.0,771.0,771.0,771.0,0,1,LIMT
2015-01-01,945.0,945.0,945.0,945.0,0,0,LIMT
2015-01-02,945.0,945.0,945.0,945.0,0,0,LIMT
2015-01-02,771.0,771.0,771.0,771.0,0,1,LIMT
2015-01-05,945.0,945.0,945.0,945.0,0,0,LIMT
2015-01-05,771.0,771.0,771.0,771.0,0,1,LIMT
2015-01-06,945.0,945.0,945.0,945.0,0,0,LIMT
2015-01-06,771.0,771.0,771.0,771.0,0,1,LIMT
2015-01-07,945.0,945.0,945.0,945.0,0,0,LIMT
2015-01-07,771.0,771.0,771.0,771.0,0,1,LIMT
2015-01-08,945.0,945.0,945.0,945.0,0,0,LIMT
2015-01-08,771.0,771.0,771.0,771.0,0,1,LIMT
2015-01-09,945.0,945.0,945.0,945.0,0,0,LIMT
2015-01-09,771.0,771.0,771.0,771.0,0,1,LIMT
2015-01-12,945.0,945.0,945.0,945.0,0,0,LIMT
2015-01-12,771.0,771.0,771.0,771.0,0,1,LIMT
2015-01-13,945.0,945.0,945.0,945.0,0,0,LIMT
2015-01-13,771.0,771.0,771.0,771.0,0,1,LIMT
2015-01-14,945.0,945.0,945.0,945.0,0,0,LIMT
2015-01-14,771.0,771.0,771.0,771.0,0,1,LIMT
2015-01-15,771.0,771.0,771.0,771.0,0,1,LIMT
2015-01-15,945.0,945.0,945.0,945.0,0,0,LIMT
2015-01-16,945.0,945.0,945.0,945.0,0,0,LIMT
2015-01-16,771.0,845.0,845.0,845.0,100,1,LIMT
2015-01-19,845.0,845.0,845.0,845.0,0,0,LIMT
2015-01-20,845.0,845.0,845.0,845.0,0,1,LIMT
2015-01-20,845.0,845.0,845.0,845.0,0,0,LIMT
2015-01-21,845.0,845.0,845.0,845.0,0,0,LIMT
2015-01-21,845.0,925.0,925.0,925.0,100,1,LIMT
2015-01-22,845.0,845.0,845.0,845.0,0,0,LIMT
2015-01-22,925.0,925.0,925.0,925.0,0,1,LIMT
2015-01-23,925.0,925.0,925.0,925.0,0,1,LIMT
2015-01-23,845.0,845.0,845.0,845.0,0,0,LIMT
2015-01-26,845.0,845.0,845.0,845.0,0,0,LIMT
2015-01-26,925.0,925.0,925.0,925.0,0,1,LIMT
2015-01-27,925.0,1017.0,835.0,926.0,200,0,LIMT
2015-01-28,926.0,926.0,926.0,926.0,0,0,LIMT
2015-01-28,926.0,1017.0,1017.0,1017.0,100,1,LIMT
2015-01-29,926.0,926.0,926.0,926.0,0,0,LIMT
2015-01-29,1017.0,1017.0,1017.0,1017.0,0,1,LIMT
2015-01-30,926.0,926.0,926.0,926.0,0,0,LIMT
2015-01-30,1017.0,1017.0,1017.0,1017.0,0,1,LIMT
2015-02-02,926.0,926.0,926.0,926.0,0,0,LIMT
2015-02-02,1017.0,1017.0,1017.0,1017.0,0,1,LIMT
2015-02-03,926.0,926.0,926.0,926.0,0,0,LIMT
2015-02-03,1017.0,1017.0,1017.0,1017.0,0,1,LIMT
2015-02-04,1017.0,1017.0,1017.0,1017.0,0,1,LIMT
2015-02-04,926.0,926.0,926.0,926.0,0,0,LIMT
2015-02-05,1017.0,1017.0,1017.0,1017.0,0,1,LIMT
2015-02-05,926.0,926.0,926.0,926.0,0,0,LIMT
2015-02-06,1017.0,1017.0,1017.0,1017.0,0,1,LIMT
2015-02-06,926.0,926.0,926.0,926.0,0,0,LIMT
2015-02-09,926.0,926.0,926.0,926.0,0,0,LIMT
2015-02-09,1017.0,1017.0,1017.0,1017.0,0,1,LIMT
2015-02-10,926.0,926.0,926.0,926.0,0,0,LIMT
2015-02-10,1017.0,1017.0,1017.0,1017.0,0,1,LIMT
2015-02-11,926.0,926.0,926.0,926.0,0,0,LIMT
2015-02-11,1017.0,1017.0,1017.0,1017.0,0,1,LIMT
2015-02-12,926.0,926.0,926.0,926.0,0,0,LIMT
2015-02-12,1017.0,1017.0,1017.0,1017.0,0,1,LIMT
2015-02-13,926.0,926.0,926.0,926.0,0,0,LIMT
2015-02-13,1017.0,1017.0,1017.0,1017.0,0,1,LIMT
2015-02-16,926.0,926.0,926.0,926.0,0,0,LIMT
2015-02-16,1017.0,1017.0,1017.0,1017.0,0,1,LIMT
2015-02-17,926.0,926.0,926.0,926.0,0,0,LIMT
2015-02-17,1017.0,1017.0,1017.0,1017.0,0,1,LIMT
2015-02-18,1017.0,1017.0,1017.0,1017.0,0,1,LIMT
2015-02-18,926.0,926.0,926.0,926.0,0,0,LIMT
2015-02-19,926.0,926.0,926.0,926.0,0,0,LIMT
2015-02-19,1017.0,1114.0,1114.0,1114.0,50000,1,LIMT
2015-02-20,926.0,926.0,926.0,926.0,0,0,LIMT
2015-02-20,1114.0,1114.0,1114.0,1114.0,0,1,LIMT
2015-02-23,1114.0,1114.0,1114.0,1114.0,0,1,LIMT
2015-02-23,926.0,926.0,926.0,926.0,0,0,LIMT
2015-02-24,926.0,926.0,926.0,926.0,0,0,LIMT
2015-02-24,1114.0,1114.0,1114.0,1114.0,0,1,LIMT
2015-02-25,926.0,926.0,926.0,926.0,0,0,LIMT
2015-02-25,1114.0,1114.0,1114.0,1114.0,0,1,LIMT
2015-02-26,1114.0,1114.0,1114.0,1114.0,0,1,LIMT
2015-02-26,926.0,926.0,926.0,926.0,0,0,LIMT
2015-02-27,926.0,926.0,926.0,926.0,0,0,LIMT
2015-02-27,1114.0,1114.0,1114.0,1114.0,0,1,LIMT
2015-03-02,926.0,926.0,926.0,926.0,0,0,LIMT
2015-03-02,1114.0,1114.0,1114.0,1114.0,0,1,LIMT
2015-03-03,1114.0,1114.0,1114.0,1114.0,0,1,LIMT
2015-03-03,926.0,926.0,926.0,926.0,0,0,LIMT
2015-03-04,926.0,926.0,926.0,926.0,0,0,LIMT
2015-03-04,1114.0,1114.0,1114.0,1114.0,0,1,LIMT
2015-03-05,926.0,926.0,926.0,926.0,0,0,LIMT
2015-03-05,1114.0,1114.0,1114.0,1114.0,0,1,LIMT
2015-03-06,926.0,926.0,926.0,926.0,0,0,LIMT
2015-03-06,1114.0,1114.0,1114.0,1114.0,0,1,LIMT
2015-03-09,1114.0,1114.0,1114.0,1114.0,0,1,LIMT
2015-03-09,926.0,926.0,926.0,926.0,0,0,LIMT
2015-03-10,926.0,926.0,926.0,926.0,0,0,LIMT
2015-03-10,1114.0,1114.0,1114.0,1114.0,0,1,LIMT
2015-03-11,926.0,926.0,926.0,926.0,0,0,LIMT
2015-03-11,1114.0,1114.0,1114.0,1114.0,0,1,LIMT
2015-03-12,926.0,926.0,926.0,926.0,0,0,LIMT
2015-03-12,1114.0,1130.0,1120.0,1124.0,1000,1,LIMT
2015-03-13,1124.0,1124.0,1124.0,1124.0,0,1,LIMT
2015-03-13,926.0,926.0,926.0,926.0,0,0,LIMT
2015-03-16,926.0,926.0,926.0,926.0,0,0,LIMT
2015-03-16,1124.0,1124.0,1124.0,1124.0,0,1,LIMT
2015-03-17,1124.0,1124.0,1124.0,1124.0,0,1,LIMT
2015-03-17,926.0,926.0,926.0,926.0,0,0,LIMT
2015-03-18,926.0,926.0,926.0,926.0,0,0,LIMT
2015-03-18,1124.0,1124.0,1124.0,1124.0,0,1,LIMT
2015-03-19,1124.0,1124.0,1124.0,1124.0,0,1,LIMT
2015-03-19,926.0,926.0,926.0,926.0,0,0,LIMT
2015-03-20,1124.0,1124.0,1124.0,1124.0,0,1,LIMT
2015-03-20,926.0,926.0,926.0,926.0,0,0,LIMT
2015-03-23,1124.0,1124.0,1124.0,1124.0,0,1,LIMT
2015-03-23,926.0,926.0,926.0,926.0,0,0,LIMT
2015-03-24,926.0,926.0,926.0,926.0,0,0,LIMT
2015-03-24,1124.0,1124.0,1124.0,1124.0,0,1,LIMT
2015-03-25,926.0,926.0,926.0,926.0,0,0,LIMT
2015-03-25,1124.0,1124.0,1124.0,1124.0,0,1,LIMT
2015-03-26,926.0,926.0,926.0,926.0,0,0,LIMT
2015-03-26,1124.0,1124.0,1124.0,1124.0,0,1,LIMT
2015-03-27,926.0,926.0,926.0,926.0,0,0,LIMT
2015-03-27,1124.0,1124.0,1124.0,1124.0,0,1,LIMT
2015-03-30,1124.0,1124.0,1124.0,1124.0,0,1,LIMT
2015-03-30,926.0,926.0,926.0,926.0,0,0,LIMT
2015-03-31,926.0,926.0,926.0,926.0,0,0,LIMT
2015-03-31,1124.0,1124.0,1124.0,1124.0,0,1,LIMT
2015-04-01,926.0,926.0,926.0,926.0,0,0,LIMT
2015-04-01,1124.0,1124.0,1124.0,1124.0,0,1,LIMT
2015-04-02,926.0,926.0,926.0,926.0,0,0,LIMT
2015-04-02,1124.0,1124.0,1124.0,1124.0,0,1,LIMT
2015-04-03,926.0,926.0,926.0,926.0,0,0,LIMT
2015-04-03,1124.0,1124.0,1124.0,1124.0,0,1,LIMT
2015-04-06,926.0,926.0,926.0,926.0,0,0,LIMT
2015-04-06,1124.0,1124.0,1124.0,1124.0,0,1,LIMT
2015-04-07,926.0,926.0,926.0,926.0,0,0,LIMT
2015-04-07,1124.0,1124.0,1124.0,1124.0,0,1,LIMT
2015-04-08,1124.0,1124.0,980.0,993.0,2600,0,LIMT
2015-04-09,993.0,993.0,950.0,950.0,300,0,LIMT
2015-04-10,950.0,950.0,950.0,950.0,0,0,LIMT
2015-04-10,950.0,952.0,952.0,952.0,100,1,LIMT
2015-04-13,950.0,950.0,950.0,950.0,0,0,LIMT
2015-04-13,952.0,952.0,952.0,952.0,0,1,LIMT
2015-04-14,950.0,950.0,950.0,950.0,0,0,LIMT
2015-04-14,952.0,952.0,952.0,952.0,0,1,LIMT
2015-04-15,952.0,952.0,952.0,952.0,0,1,LIMT
2015-04-15,950.0,950.0,950.0,950.0,0,0,LIMT
2015-04-16,950.0,950.0,950.0,950.0,0,0,LIMT
2015-04-16,952.0,952.0,952.0,952.0,0,1,LIMT
2015-04-17,952.0,952.0,952.0,952.0,0,1,LIMT
2015-04-17,950.0,950.0,950.0,950.0,0,0,LIMT
2015-04-20,950.0,950.0,950.0,950.0,0,0,LIMT
2015-04-20,952.0,952.0,952.0,952.0,0,1,LIMT
2015-04-21,950.0,950.0,950.0,950.0,0,0,LIMT
2015-04-21,952.0,952.0,952.0,952.0,0,1,LIMT
2015-04-22,952.0,952.0,952.0,952.0,0,1,LIMT
2015-04-22,950.0,950.0,950.0,950.0,0,0,LIMT
2015-04-23,952.0,952.0,952.0,952.0,0,1,LIMT
2015-04-23,950.0,950.0,950.0,950.0,0,0,LIMT
2015-04-24,950.0,950.0,950.0,950.0,0,0,LIMT
2015-04-24,952.0,952.0,952.0,952.0,0,1,LIMT
2015-04-27,952.0,952.0,952.0,952.0,0,1,LIMT
2015-04-27,950.0,950.0,950.0,950.0,0,0,LIMT
2015-04-28,952.0,952.0,952.0,952.0,0,1,LIMT
2015-04-28,950.0,950.0,950.0,950.0,0,0,LIMT
2015-04-29,952.0,952.0,952.0,952.0,0,1,LIMT
2015-04-29,950.0,950.0,950.0,950.0,0,0,LIMT
2015-04-30,950.0,950.0,950.0,950.0,0,0,LIMT
2015-04-30,952.0,952.0,952.0,952.0,200,1,LIMT
2015-05-01,950.0,950.0,950.0,950.0,0,0,LIMT
2015-05-01,952.0,952.0,952.0,952.0,200,1,LIMT
2015-05-04,950.0,950.0,950.0,950.0,0,0,LIMT
2015-05-04,952.0,952.0,952.0,952.0,0,1,LIMT
2015-05-05,952.0,952.0,952.0,952.0,0,1,LIMT
2015-05-05,950.0,950.0,950.0,950.0,0,0,LIMT
2015-05-06,952.0,952.0,952.0,952.0,0,1,LIMT
2015-05-06,950.0,950.0,950.0,950.0,0,0,LIMT
2015-05-07,952.0,950.0,950.0,950.0,3900,1,LIMT
2015-05-07,950.0,950.0,950.0,950.0,0,0,LIMT
2015-05-08,950.0,950.0,950.0,950.0,0,0,LIMT
2015-05-08,950.0,950.0,950.0,950.0,0,1,LIMT
2015-05-11,950.0,950.0,950.0,950.0,0,0,LIMT
2015-05-11,550.0,950.0,950.0,950.0,0,1,LIMT
2015-05-12,950.0,950.0,950.0,950.0,0,0,LIMT
2015-05-12,950.0,950.0,950.0,950.0,0,1,LIMT
2015-05-13,950.0,950.0,950.0,950.0,0,1,LIMT
2015-05-13,950.0,950.0,950.0,950.0,0,0,LIMT
2015-05-14,950.0,950.0,950.0,950.0,0,1,LIMT
2015-05-14,950.0,950.0,950.0,950.0,0,0,LIMT
2015-05-15,950.0,950.0,950.0,950.0,0,1,LIMT
2015-05-15,950.0,950.0,950.0,950.0,0,0,LIMT
2015-05-18,950.0,950.0,950.0,950.0,0,1,LIMT
2015-05-18,950.0,950.0,950.0,950.0,0,0,LIMT
2015-05-19,950.0,950.0,950.0,950.0,0,0,LIMT
2015-05-19,950.0,950.0,950.0,950.0,0,1,LIMT
2015-05-20,950.0,950.0,950.0,950.0,0,1,LIMT
2015-05-20,950.0,950.0,950.0,950.0,0,0,LIMT
2015-05-21,950.0,950.0,950.0,950.0,0,0,LIMT
2015-05-21,950.0,950.0,950.0,950.0,0,1,LIMT
2015-05-22,950.0,950.0,950.0,950.0,0,0,LIMT
2015-05-22,950.0,950.0,950.0,950.0,0,1,LIMT
2015-05-25,950.0,950.0,950.0,950.0,0,0,LIMT
2015-05-25,950.0,950.0,950.0,950.0,0,1,LIMT
2015-05-26,950.0,950.0,950.0,950.0,0,0,LIMT
2015-05-26,950.0,950.0,950.0,950.0,0,1,LIMT
2015-05-27,950.0,950.0,950.0,950.0,0,1,LIMT
2015-05-27,950.0,950.0,950.0,950.0,0,0,LIMT
2015-05-28,950.0,950.0,950.0,950.0,0,1,LIMT
2015-05-28,950.0,950.0,950.0,950.0,0,0,LIMT
2015-05-29,950.0,950.0,950.0,950.0,0,1,LIMT
2015-05-29,950.0,950.0,950.0,950.0,0,0,LIMT
2015-06-01,950.0,950.0,950.0,950.0,0,0,LIMT
2015-06-01,950.0,950.0,950.0,950.0,0,1,LIMT
2015-06-02,950.0,950.0,950.0,950.0,0,0,LIMT
2015-06-02,950.0,950.0,950.0,950.0,0,1,LIMT
2015-06-03,950.0,950.0,950.0,950.0,0,0,LIMT
2015-06-03,950.0,950.0,950.0,950.0,0,1,LIMT
2015-06-04,950.0,950.0,950.0,950.0,0,0,LIMT
2015-06-04,950.0,950.0,950.0,950.0,100,1,LIMT
2015-06-05,950.0,950.0,950.0,950.0,0,1,LIMT
2015-06-05,950.0,950.0,950.0,950.0,0,0,LIMT
2015-06-08,950.0,950.0,950.0,950.0,0,1,LIMT
2015-06-08,950.0,950.0,950.0,950.0,0,0,LIMT
2015-06-09,950.0,950.0,950.0,950.0,0,1,LIMT
2015-06-09,950.0,950.0,950.0,950.0,0,0,LIMT
2015-06-10,950.0,950.0,950.0,950.0,0,0,LIMT
2015-06-10,950.0,950.0,950.0,950.0,0,1,LIMT
2015-06-11,950.0,950.0,950.0,950.0,0,0,LIMT
2015-06-11,950.0,950.0,950.0,950.0,0,1,LIMT
2015-06-12,950.0,950.0,950.0,950.0,0,0,LIMT
2015-06-12,950.0,950.0,950.0,950.0,0,1,LIMT
2015-06-15,950.0,950.0,950.0,950.0,0,1,LIMT
2015-06-15,950.0,950.0,950.0,950.0,0,0,LIMT
2015-06-16,950.0,950.0,950.0,950.0,0,0,LIMT
2015-06-16,950.0,950.0,950.0,950.0,0,1,LIMT
2015-06-17,950.0,1045.0,950.0,1033.0,400,0,LIMT
2015-06-18,1033.0,1033.0,1033.0,1033.0,0,0,LIMT
2015-06-19,1033.0,1135.0,1033.0,1135.0,100,0,LIMT
2015-06-22,1135.0,1135.0,1135.0,1135.0,0,0,LIMT
2015-06-23,1135.0,1135.0,1135.0,1135.0,0,0,LIMT
2015-06-23,1135.0,1248.0,1248.0,1248.0,400,1,LIMT
2015-06-24,1248.0,1248.0,1248.0,1248.0,0,0,LIMT
2015-06-25,1248.0,1248.0,1248.0,1248.0,0,1,LIMT
2015-06-25,1248.0,1248.0,1248.0,1248.0,0,0,LIMT
2015-06-26,1248.0,1200.0,1200.0,1200.0,100,1,LIMT
2015-06-26,1248.0,1248.0,1248.0,1248.0,0,0,LIMT
2015-06-29,1200.0,1200.0,1200.0,1200.0,0,1,LIMT
2015-06-29,1248.0,1248.0,1248.0,1248.0,0,0,LIMT
2015-06-30,1200.0,1200.0,1200.0,1200.0,0,1,LIMT
2015-06-30,1248.0,1248.0,1248.0,1248.0,0,0,LIMT
2015-07-01,1200.0,1200.0,1200.0,1200.0,0,1,LIMT
2015-07-01,1248.0,1248.0,1248.0,1248.0,0,0,LIMT
2015-07-02,1200.0,1200.0,1200.0,1200.0,0,1,LIMT
2015-07-02,1248.0,1248.0,1248.0,1248.0,0,0,LIMT
2015-07-03,1200.0,1090.0,1090.0,1090.0,100,1,LIMT
2015-07-03,1248.0,1248.0,1248.0,1248.0,0,0,LIMT
2015-07-06,1090.0,1090.0,1090.0,1090.0,0,1,LIMT
2015-07-06,1248.0,1248.0,1248.0,1248.0,0,0,LIMT
2015-07-07,1090.0,1090.0,1090.0,1090.0,0,1,LIMT
2015-07-07,1248.0,1248.0,1248.0,1248.0,0,0,LIMT
2015-07-08,1248.0,1248.0,1248.0,1248.0,0,0,LIMT
2015-07-08,1090.0,1090.0,1090.0,1090.0,0,1,LIMT
2015-07-09,1248.0,1248.0,1248.0,1248.0,0,0,LIMT
2015-07-09,1090.0,1090.0,1090.0,1090.0,0,1,LIMT
2015-07-10,1248.0,1248.0,1248.0,1248.0,0,0,LIMT
2015-07-10,1090.0,1090.0,1090.0,1090.0,0,1,LIMT
2015-07-13,1090.0,1090.0,1090.0,1090.0,0,1,LIMT
2015-07-13,1248.0,1248.0,1248.0,1248.0,0,0,LIMT
2015-07-14,1090.0,1090.0,1090.0,1090.0,0,1,LIMT
2015-07-14,1248.0,1248.0,1248.0,1248.0,0,0,LIMT
2015-07-15,1248.0,1248.0,1248.0,1248.0,0,0,LIMT
2015-07-15,1090.0,1090.0,1090.0,1090.0,0,1,LIMT
2015-07-16,1248.0,1248.0,1248.0,1248.0,0,0,LIMT
2015-07-16,1090.0,1090.0,1090.0,1090.0,0,1,LIMT
2015-07-17,1248.0,1248.0,1248.0,1248.0,0,0,LIMT
2015-07-17,1090.0,1090.0,1090.0,1090.0,0,1,LIMT
2015-07-20,1090.0,1090.0,1090.0,1090.0,0,1,LIMT
2015-07-20,1248.0,1248.0,1248.0,1248.0,0,0,LIMT
2015-07-21,1090.0,1090.0,1090.0,1090.0,0,1,LIMT
2015-07-21,1248.0,1248.0,1248.0,1248.0,0,0,LIMT
2015-07-22,1248.0,1248.0,1248.0,1248.0,0,0,LIMT
2015-07-22,1090.0,1090.0,1090.0,1090.0,0,1,LIMT
2015-07-23,1090.0,1090.0,1090.0,1090.0,0,1,LIMT
2015-07-23,1248.0,1248.0,1248.0,1248.0,0,0,LIMT
2015-07-24,1090.0,1090.0,1090.0,1090.0,0,1,LIMT
2015-07-24,1248.0,1248.0,1248.0,1248.0,0,0,LIMT
2015-07-27,1090.0,1090.0,1090.0,1090.0,0,1,LIMT
2015-07-27,1248.0,1248.0,1248.0,1248.0,0,0,LIMT
2015-07-28,1248.0,1248.0,1248.0,1248.0,0,0,LIMT
2015-07-28,1090.0,1090.0,1090.0,1090.0,0,1,LIMT
2015-07-29,1248.0,1248.0,1248.0,1248.0,0,0,LIMT
2015-07-29,1090.0,1090.0,1090.0,1090.0,0,1,LIMT
2015-07-30,1090.0,1090.0,1090.0,1090.0,100,1,LIMT
2015-07-30,1248.0,1248.0,1248.0,1248.0,0,0,LIMT
2015-07-31,1090.0,1090.0,1090.0,1090.0,0,1,LIMT
2015-07-31,1248.0,1248.0,1248.0,1248.0,0,0,LIMT
2015-08-03,1090.0,1090.0,1090.0,1090.0,0,1,LIMT
2015-08-03,1248.0,1248.0,1248.0,1248.0,0,0,LIMT
2015-08-04,1248.0,1248.0,1248.0,1248.0,0,0,LIMT
2015-08-04,1090.0,1090.0,1090.0,1090.0,0,1,LIMT
2015-08-05,1248.0,1248.0,1248.0,1248.0,0,0,LIMT
2015-08-05,1090.0,1090.0,1090.0,1090.0,0,1,LIMT
2015-08-06,1090.0,1090.0,1090.0,1090.0,0,1,LIMT
2015-08-06,1248.0,1248.0,1248.0,1248.0,0,0,LIMT
2015-08-07,1248.0,1248.0,1248.0,1248.0,0,0,LIMT
2015-08-07,1090.0,1090.0,1090.0,1090.0,0,1,LIMT
2015-08-10,1248.0,1248.0,1248.0,1248.0,0,0,LIMT
2015-08-10,1090.0,1090.0,1090.0,1090.0,0,1,LIMT
2015-08-11,1248.0,1248.0,1248.0,1248.0,0,0,LIMT
2015-08-11,1090.0,1090.0,1090.0,1090.0,0,1,LIMT
2015-08-12,1090.0,1090.0,1090.0,1090.0,0,1,LIMT
2015-08-12,1248.0,1248.0,1248.0,1248.0,0,0,LIMT
2015-08-13,1090.0,1090.0,1090.0,1090.0,0,1,LIMT
2015-08-13,1248.0,1248.0,1248.0,1248.0,0,0,LIMT
2015-08-14,1090.0,1090.0,1090.0,1090.0,0,1,LIMT
2015-08-14,1248.0,1248.0,1248.0,1248.0,0,0,LIMT
2015-08-17,1248.0,1248.0,1248.0,1248.0,0,0,LIMT
2015-08-17,1090.0,1090.0,1090.0,1090.0,0,1,LIMT
2015-08-18,1090.0,1090.0,1090.0,1090.0,0,1,LIMT
2015-08-18,1248.0,1248.0,1248.0,1248.0,0,0,LIMT
2015-08-19,1090.0,1085.0,1085.0,1085.0,100,1,LIMT
2015-08-19,1248.0,1248.0,1248.0,1248.0,0,0,LIMT
2015-08-20,1248.0,1248.0,1248.0,1248.0,0,0,LIMT
2015-08-20,1085.0,1085.0,1085.0,1085.0,0,1,LIMT
2015-08-21,1248.0,1248.0,1248.0,1248.0,0,0,LIMT
2015-08-21,1085.0,1085.0,1085.0,1085.0,0,1,LIMT
2015-08-24,1248.0,1248.0,1248.0,1248.0,0,0,LIMT
2015-08-24,1085.0,1085.0,1085.0,1085.0,0,1,LIMT
2015-08-25,1085.0,1085.0,1085.0,1085.0,0,1,LIMT
2015-08-25,1248.0,1248.0,1248.0,1248.0,0,0,LIMT
2015-08-26,1248.0,1248.0,1248.0,1248.0,0,0,LIMT
2015-08-26,1085.0,1085.0,1085.0,1085.0,0,1,LIMT
2015-08-27,1085.0,1085.0,1085.0,1085.0,0,1,LIMT
2015-08-27,1248.0,1248.0,1248.0,1248.0,0,0,LIMT
2015-08-28,1085.0,1085.0,1085.0,1085.0,0,1,LIMT
2015-08-28,1248.0,1248.0,1248.0,1248.0,0,0,LIMT
2015-08-31,1085.0,1085.0,1085.0,1085.0,0,1,LIMT
2015-08-31,1248.0,1248.0,1248.0,1248.0,0,0,LIMT
2015-09-01,1085.0,1085.0,1085.0,1085.0,0,1,LIMT
2015-09-01,1248.0,1248.0,1248.0,1248.0,0,0,LIMT
2015-09-02,1085.0,1085.0,1085.0,1085.0,0,1,LIMT
2015-09-02,1248.0,1248.0,1248.0,1248.0,0,0,LIMT
2015-09-03,1085.0,1085.0,1085.0,1085.0,0,1,LIMT
2015-09-03,1248.0,1248.0,1248.0,1248.0,0,0,LIMT
2015-09-04,1085.0,1085.0,1085.0,1085.0,0,1,LIMT
2015-09-04,1248.0,1248.0,1248.0,1248.0,0,0,LIMT
2015-09-07,1085.0,1085.0,1085.0,1085.0,0,1,LIMT
2015-09-07,1248.0,1248.0,1248.0,1248.0,0,0,LIMT
2015-09-08,1248.0,1248.0,1248.0,1248.0,0,0,LIMT
2015-09-08,1085.0,1085.0,1085.0,1085.0,0,1,LIMT
2015-09-09,1085.0,1085.0,1085.0,1085.0,0,1,LIMT
2015-09-09,1248.0,1248.0,1248.0,1248.0,0,0,LIMT
2015-09-10,1248.0,1248.0,1248.0,1248.0,0,0,LIMT
2015-09-10,1085.0,1085.0,1085.0,1085.0,0,1,LIMT
2015-09-11,1085.0,1085.0,1085.0,1085.0,0,1,LIMT
2015-09-11,1248.0,1248.0,1248.0,1248.0,0,0,LIMT
2015-09-14,1248.0,1248.0,1248.0,1248.0,0,0,LIMT
2015-09-14,1085.0,1085.0,1085.0,1085.0,0,1,LIMT
2015-09-15,1248.0,1248.0,1248.0,1248.0,0,0,LIMT
2015-09-15,1085.0,1085.0,1085.0,1085.0,0,1,LIMT
2015-09-16,1085.0,1085.0,1085.0,1085.0,0,1,LIMT
2015-09-16,1248.0,1248.0,1248.0,1248.0,0,0,LIMT
2015-09-17,1248.0,1248.0,1248.0,1248.0,0,0,LIMT
2015-09-17,1085.0,1085.0,1085.0,1085.0,0,1,LIMT
2015-09-18,1248.0,1248.0,1248.0,1248.0,0,0,LIMT
2015-09-18,1085.0,1085.0,1085.0,1085.0,0,1,LIMT
2015-09-21,1248.0,1248.0,1248.0,1248.0,0,0,LIMT
2015-09-21,1085.0,1085.0,1085.0,1085.0,0,1,LIMT
2015-09-22,1085.0,1085.0,1085.0,1085.0,0,1,LIMT
2015-09-22,1248.0,1248.0,1248.0,1248.0,0,0,LIMT
2015-09-23,1085.0,1085.0,1085.0,1085.0,0,1,LIMT
2015-09-23,1248.0,1248.0,1248.0,1248.0,0,0,LIMT
2015-09-24,1085.0,1085.0,1085.0,1085.0,0,1,LIMT
2015-09-24,1248.0,1248.0,1248.0,1248.0,0,0,LIMT
2015-09-25,1248.0,1248.0,1248.0,1248.0,0,0,LIMT
2015-09-25,1085.0,1085.0,1085.0,1085.0,0,1,LIMT
2015-09-28,1248.0,1248.0,1248.0,1248.0,0,0,LIMT
2015-09-28,1085.0,1085.0,1085.0,1085.0,0,1,LIMT
2015-09-29,1248.0,1248.0,1248.0,1248.0,0,0,LIMT
2015-09-29,1085.0,1085.0,1085.0,1085.0,0,1,LIMT
2015-09-30,1085.0,1085.0,1085.0,1085.0,0,1,LIMT
2015-09-30,1248.0,1248.0,1248.0,1248.0,0,0,LIMT
2015-10-01,1248.0,1248.0,1248.0,1248.0,0,0,LIMT
2015-10-01,1085.0,1085.0,1085.0,1085.0,0,1,LIMT
2015-10-02,1248.0,1248.0,1248.0,1248.0,0,0,LIMT
2015-10-02,1085.0,1085.0,1085.0,1085.0,0,1,LIMT
2015-10-05,1085.0,1085.0,1085.0,1085.0,0,1,LIMT
2015-10-05,1248.0,1248.0,1248.0,1248.0,0,0,LIMT
2015-10-06,1248.0,1248.0,1248.0,1248.0,0,0,LIMT
2015-10-06,1085.0,1085.0,1085.0,1085.0,0,1,LIMT
2015-10-07,1248.0,1248.0,1248.0,1248.0,0,0,LIMT
2015-10-07,1085.0,1085.0,1085.0,1085.0,0,1,LIMT
2015-10-08,1248.0,1248.0,1248.0,1248.0,0,0,LIMT
2015-10-08,1085.0,1085.0,1085.0,1085.0,0,1,LIMT
2015-10-09,1248.0,1248.0,1248.0,1248.0,0,0,LIMT
2015-10-09,1085.0,1085.0,1085.0,1085.0,0,1,LIMT
2015-10-12,1248.0,1248.0,1248.0,1248.0,0,0,LIMT
2015-10-12,1085.0,1085.0,1085.0,1085.0,0,1,LIMT
2015-10-13,1085.0,1085.0,1085.0,1085.0,0,1,LIMT
2015-10-13,1248.0,1248.0,1248.0,1248.0,0,0,LIMT
2015-10-14,1085.0,1085.0,1085.0,1085.0,0,1,LIMT
2015-10-14,1248.0,1248.0,1248.0,1248.0,0,0,LIMT
2015-10-15,1085.0,1085.0,1085.0,1085.0,0,1,LIMT
2015-10-15,1248.0,1248.0,1248.0,1248.0,0,0,LIMT
2015-10-16,1085.0,1085.0,1085.0,1085.0,0,1,LIMT
2015-10-16,1248.0,1248.0,1248.0,1248.0,0,0,LIMT
2015-10-19,1085.0,1085.0,1085.0,1085.0,0,1,LIMT
2015-10-19,1248.0,1248.0,1248.0,1248.0,0,0,LIMT
2015-10-20,1085.0,1085.0,1085.0,1085.0,0,1,LIMT
2015-10-20,1248.0,1248.0,1248.0,1248.0,0,0,LIMT
2015-10-21,1248.0,1248.0,1248.0,1248.0,0,0,LIMT
2015-10-21,1085.0,1085.0,1085.0,1085.0,0,1,LIMT
2015-10-22,1248.0,1248.0,1248.0,1248.0,0,0,LIMT
2015-10-22,1085.0,1085.0,1085.0,1085.0,0,1,LIMT
2015-10-23,1085.0,1085.0,1085.0,1085.0,0,1,LIMT
2015-10-23,1248.0,1248.0,1248.0,1248.0,0,0,LIMT
2015-10-26,1248.0,1248.0,1248.0,1248.0,0,0,LIMT
2015-10-26,1085.0,1085.0,1085.0,1085.0,0,1,LIMT
2015-10-27,1085.0,1085.0,1085.0,1085.0,0,1,LIMT
2015-10-27,1248.0,1248.0,1248.0,1248.0,0,0,LIMT
2015-10-28,1248.0,1248.0,1248.0,1248.0,0,0,LIMT
2015-10-28,1085.0,1085.0,1085.0,1085.0,0,1,LIMT
2015-10-29,1085.0,1085.0,1085.0,1085.0,0,1,LIMT
2015-10-29,1248.0,1248.0,1248.0,1248.0,0,0,LIMT
2015-10-30,1248.0,1248.0,1248.0,1248.0,0,0,LIMT
2015-10-30,1085.0,1085.0,1085.0,1085.0,0,1,LIMT
2015-11-02,1085.0,1085.0,1085.0,1085.0,0,1,LIMT
2015-11-02,1248.0,1248.0,1248.0,1248.0,0,0,LIMT
2015-11-03,1248.0,1248.0,1248.0,1248.0,0,0,LIMT
2015-11-03,1085.0,1085.0,1085.0,1085.0,0,1,LIMT
2015-11-04,1085.0,1085.0,1085.0,1085.0,0,1,LIMT
2015-11-04,1248.0,1248.0,1248.0,1248.0,0,0,LIMT
2015-11-05,1085.0,1085.0,1085.0,1085.0,0,1,LIMT
2015-11-05,1248.0,1248.0,1248.0,1248.0,0,0,LIMT
2015-11-06,1248.0,1248.0,1248.0,1248.0,0,0,LIMT
2015-11-06,1085.0,1085.0,1085.0,1085.0,0,1,LIMT
2015-11-09,1248.0,1248.0,1248.0,1248.0,0,0,LIMT
2015-11-09,1085.0,1085.0,1085.0,1085.0,0,1,LIMT
2015-11-10,1248.0,1248.0,1248.0,1248.0,0,0,LIMT
2015-11-10,1085.0,1085.0,1085.0,1085.0,0,1,LIMT
2015-11-11,1085.0,1085.0,1085.0,1085.0,0,1,LIMT
2015-11-11,1248.0,1248.0,1248.0,1248.0,0,0,LIMT
2015-11-12,1085.0,1085.0,1085.0,1085.0,0,1,LIMT
2015-11-12,1248.0,1248.0,1248.0,1248.0,0,0,LIMT
2015-11-13,1085.0,1085.0,1085.0,1085.0,0,1,LIMT
2015-11-13,1248.0,1248.0,1248.0,1248.0,0,0,LIMT
2015-11-16,1248.0,1248.0,1248.0,1248.0,0,0,LIMT
2015-11-16,1085.0,1085.0,1085.0,1085.0,0,1,LIMT
2015-11-17,1085.0,1085.0,1085.0,1085.0,0,1,LIMT
2015-11-17,1248.0,1248.0,1248.0,1248.0,0,0,LIMT
2015-11-18,1085.0,1085.0,1085.0,1085.0,0,1,LIMT
2015-11-18,1248.0,1248.0,1248.0,1248.0,0,0,LIMT
2015-11-19,1085.0,1085.0,1085.0,1085.0,0,1,LIMT
2015-11-19,1248.0,1248.0,1248.0,1248.0,0,0,LIMT
2015-11-20,1085.0,1085.0,1085.0,1085.0,0,1,LIMT
2015-11-20,1248.0,1248.0,1248.0,1248.0,0,0,LIMT
2015-11-23,1248.0,1248.0,1248.0,1248.0,0,0,LIMT
2015-11-23,1085.0,1085.0,1085.0,1085.0,0,1,LIMT
2015-11-24,1248.0,1248.0,1248.0,1248.0,0,0,LIMT
2015-11-24,1085.0,1085.0,1085.0,1085.0,0,1,LIMT
2015-11-25,1248.0,1248.0,1248.0,1248.0,0,0,LIMT
2015-11-25,1085.0,1085.0,1085.0,1085.0,0,1,LIMT
2015-11-26,1248.0,1248.0,1248.0,1248.0,0,0,LIMT
2015-11-26,1085.0,1085.0,1085.0,1085.0,0,1,LIMT
2015-11-27,1085.0,1085.0,1085.0,1085.0,0,1,LIMT
2015-11-27,1248.0,1248.0,1248.0,1248.0,0,0,LIMT
2015-11-30,1085.0,1085.0,1085.0,1085.0,0,1,LIMT
2015-11-30,1248.0,1248.0,1248.0,1248.0,0,0,LIMT
2015-12-01,1085.0,1085.0,1085.0,1085.0,0,1,LIMT
2015-12-01,1248.0,1248.0,1248.0,1248.0,0,0,LIMT
2015-12-02,1085.0,1085.0,1085.0,1085.0,0,1,LIMT
2015-12-02,1248.0,1248.0,1248.0,1248.0,0,0,LIMT
2015-12-03,1085.0,1085.0,1085.0,1085.0,0,1,LIMT
2015-12-03,1248.0,1248.0,1248.0,1248.0,0,0,LIMT
2015-12-04,1248.0,1248.0,1248.0,1248.0,0,0,LIMT
2015-12-04,1085.0,1085.0,1085.0,1085.0,0,1,LIMT
2015-12-07,1085.0,1085.0,1085.0,1085.0,0,1,LIMT
2015-12-07,1248.0,1248.0,1248.0,1248.0,0,0,LIMT
2015-12-08,1085.0,1085.0,1085.0,1085.0,0,1,LIMT
2015-12-08,1248.0,1248.0,1248.0,1248.0,0,0,LIMT
2015-12-09,1085.0,1085.0,1085.0,1085.0,0,1,LIMT
2015-12-09,1248.0,1248.0,1248.0,1248.0,0,0,LIMT
2015-12-10,1248.0,1248.0,1248.0,1248.0,0,0,LIMT
2015-12-10,1085.0,1085.0,1085.0,1085.0,0,1,LIMT
2015-12-11,1085.0,1085.0,1085.0,1085.0,0,1,LIMT
2015-12-11,1248.0,1248.0,1248.0,1248.0,0,0,LIMT
2015-12-14,1248.0,1248.0,1248.0,1248.0,0,0,LIMT
2015-12-14,1085.0,1085.0,1085.0,1085.0,0,1,LIMT
2015-12-15,1248.0,1248.0,1248.0,1248.0,0,0,LIMT
2015-12-15,1085.0,1085.0,1085.0,1085.0,0,1,LIMT
2015-12-16,1248.0,1248.0,1248.0,1248.0,0,0,LIMT
2015-12-16,1085.0,1085.0,1085.0,1085.0,0,1,LIMT
2015-12-17,1085.0,1085.0,1085.0,1085.0,0,1,LIMT
2015-12-17,1248.0,1248.0,1248.0,1248.0,0,0,LIMT
2015-12-18,1085.0,1085.0,1085.0,1085.0,0,1,LIMT
2015-12-18,1248.0,1248.0,1248.0,1248.0,0,0,LIMT
2015-12-21,1085.0,1085.0,1085.0,1085.0,0,1,LIMT
2015-12-21,1248.0,1248.0,1248.0,1248.0,0,0,LIMT
2015-12-22,1248.0,1248.0,1248.0,1248.0,0,0,LIMT
2015-12-22,1085.0,1085.0,1085.0,1085.0,0,1,LIMT
2015-12-23,1085.0,1085.0,1085.0,1085.0,0,1,LIMT
2015-12-23,1248.0,1248.0,1248.0,1248.0,0,0,LIMT
2015-12-24,1085.0,1085.0,1085.0,1085.0,0,1,LIMT
2015-12-24,1248.0,1248.0,1248.0,1248.0,0,0,LIMT
2015-12-25,1248.0,1248.0,1248.0,1248.0,0,0,LIMT
2015-12-25,1085.0,1085.0,1085.0,1085.0,0,1,LIMT
2015-12-28,1248.0,1248.0,1248.0,1248.0,0,0,LIMT
2015-12-28,1085.0,1085.0,1085.0,1085.0,0,1,LIMT
2015-12-29,1248.0,1248.0,1248.0,1248.0,0,0,LIMT
2015-12-29,1085.0,1085.0,1085.0,1085.0,0,1,LIMT
2015-12-30,1085.0,1085.0,1085.0,1085.0,0,1,LIMT
2015-12-30,1248.0,1248.0,1248.0,1248.0,0,0,LIMT
2015-12-31,1248.0,1248.0,1248.0,1248.0,0,0,LIMT
2015-12-31,1085.0,1085.0,1085.0,1085.0,0,1,LIMT
2016-01-01,1085.0,1085.0,1085.0,1085.0,0,1,LIMT
2016-01-01,1248.0,1248.0,1248.0,1248.0,0,0,LIMT
2016-01-04,1085.0,1085.0,1085.0,1085.0,0,1,LIMT
2016-01-04,1248.0,1248.0,1248.0,1248.0,0,0,LIMT
2016-01-05,1248.0,1248.0,1248.0,1248.0,0,0,LIMT
2016-01-05,1085.0,1085.0,1085.0,1085.0,0,1,LIMT
2016-01-06,1248.0,1248.0,1248.0,1248.0,0,0,LIMT
2016-01-06,1085.0,1085.0,1085.0,1085.0,0,1,LIMT
2016-01-07,1248.0,1248.0,1248.0,1248.0,0,0,LIMT
2016-01-07,1085.0,1085.0,1085.0,1085.0,0,1,LIMT
2016-01-08,1248.0,1248.0,1248.0,1248.0,0,0,LIMT
2016-01-08,1085.0,1085.0,1085.0,1085.0,0,1,LIMT
2016-01-11,1248.0,1248.0,1248.0,1248.0,0,0,LIMT
2016-01-11,1085.0,1085.0,1085.0,1085.0,0,1,LIMT
2016-01-12,1085.0,1085.0,1085.0,1085.0,0,1,LIMT
2016-01-12,1248.0,1248.0,1248.0,1248.0,0,0,LIMT
2016-01-13,1085.0,1085.0,1085.0,1085.0,0,1,LIMT
2016-01-13,1248.0,1248.0,1248.0,1248.0,0,0,LIMT
2016-01-14,1085.0,1085.0,1085.0,1085.0,0,1,LIMT
2016-01-14,1248.0,1248.0,1248.0,1248.0,0,0,LIMT
2016-01-15,1085.0,1085.0,1085.0,1085.0,0,1,LIMT
2016-01-15,1248.0,1248.0,1248.0,1248.0,0,0,LIMT
2016-01-18,1085.0,1085.0,1085.0,1085.0,0,1,LIMT
2016-01-18,1248.0,1248.0,1248.0,1248.0,0,0,LIMT
2016-01-19,1085.0,1085.0,1085.0,1085.0,0,1,LIMT
2016-01-19,1248.0,1248.0,1248.0,1248.0,0,0,LIMT
2016-01-20,1085.0,1085.0,1085.0,1085.0,0,1,LIMT
2016-01-20,1248.0,1248.0,1248.0,1248.0,0,0,LIMT
2016-01-21,1085.0,1085.0,1085.0,1085.0,0,1,LIMT
2016-01-21,1248.0,1248.0,1248.0,1248.0,0,0,LIMT
2016-01-22,1085.0,1085.0,1085.0,1085.0,0,1,LIMT
2016-01-22,1248.0,1248.0,1248.0,1248.0,0,0,LIMT
2016-01-25,1248.0,1248.0,1248.0,1248.0,0,0,LIMT
2016-01-25,1085.0,1085.0,1085.0,1085.0,0,1,LIMT
2016-01-26,1248.0,1248.0,1248.0,1248.0,0,0,LIMT
2016-01-26,1085.0,1085.0,1085.0,1085.0,0,1,LIMT
2016-01-27,1085.0,1085.0,980.0,980.0,1000,0,LIMT
2016-01-28,980.0,980.0,980.0,980.0,0,0,LIMT
2016-01-29,980.0,980.0,882.0,883.0,200,0,LIMT
2016-02-01,883.0,883.0,883.0,883.0,0,0,LIMT
2016-02-01,980.0,885.0,882.0,883.0,200,1,LIMT
2016-02-02,883.0,883.0,800.0,800.0,100,0,LIMT
2016-02-03,800.0,800.0,800.0,800.0,0,0,LIMT
2016-02-04,800.0,800.0,756.0,756.0,100,0,LIMT
2016-02-05,756.0,756.0,756.0,756.0,0,0,LIMT
2016-02-05,756.0,756.0,681.0,744.0,700,1,LIMT
2016-02-08,756.0,756.0,756.0,756.0,0,0,LIMT
2016-02-08,744.0,744.0,744.0,744.0,0,1,LIMT
2016-02-09,756.0,756.0,756.0,756.0,0,0,LIMT
2016-02-09,744.0,744.0,744.0,744.0,0,1,LIMT
2016-02-10,744.0,744.0,744.0,744.0,0,1,LIMT
2016-02-10,756.0,756.0,756.0,756.0,0,0,LIMT
2016-02-11,756.0,756.0,756.0,756.0,0,0,LIMT
2016-02-11,744.0,744.0,744.0,744.0,0,1,LIMT
2016-02-12,744.0,744.0,744.0,744.0,0,1,LIMT
2016-02-12,756.0,756.0,756.0,756.0,0,0,LIMT
2016-02-15,756.0,756.0,756.0,756.0,0,0,LIMT
2016-02-15,744.0,744.0,744.0,744.0,0,1,LIMT
2016-02-16,756.0,756.0,756.0,756.0,0,0,LIMT
2016-02-16,744.0,744.0,744.0,744.0,0,1,LIMT
2016-02-17,756.0,756.0,756.0,756.0,0,0,LIMT
2016-02-17,744.0,744.0,744.0,744.0,0,1,LIMT
2016-02-18,744.0,744.0,744.0,744.0,0,1,LIMT
2016-02-18,756.0,756.0,756.0,756.0,0,0,LIMT
2016-02-19,756.0,756.0,756.0,756.0,0,0,LIMT
2016-02-19,744.0,744.0,744.0,744.0,0,1,LIMT
2016-02-22,756.0,756.0,756.0,756.0,0,0,LIMT
2016-02-22,744.0,744.0,744.0,744.0,0,1,LIMT
2016-02-23,756.0,756.0,756.0,756.0,0,0,LIMT
2016-02-23,744.0,744.0,744.0,744.0,0,1,LIMT
2016-02-24,756.0,756.0,756.0,756.0,0,0,LIMT
2016-02-24,744.0,744.0,744.0,744.0,0,1,LIMT
2016-02-25,756.0,756.0,756.0,756.0,0,0,LIMT
2016-02-25,744.0,744.0,744.0,744.0,0,1,LIMT
2016-02-26,756.0,756.0,756.0,756.0,0,0,LIMT
2016-02-26,744.0,810.0,810.0,810.0,100,1,LIMT
2016-02-29,810.0,810.0,810.0,810.0,0,1,LIMT
2016-02-29,756.0,756.0,756.0,756.0,0,0,LIMT
2016-03-01,810.0,810.0,810.0,810.0,0,1,LIMT
2016-03-01,756.0,756.0,756.0,756.0,0,0,LIMT
2016-03-02,810.0,810.0,810.0,810.0,0,1,LIMT
2016-03-02,756.0,756.0,756.0,756.0,0,0,LIMT
2016-03-03,810.0,840.0,840.0,840.0,100,1,LIMT
2016-03-03,756.0,756.0,756.0,756.0,0,0,LIMT
2016-03-04,840.0,840.0,840.0,840.0,0,1,LIMT
2016-03-04,756.0,756.0,756.0,756.0,0,0,LIMT
2016-03-07,840.0,840.0,840.0,840.0,0,1,LIMT
2016-03-07,756.0,756.0,756.0,756.0,0,0,LIMT
2016-03-08,840.0,840.0,840.0,840.0,0,1,LIMT
2016-03-08,756.0,756.0,756.0,756.0,0,0,LIMT
2016-03-09,840.0,840.0,840.0,840.0,0,1,LIMT
2016-03-09,756.0,756.0,756.0,756.0,0,0,LIMT
2016-03-10,756.0,756.0,756.0,756.0,0,0,LIMT
2016-03-10,840.0,840.0,840.0,840.0,0,1,LIMT
2016-03-11,756.0,756.0,756.0,756.0,0,0,LIMT
2016-03-11,840.0,840.0,840.0,840.0,0,1,LIMT
2016-03-14,840.0,840.0,840.0,840.0,0,1,LIMT
2016-03-14,756.0,756.0,756.0,756.0,0,0,LIMT
2016-03-15,756.0,756.0,756.0,756.0,0,0,LIMT
2016-03-15,840.0,840.0,840.0,840.0,100,1,LIMT
2016-03-16,840.0,840.0,840.0,840.0,0,1,LIMT
2016-03-16,756.0,756.0,756.0,756.0,0,0,LIMT
2016-03-17,840.0,800.0,775.0,799.0,82800,1,LIMT
2016-03-17,756.0,756.0,756.0,756.0,0,0,LIMT
2016-03-18,799.0,799.0,799.0,799.0,0,1,LIMT
2016-03-18,756.0,756.0,756.0,756.0,0,0,LIMT
2016-03-21,799.0,799.0,799.0,799.0,0,1,LIMT
2016-03-21,756.0,756.0,756.0,756.0,0,0,LIMT
2016-03-22,799.0,799.0,799.0,799.0,0,1,LIMT
2016-03-22,756.0,756.0,756.0,756.0,0,0,LIMT
2016-03-23,799.0,799.0,799.0,799.0,0,1,LIMT
2016-03-23,756.0,756.0,756.0,756.0,0,0,LIMT
2016-03-24,799.0,799.0,799.0,799.0,0,1,LIMT
2016-03-24,756.0,756.0,756.0,756.0,0,0,LIMT
2016-03-25,799.0,799.0,799.0,799.0,0,1,LIMT
2016-03-25,756.0,756.0,756.0,756.0,0,0,LIMT
2016-03-28,756.0,756.0,756.0,756.0,0,0,LIMT
2016-03-28,799.0,799.0,799.0,799.0,0,1,LIMT
2016-03-29,756.0,756.0,756.0,756.0,0,0,LIMT
2016-03-29,799.0,799.0,799.0,799.0,0,1,LIMT
2016-03-30,799.0,799.0,799.0,799.0,0,1,LIMT
2016-03-30,756.0,756.0,756.0,756.0,0,0,LIMT
2016-03-31,799.0,799.0,799.0,799.0,0,1,LIMT
2016-03-31,756.0,756.0,756.0,756.0,0,0,LIMT
2016-04-01,799.0,799.0,799.0,799.0,0,1,LIMT
2016-04-01,756.0,756.0,756.0,756.0,0,0,LIMT
2016-04-04,756.0,756.0,756.0,756.0,0,0,LIMT
2016-04-04,799.0,799.0,799.0,799.0,0,1,LIMT
2016-04-05,799.0,799.0,799.0,799.0,0,1,LIMT
2016-04-05,756.0,756.0,756.0,756.0,0,0,LIMT
2016-04-06,756.0,756.0,756.0,756.0,0,0,LIMT
2016-04-06,799.0,799.0,799.0,799.0,0,1,LIMT
2016-04-07,799.0,799.0,799.0,799.0,0,1,LIMT
2016-04-07,756.0,756.0,756.0,756.0,0,0,LIMT
2016-04-08,799.0,799.0,799.0,799.0,0,1,LIMT
2016-04-08,756.0,756.0,756.0,756.0,0,0,LIMT
2016-04-11,756.0,756.0,756.0,756.0,0,0,LIMT
2016-04-11,799.0,799.0,799.0,799.0,0,1,LIMT
2016-04-12,799.0,799.0,799.0,799.0,0,1,LIMT
2016-04-12,756.0,756.0,756.0,756.0,0,0,LIMT
2016-04-13,756.0,756.0,756.0,756.0,0,0,LIMT
2016-04-13,799.0,799.0,799.0,799.0,0,1,LIMT
2016-04-14,756.0,756.0,756.0,756.0,0,0,LIMT
2016-04-14,799.0,799.0,799.0,799.0,0,1,LIMT
2016-04-15,756.0,756.0,756.0,756.0,0,0,LIMT
2016-04-15,799.0,799.0,799.0,799.0,0,1,LIMT
2016-04-18,756.0,756.0,756.0,756.0,0,0,LIMT
2016-04-18,799.0,799.0,799.0,799.0,0,1,LIMT
2016-04-19,799.0,799.0,799.0,799.0,0,1,LIMT
2016-04-19,756.0,756.0,756.0,756.0,0,0,LIMT
2016-04-20,756.0,756.0,756.0,756.0,0,0,LIMT
2016-04-20,799.0,799.0,799.0,799.0,0,1,LIMT
2016-04-21,756.0,756.0,756.0,756.0,0,0,LIMT
2016-04-21,799.0,799.0,799.0,799.0,0,1,LIMT
2016-04-22,799.0,799.0,799.0,799.0,0,1,LIMT
2016-04-22,756.0,756.0,756.0,756.0,0,0,LIMT
2016-04-25,756.0,756.0,756.0,756.0,0,0,LIMT
2016-04-25,799.0,799.0,799.0,799.0,0,1,LIMT
2016-04-26,799.0,799.0,799.0,799.0,0,1,LIMT
2016-04-26,756.0,756.0,756.0,756.0,0,0,LIMT
2016-04-27,799.0,799.0,799.0,799.0,0,1,LIMT
2016-04-27,756.0,756.0,756.0,756.0,0,0,LIMT
2016-04-28,756.0,756.0,756.0,756.0,0,0,LIMT
2016-04-28,799.0,799.0,799.0,799.0,0,1,LIMT
2016-04-29,756.0,756.0,756.0,756.0,0,0,LIMT
2016-04-29,799.0,799.0,799.0,799.0,0,1,LIMT
2016-05-02,756.0,756.0,756.0,756.0,0,0,LIMT
2016-05-02,799.0,799.0,799.0,799.0,0,1,LIMT
2016-05-03,756.0,756.0,756.0,756.0,0,0,LIMT
2016-05-03,799.0,799.0,799.0,799.0,0,1,LIMT
2016-05-04,799.0,799.0,799.0,799.0,0,1,LIMT
2016-05-04,756.0,756.0,756.0,756.0,0,0,LIMT
2016-05-05,756.0,756.0,756.0,756.0,0,0,LIMT
2016-05-05,799.0,799.0,799.0,799.0,0,1,LIMT
2016-05-06,756.0,756.0,756.0,756.0,0,0,LIMT
2016-05-06,799.0,799.0,799.0,799.0,0,1,LIMT
2016-05-09,756.0,756.0,756.0,756.0,0,0,LIMT
2016-05-09,799.0,799.0,799.0,799.0,0,1,LIMT
2016-05-10,799.0,799.0,799.0,799.0,0,1,LIMT
2016-05-10,756.0,756.0,756.0,756.0,0,0,LIMT
2016-05-11,799.0,799.0,799.0,799.0,0,1,LIMT
2016-05-11,756.0,756.0,756.0,756.0,0,0,LIMT
2016-05-12,799.0,799.0,799.0,799.0,0,1,LIMT
2016-05-12,756.0,756.0,756.0,756.0,0,0,LIMT
2016-05-13,799.0,799.0,799.0,799.0,0,1,LIMT
2016-05-13,756.0,756.0,756.0,756.0,0,0,LIMT
2016-05-16,756.0,756.0,756.0,756.0,0,0,LIMT
2016-05-16,799.0,799.0,799.0,799.0,0,1,LIMT
2016-05-17,799.0,799.0,799.0,799.0,0,1,LIMT
2016-05-17,756.0,756.0,756.0,756.0,0,0,LIMT
2016-05-18,799.0,799.0,799.0,799.0,0,1,LIMT
2016-05-18,756.0,756.0,756.0,756.0,0,0,LIMT
2016-05-19,799.0,799.0,799.0,799.0,0,1,LIMT
2016-05-19,756.0,756.0,756.0,756.0,0,0,LIMT
2016-05-20,799.0,799.0,799.0,799.0,0,1,LIMT
2016-05-20,756.0,756.0,756.0,756.0,0,0,LIMT
2016-05-23,799.0,799.0,799.0,799.0,0,1,LIMT
2016-05-23,756.0,756.0,756.0,756.0,0,0,LIMT
2016-05-24,756.0,756.0,756.0,756.0,0,0,LIMT
2016-05-24,799.0,799.0,799.0,799.0,0,1,LIMT
2016-05-25,756.0,756.0,756.0,756.0,0,0,LIMT
2016-05-25,799.0,799.0,799.0,799.0,0,1,LIMT
2016-05-26,799.0,799.0,799.0,799.0,0,1,LIMT
2016-05-26,756.0,756.0,756.0,756.0,0,0,LIMT
2016-05-27,756.0,756.0,756.0,756.0,0,0,LIMT
2016-05-27,799.0,799.0,799.0,799.0,0,1,LIMT
2016-05-30,756.0,756.0,756.0,756.0,0,0,LIMT
2016-05-30,799.0,799.0,799.0,799.0,0,1,LIMT
2016-05-31,756.0,756.0,756.0,756.0,0,0,LIMT
2016-05-31,799.0,799.0,799.0,799.0,0,1,LIMT
2016-06-01,756.0,756.0,756.0,756.0,0,0,LIMT
2016-06-01,799.0,799.0,799.0,799.0,0,1,LIMT
2016-06-02,799.0,799.0,799.0,799.0,0,1,LIMT
2016-06-02,756.0,756.0,756.0,756.0,0,0,LIMT
2016-06-03,799.0,799.0,799.0,799.0,0,1,LIMT
2016-06-03,756.0,756.0,756.0,756.0,0,0,LIMT
2016-06-06,756.0,756.0,756.0,756.0,0,0,LIMT
2016-06-06,799.0,799.0,799.0,799.0,0,1,LIMT
2016-06-07,756.0,756.0,756.0,756.0,0,0,LIMT
2016-06-07,799.0,799.0,799.0,799.0,0,1,LIMT
2016-06-08,756.0,756.0,756.0,756.0,0,0,LIMT
2016-06-08,799.0,799.0,799.0,799.0,0,1,LIMT
2016-06-09,756.0,756.0,756.0,756.0,0,0,LIMT
2016-06-09,799.0,799.0,799.0,799.0,0,1,LIMT
2016-06-10,799.0,799.0,799.0,799.0,0,1,LIMT
2016-06-10,756.0,756.0,756.0,756.0,0,0,LIMT
2016-06-13,756.0,756.0,756.0,756.0,0,0,LIMT
2016-06-13,799.0,799.0,799.0,799.0,0,1,LIMT
2016-06-14,756.0,756.0,756.0,756.0,0,0,LIMT
2016-06-14,799.0,799.0,799.0,799.0,0,1,LIMT
2016-06-15,756.0,756.0,756.0,756.0,0,0,LIMT
2016-06-15,799.0,799.0,799.0,799.0,0,1,LIMT
2016-06-16,756.0,756.0,756.0,756.0,0,0,LIMT
2016-06-16,799.0,799.0,799.0,799.0,0,1,LIMT
2016-06-17,756.0,756.0,756.0,756.0,0,0,LIMT
2016-06-17,799.0,799.0,799.0,799.0,0,1,LIMT
2016-06-20,756.0,756.0,756.0,756.0,0,0,LIMT
2016-06-20,799.0,799.0,799.0,799.0,0,1,LIMT
2016-06-21,756.0,756.0,756.0,756.0,0,0,LIMT
2016-06-21,799.0,799.0,799.0,799.0,0,1,LIMT
2016-06-22,799.0,799.0,799.0,799.0,0,1,LIMT
2016-06-22,756.0,756.0,756.0,756.0,0,0,LIMT
2016-06-23,756.0,756.0,756.0,756.0,0,0,LIMT
2016-06-23,799.0,799.0,799.0,799.0,0,1,LIMT
2016-06-24,756.0,756.0,756.0,756.0,0,0,LIMT
2016-06-24,799.0,799.0,799.0,799.0,0,1,LIMT
2016-06-27,799.0,799.0,799.0,799.0,0,1,LIMT
2016-06-27,756.0,756.0,756.0,756.0,0,0,LIMT
2016-06-28,799.0,799.0,799.0,799.0,0,1,LIMT
2016-06-28,756.0,756.0,756.0,756.0,0,0,LIMT
2016-06-29,799.0,799.0,799.0,799.0,0,1,LIMT
2016-06-29,756.0,756.0,756.0,756.0,0,0,LIMT
2016-06-30,799.0,799.0,799.0,799.0,0,1,LIMT
2016-06-30,756.0,756.0,756.0,756.0,0,0,LIMT
2016-07-01,756.0,756.0,756.0,756.0,0,0,LIMT
2016-07-01,799.0,799.0,799.0,799.0,0,1,LIMT
2016-07-04,799.0,799.0,799.0,799.0,0,1,LIMT
2016-07-04,756.0,756.0,756.0,756.0,0,0,LIMT
2016-07-05,799.0,799.0,799.0,799.0,0,1,LIMT
2016-07-05,756.0,756.0,756.0,756.0,0,0,LIMT
2016-07-06,756.0,756.0,756.0,756.0,0,0,LIMT
2016-07-06,799.0,799.0,799.0,799.0,0,1,LIMT
2016-07-07,756.0,756.0,756.0,756.0,0,0,LIMT
2016-07-07,799.0,799.0,799.0,799.0,0,1,LIMT
2016-07-08,756.0,756.0,756.0,756.0,0,0,LIMT
2016-07-08,799.0,799.0,799.0,799.0,0,1,LIMT
2016-07-11,799.0,799.0,799.0,799.0,0,1,LIMT
2016-07-11,756.0,756.0,756.0,756.0,0,0,LIMT
2016-07-12,799.0,799.0,799.0,799.0,0,1,LIMT
2016-07-12,756.0,756.0,756.0,756.0,0,0,LIMT
2016-07-13,799.0,799.0,799.0,799.0,0,1,LIMT
2016-07-13,756.0,756.0,756.0,756.0,0,0,LIMT
2016-07-14,756.0,756.0,756.0,756.0,0,0,LIMT
2016-07-14,799.0,800.0,800.0,800.0,200,1,LIMT
2016-07-15,756.0,756.0,756.0,756.0,0,0,LIMT
2016-07-15,800.0,800.0,800.0,800.0,0,1,LIMT
2016-07-18,756.0,756.0,756.0,756.0,0,0,LIMT
2016-07-18,800.0,800.0,800.0,800.0,0,1,LIMT
2016-07-19,756.0,756.0,756.0,756.0,0,0,LIMT
2016-07-19,800.0,800.0,800.0,800.0,0,1,LIMT
2016-07-20,756.0,756.0,756.0,756.0,0,0,LIMT
2016-07-20,800.0,800.0,800.0,800.0,200,1,LIMT
2016-07-21,756.0,756.0,756.0,756.0,0,0,LIMT
2016-07-21,800.0,800.0,800.0,800.0,0,1,LIMT
2016-07-22,756.0,756.0,756.0,756.0,0,0,LIMT
2016-07-22,800.0,800.0,800.0,800.0,0,1,LIMT
2016-07-25,756.0,756.0,756.0,756.0,0,0,LIMT
2016-07-25,800.0,800.0,800.0,800.0,0,1,LIMT
2016-07-26,756.0,756.0,756.0,756.0,0,0,LIMT
2016-07-26,800.0,800.0,800.0,800.0,0,1,LIMT
2016-07-27,800.0,800.0,800.0,800.0,0,1,LIMT
2016-07-27,756.0,756.0,756.0,756.0,0,0,LIMT
2016-07-28,756.0,756.0,756.0,756.0,0,0,LIMT
2016-07-28,800.0,800.0,800.0,800.0,0,1,LIMT
2016-07-29,756.0,756.0,756.0,756.0,0,0,LIMT
2016-07-29,800.0,800.0,800.0,800.0,0,1,LIMT
2016-08-01,800.0,800.0,800.0,800.0,0,1,LIMT
2016-08-01,756.0,756.0,756.0,756.0,0,0,LIMT
2016-08-02,756.0,756.0,756.0,756.0,0,0,LIMT
2016-08-02,800.0,800.0,800.0,800.0,0,1,LIMT
2016-08-03,756.0,756.0,756.0,756.0,0,0,LIMT
2016-08-03,800.0,800.0,800.0,800.0,0,1,LIMT
2016-08-04,756.0,756.0,756.0,756.0,0,0,LIMT
2016-08-04,800.0,800.0,800.0,800.0,0,1,LIMT
2016-08-05,800.0,800.0,800.0,800.0,0,1,LIMT
2016-08-05,756.0,756.0,756.0,756.0,0,0,LIMT
2016-08-08,800.0,800.0,800.0,800.0,0,1,LIMT
2016-08-08,756.0,756.0,756.0,756.0,0,0,LIMT
2016-08-09,756.0,756.0,756.0,756.0,0,0,LIMT
2016-08-09,800.0,800.0,800.0,800.0,0,1,LIMT
2016-08-10,800.0,800.0,800.0,800.0,0,1,LIMT
2016-08-10,756.0,756.0,756.0,756.0,0,0,LIMT
2016-08-11,756.0,756.0,756.0,756.0,0,0,LIMT
2016-08-11,800.0,800.0,800.0,800.0,0,1,LIMT
2016-08-12,800.0,800.0,800.0,800.0,0,1,LIMT
2016-08-12,756.0,756.0,756.0,756.0,0,0,LIMT
2016-08-15,800.0,800.0,800.0,800.0,0,1,LIMT
2016-08-15,756.0,756.0,756.0,756.0,0,0,LIMT
2016-08-16,800.0,800.0,800.0,800.0,0,1,LIMT
2016-08-16,756.0,756.0,756.0,756.0,0,0,LIMT
2016-08-17,756.0,756.0,756.0,756.0,0,0,LIMT
2016-08-17,800.0,800.0,800.0,800.0,0,1,LIMT
2016-08-18,756.0,756.0,756.0,756.0,0,0,LIMT
2016-08-18,800.0,800.0,800.0,800.0,0,1,LIMT
2016-08-19,800.0,800.0,800.0,800.0,0,1,LIMT
2016-08-19,756.0,756.0,756.0,756.0,0,0,LIMT
2016-08-22,756.0,756.0,756.0,756.0,0,0,LIMT
2016-08-22,800.0,800.0,800.0,800.0,0,1,LIMT
2016-08-23,756.0,756.0,756.0,756.0,0,0,LIMT
2016-08-23,800.0,800.0,800.0,800.0,0,1,LIMT
2016-08-24,756.0,756.0,756.0,756.0,0,0,LIMT
2016-08-24,800.0,790.0,790.0,790.0,100,1,LIMT
2016-08-25,756.0,756.0,756.0,756.0,0,0,LIMT
2016-08-25,790.0,790.0,790.0,790.0,0,1,LIMT
2016-08-26,756.0,756.0,756.0,756.0,0,0,LIMT
2016-08-26,790.0,790.0,790.0,790.0,0,1,LIMT
2016-08-29,756.0,756.0,756.0,756.0,0,0,LIMT
2016-08-29,790.0,790.0,790.0,790.0,0,1,LIMT
2016-08-30,790.0,790.0,790.0,790.0,0,1,LIMT
2016-08-30,756.0,756.0,756.0,756.0,0,0,LIMT
2016-08-31,756.0,756.0,756.0,756.0,0,0,LIMT
2016-08-31,790.0,790.0,790.0,790.0,0,1,LIMT
2016-09-01,756.0,756.0,756.0,756.0,0,0,LIMT
2016-09-01,790.0,790.0,790.0,790.0,0,1,LIMT
2016-09-02,756.0,756.0,756.0,756.0,0,0,LIMT
2016-09-02,790.0,790.0,790.0,790.0,0,1,LIMT
2016-09-05,756.0,756.0,756.0,756.0,0,0,LIMT
2016-09-05,790.0,790.0,790.0,790.0,0,1,LIMT
2016-09-06,790.0,790.0,790.0,790.0,0,1,LIMT
2016-09-06,756.0,756.0,756.0,756.0,0,0,LIMT
2016-09-07,756.0,756.0,756.0,756.0,0,0,LIMT
2016-09-07,790.0,790.0,790.0,790.0,0,1,LIMT
2016-09-08,790.0,720.0,720.0,720.0,2000,1,LIMT
2016-09-08,756.0,756.0,756.0,756.0,0,0,LIMT
2016-09-09,720.0,720.0,720.0,720.0,0,1,LIMT
2016-09-09,756.0,756.0,756.0,756.0,0,0,LIMT
2016-09-12,720.0,720.0,720.0,720.0,0,1,LIMT
2016-09-12,756.0,756.0,756.0,756.0,0,0,LIMT
2016-09-13,756.0,756.0,756.0,756.0,0,0,LIMT
2016-09-13,720.0,720.0,720.0,720.0,0,1,LIMT
2016-09-14,720.0,720.0,720.0,720.0,0,1,LIMT
2016-09-14,756.0,756.0,756.0,756.0,0,0,LIMT
2016-09-15,756.0,756.0,756.0,756.0,0,0,LIMT
2016-09-15,720.0,720.0,720.0,720.0,0,1,LIMT
2016-09-16,720.0,720.0,720.0,720.0,0,1,LIMT
2016-09-16,756.0,756.0,756.0,756.0,0,0,LIMT
2016-09-19,720.0,720.0,720.0,720.0,0,1,LIMT
2016-09-19,756.0,756.0,756.0,756.0,0,0,LIMT
2016-09-20,756.0,756.0,756.0,756.0,0,0,LIMT
2016-09-20,720.0,720.0,720.0,720.0,0,1,LIMT
2016-09-21,720.0,720.0,720.0,720.0,0,1,LIMT
2016-09-21,756.0,756.0,756.0,756.0,0,0,LIMT
2016-09-22,756.0,756.0,756.0,756.0,0,0,LIMT
2016-09-22,720.0,650.0,650.0,650.0,100,1,LIMT
2016-09-23,756.0,756.0,756.0,756.0,0,0,LIMT
2016-09-23,650.0,650.0,650.0,650.0,0,1,LIMT
2016-09-26,650.0,650.0,650.0,650.0,0,1,LIMT
2016-09-26,756.0,756.0,756.0,756.0,0,0,LIMT
2016-09-27,650.0,650.0,650.0,650.0,0,1,LIMT
2016-09-27,756.0,756.0,756.0,756.0,0,0,LIMT
2016-09-28,756.0,756.0,756.0,756.0,0,0,LIMT
2016-09-28,650.0,650.0,650.0,650.0,0,1,LIMT
2016-09-29,756.0,756.0,756.0,756.0,0,0,LIMT
2016-09-29,650.0,650.0,650.0,650.0,0,1,LIMT
2016-09-30,650.0,650.0,650.0,650.0,0,1,LIMT
2016-09-30,756.0,756.0,756.0,756.0,0,0,LIMT
2016-10-03,756.0,756.0,756.0,756.0,0,0,LIMT
2016-10-03,650.0,650.0,650.0,650.0,0,1,LIMT
2016-10-04,756.0,756.0,756.0,756.0,0,0,LIMT
2016-10-04,650.0,650.0,650.0,650.0,0,1,LIMT
2016-10-05,756.0,756.0,756.0,756.0,0,0,LIMT
2016-10-05,650.0,650.0,650.0,650.0,0,1,LIMT
2016-10-06,650.0,650.0,650.0,650.0,0,1,LIMT
2016-10-06,756.0,756.0,756.0,756.0,0,0,LIMT
2016-10-07,650.0,650.0,650.0,650.0,0,1,LIMT
2016-10-07,756.0,756.0,756.0,756.0,0,0,LIMT
2016-10-10,650.0,650.0,590.0,593.0,300,0,LIMT
2016-10-11,593.0,593.0,593.0,593.0,0,0,LIMT
2016-10-12,593.0,593.0,540.0,540.0,200,0,LIMT
2016-10-13,540.0,540.0,540.0,540.0,0,0,LIMT
2016-10-14,540.0,490.0,490.0,490.0,200,1,LIMT
2016-10-14,540.0,540.0,540.0,540.0,0,0,LIMT
2016-10-17,490.0,490.0,490.0,490.0,100,1,LIMT
2016-10-17,540.0,540.0,540.0,540.0,0,0,LIMT
2016-10-18,490.0,490.0,490.0,490.0,0,1,LIMT
2016-10-18,540.0,540.0,540.0,540.0,0,0,LIMT
2016-10-19,490.0,490.0,490.0,490.0,0,1,LIMT
2016-10-19,540.0,540.0,540.0,540.0,0,0,LIMT
2016-10-20,490.0,490.0,490.0,490.0,0,1,LIMT
2016-10-20,540.0,540.0,540.0,540.0,0,0,LIMT
2016-10-21,540.0,540.0,540.0,540.0,0,0,LIMT
2016-10-21,490.0,490.0,490.0,490.0,0,1,LIMT
2016-10-24,540.0,540.0,540.0,540.0,0,0,LIMT
2016-10-24,490.0,490.0,490.0,490.0,0,1,LIMT
2016-10-25,540.0,540.0,540.0,540.0,0,0,LIMT
2016-10-25,490.0,490.0,490.0,490.0,100,1,LIMT
2016-10-26,540.0,540.0,540.0,540.0,0,0,LIMT
2016-10-26,490.0,490.0,490.0,490.0,0,1,LIMT
2016-10-27,540.0,540.0,540.0,540.0,0,0,LIMT
2016-10-27,490.0,490.0,490.0,490.0,0,1,LIMT
2016-10-28,490.0,490.0,490.0,490.0,0,1,LIMT
2016-10-28,540.0,540.0,540.0,540.0,0,0,LIMT
2016-10-31,540.0,540.0,540.0,540.0,0,0,LIMT
2016-10-31,490.0,490.0,490.0,490.0,0,1,LIMT
2016-11-01,490.0,490.0,490.0,490.0,0,1,LIMT
2016-11-01,540.0,540.0,540.0,540.0,0,0,LIMT
2016-11-02,490.0,490.0,490.0,490.0,0,1,LIMT
2016-11-02,540.0,540.0,540.0,540.0,0,0,LIMT
2016-11-03,490.0,490.0,490.0,490.0,0,1,LIMT
2016-11-03,540.0,540.0,540.0,540.0,0,0,LIMT
2016-11-04,490.0,490.0,490.0,490.0,0,1,LIMT
2016-11-04,540.0,540.0,540.0,540.0,0,0,LIMT
2016-11-07,540.0,540.0,540.0,540.0,0,0,LIMT
2016-11-07,490.0,490.0,490.0,490.0,0,1,LIMT
2016-11-08,490.0,490.0,490.0,490.0,0,1,LIMT
2016-11-08,540.0,540.0,540.0,540.0,0,0,LIMT
2016-11-09,540.0,540.0,540.0,540.0,0,0,LIMT
2016-11-09,490.0,530.0,530.0,530.0,100,1,LIMT
2016-11-10,540.0,540.0,540.0,540.0,0,0,LIMT
2016-11-10,530.0,530.0,530.0,530.0,0,1,LIMT
2016-11-11,540.0,540.0,540.0,540.0,0,0,LIMT
2016-11-11,530.0,530.0,530.0,530.0,0,1,LIMT
2016-11-14,540.0,540.0,540.0,540.0,0,0,LIMT
2016-11-14,530.0,530.0,530.0,530.0,0,1,LIMT
2016-11-15,530.0,530.0,530.0,530.0,0,1,LIMT
2016-11-15,540.0,540.0,540.0,540.0,0,0,LIMT
2016-11-16,540.0,540.0,540.0,540.0,0,0,LIMT
2016-11-16,530.0,530.0,530.0,530.0,0,1,LIMT
2016-11-17,540.0,540.0,540.0,540.0,0,0,LIMT
2016-11-17,530.0,530.0,530.0,530.0,0,1,LIMT
2016-11-18,540.0,540.0,540.0,540.0,0,0,LIMT
2016-11-18,530.0,530.0,530.0,530.0,0,1,LIMT
2016-11-21,530.0,530.0,530.0,530.0,0,1,LIMT
2016-11-21,540.0,540.0,540.0,540.0,0,0,LIMT
2016-11-22,540.0,540.0,540.0,540.0,0,0,LIMT
2016-11-22,530.0,530.0,530.0,530.0,0,1,LIMT
2016-11-23,540.0,540.0,540.0,540.0,0,0,LIMT
2016-11-23,530.0,530.0,530.0,530.0,0,1,LIMT
2016-11-24,530.0,530.0,530.0,530.0,0,1,LIMT
2016-11-24,540.0,540.0,540.0,540.0,0,0,LIMT
2016-11-25,540.0,540.0,540.0,540.0,0,0,LIMT
2016-11-25,530.0,530.0,530.0,530.0,0,1,LIMT
2016-11-28,530.0,530.0,530.0,530.0,0,1,LIMT
2016-11-28,540.0,540.0,540.0,540.0,0,0,LIMT
2016-11-29,530.0,530.0,530.0,530.0,0,1,LIMT
2016-11-29,540.0,540.0,540.0,540.0,0,0,LIMT
2016-11-30,530.0,530.0,530.0,530.0,0,1,LIMT
2016-11-30,540.0,540.0,540.0,540.0,0,0,LIMT
2016-12-01,540.0,540.0,540.0,540.0,0,0,LIMT
2016-12-01,530.0,530.0,530.0,530.0,0,1,LIMT
2016-12-02,540.0,540.0,540.0,540.0,0,0,LIMT
2016-12-02,530.0,530.0,530.0,530.0,0,1,LIMT
2016-12-05,530.0,530.0,530.0,530.0,0,1,LIMT
2016-12-05,540.0,540.0,540.0,540.0,0,0,LIMT
2016-12-06,530.0,530.0,530.0,530.0,0,1,LIMT
2016-12-06,540.0,540.0,540.0,540.0,0,0,LIMT
2016-12-07,530.0,530.0,530.0,530.0,0,1,LIMT
2016-12-07,540.0,540.0,540.0,540.0,0,0,LIMT
2016-12-08,530.0,530.0,530.0,530.0,0,1,LIMT
2016-12-08,540.0,540.0,540.0,540.0,0,0,LIMT
2016-12-09,530.0,530.0,530.0,530.0,0,1,LIMT
2016-12-09,540.0,540.0,540.0,540.0,0,0,LIMT
2016-12-12,540.0,540.0,540.0,540.0,0,0,LIMT
2016-12-12,530.0,530.0,530.0,530.0,0,1,LIMT
2016-12-13,540.0,540.0,540.0,540.0,0,0,LIMT
2016-12-13,530.0,530.0,530.0,530.0,0,1,LIMT
2016-12-14,540.0,540.0,540.0,540.0,0,0,LIMT
2016-12-14,530.0,530.0,530.0,530.0,0,1,LIMT
2016-12-15,530.0,530.0,530.0,530.0,0,1,LIMT
2016-12-15,540.0,540.0,540.0,540.0,0,0,LIMT
2016-12-16,530.0,530.0,530.0,530.0,0,1,LIMT
2016-12-16,540.0,540.0,540.0,540.0,0,0,LIMT
2016-12-19,530.0,530.0,530.0,530.0,0,1,LIMT
2016-12-19,540.0,540.0,540.0,540.0,0,0,LIMT
2016-12-20,540.0,540.0,540.0,540.0,0,0,LIMT
2016-12-20,530.0,530.0,530.0,530.0,0,1,LIMT
2016-12-21,540.0,540.0,540.0,540.0,0,0,LIMT
2016-12-21,530.0,530.0,530.0,530.0,0,1,LIMT
2016-12-22,540.0,540.0,540.0,540.0,0,0,LIMT
2016-12-22,530.0,530.0,530.0,530.0,0,1,LIMT
2016-12-23,540.0,540.0,540.0,540.0,0,0,LIMT
2016-12-23,530.0,530.0,530.0,530.0,0,1,LIMT
2016-12-26,540.0,540.0,540.0,540.0,0,0,LIMT
2016-12-26,530.0,530.0,530.0,530.0,0,1,LIMT
2016-12-27,540.0,540.0,540.0,540.0,0,0,LIMT
2016-12-27,530.0,530.0,530.0,530.0,0,1,LIMT
2016-12-28,540.0,540.0,540.0,540.0,0,0,LIMT
2016-12-28,530.0,530.0,530.0,530.0,0,1,LIMT
2016-12-29,540.0,540.0,540.0,540.0,0,0,LIMT
2016-12-29,530.0,530.0,530.0,530.0,0,1,LIMT
2016-12-30,540.0,540.0,540.0,540.0,0,0,LIMT
2016-12-30,530.0,530.0,530.0,530.0,0,1,LIMT
2017-01-02,540.0,540.0,540.0,540.0,0,0,LIMT
2017-01-02,530.0,530.0,530.0,530.0,0,1,LIMT
2017-01-03,530.0,530.0,530.0,530.0,100,1,LIMT
2017-01-03,540.0,540.0,540.0,540.0,0,0,LIMT
2017-01-04,540.0,540.0,540.0,540.0,0,0,LIMT
2017-01-04,530.0,530.0,530.0,530.0,0,1,LIMT
2017-01-05,540.0,540.0,540.0,540.0,0,0,LIMT
2017-01-05,530.0,530.0,530.0,530.0,0,1,LIMT
2017-01-06,530.0,530.0,530.0,530.0,0,1,LIMT
2017-01-06,540.0,540.0,540.0,540.0,0,0,LIMT
2017-01-09,530.0,530.0,530.0,530.0,0,1,LIMT
2017-01-09,540.0,540.0,540.0,540.0,0,0,LIMT
2017-01-10,540.0,540.0,540.0,540.0,0,0,LIMT
2017-01-10,530.0,530.0,530.0,530.0,0,1,LIMT
2017-01-11,530.0,530.0,530.0,530.0,0,1,LIMT
2017-01-11,540.0,540.0,540.0,540.0,0,0,LIMT
2017-01-12,540.0,540.0,540.0,540.0,0,0,LIMT
2017-01-12,530.0,530.0,530.0,530.0,0,1,LIMT
2017-01-13,540.0,540.0,540.0,540.0,0,0,LIMT
2017-01-13,530.0,530.0,530.0,530.0,0,1,LIMT
2017-01-16,540.0,540.0,540.0,540.0,0,0,LIMT
2017-01-16,530.0,530.0,530.0,530.0,0,1,LIMT
2017-01-17,540.0,540.0,540.0,540.0,0,0,LIMT
2017-01-17,530.0,530.0,530.0,530.0,0,1,LIMT
2017-01-18,540.0,540.0,540.0,540.0,0,0,LIMT
2017-01-18,530.0,530.0,530.0,530.0,0,1,LIMT
2017-01-19,530.0,530.0,530.0,530.0,0,1,LIMT
2017-01-19,540.0,540.0,540.0,540.0,0,0,LIMT
2017-01-20,530.0,530.0,530.0,530.0,0,1,LIMT
2017-01-20,540.0,540.0,540.0,540.0,0,0,LIMT
2017-01-23,530.0,530.0,530.0,530.0,0,1,LIMT
2017-01-23,540.0,540.0,540.0,540.0,0,0,LIMT
2017-01-24,530.0,530.0,530.0,530.0,0,1,LIMT
2017-01-24,540.0,540.0,540.0,540.0,0,0,LIMT
2017-01-25,540.0,540.0,540.0,540.0,0,0,LIMT
2017-01-25,530.0,530.0,530.0,530.0,0,1,LIMT
2017-01-26,540.0,540.0,540.0,540.0,0,0,LIMT
2017-01-26,530.0,530.0,530.0,530.0,200,1,LIMT
2017-01-27,530.0,530.0,530.0,530.0,0,1,LIMT
2017-01-27,540.0,540.0,540.0,540.0,0,0,LIMT
2017-01-30,540.0,540.0,540.0,540.0,0,0,LIMT
2017-01-30,530.0,530.0,530.0,530.0,0,1,LIMT
2017-01-31,540.0,540.0,540.0,540.0,0,0,LIMT
2017-01-31,530.0,530.0,530.0,530.0,0,1,LIMT
2017-02-01,530.0,530.0,530.0,530.0,100,1,LIMT
2017-02-01,540.0,540.0,540.0,540.0,0,0,LIMT
2017-02-02,540.0,540.0,540.0,540.0,0,0,LIMT
2017-02-02,530.0,530.0,530.0,530.0,0,1,LIMT
2017-02-03,530.0,530.0,530.0,530.0,0,1,LIMT
2017-02-03,540.0,540.0,540.0,540.0,0,0,LIMT
2017-02-06,540.0,540.0,540.0,540.0,0,0,LIMT
2017-02-06,530.0,530.0,530.0,530.0,0,1,LIMT
2017-02-07,540.0,540.0,540.0,540.0,0,0,LIMT
2017-02-07,530.0,530.0,530.0,530.0,0,1,LIMT
2017-02-08,540.0,540.0,540.0,540.0,0,0,LIMT
2017-02-08,530.0,530.0,530.0,530.0,0,1,LIMT
2017-02-09,540.0,540.0,540.0,540.0,0,0,LIMT
2017-02-09,530.0,530.0,530.0,530.0,1900,1,LIMT
2017-02-10,540.0,540.0,540.0,540.0,0,0,LIMT
2017-02-10,530.0,530.0,530.0,530.0,500,1,LIMT
2017-02-13,530.0,530.0,530.0,530.0,0,1,LIMT
2017-02-13,540.0,540.0,540.0,540.0,0,0,LIMT
2017-02-14,540.0,540.0,540.0,540.0,0,0,LIMT
2017-02-14,530.0,530.0,530.0,530.0,1500,1,LIMT
2017-02-15,540.0,540.0,540.0,540.0,0,0,LIMT
2017-02-15,530.0,530.0,500.0,501.0,6000,1,LIMT
2017-02-16,501.0,501.0,501.0,501.0,0,1,LIMT
2017-02-16,540.0,540.0,540.0,540.0,0,0,LIMT
2017-02-17,540.0,540.0,540.0,540.0,0,0,LIMT
2017-02-17,501.0,501.0,501.0,501.0,0,1,LIMT
2017-02-20,540.0,540.0,540.0,540.0,0,0,LIMT
2017-02-20,501.0,501.0,501.0,501.0,0,1,LIMT
2017-02-21,501.0,501.0,501.0,501.0,0,1,LIMT
2017-02-21,540.0,540.0,540.0,540.0,0,0,LIMT
2017-02-22,540.0,540.0,540.0,540.0,0,0,LIMT
2017-02-22,501.0,501.0,501.0,501.0,0,1,LIMT
2017-02-23,501.0,501.0,501.0,501.0,0,1,LIMT
2017-02-23,540.0,540.0,540.0,540.0,0,0,LIMT
2017-02-24,540.0,540.0,540.0,540.0,0,0,LIMT
2017-02-24,501.0,501.0,501.0,501.0,0,1,LIMT
2017-02-27,540.0,540.0,540.0,540.0,0,0,LIMT
2017-02-27,501.0,501.0,501.0,501.0,0,1,LIMT
2017-02-28,501.0,501.0,501.0,501.0,0,1,LIMT
2017-02-28,540.0,540.0,540.0,540.0,0,0,LIMT
2017-03-01,501.0,501.0,501.0,501.0,0,1,LIMT
2017-03-01,540.0,540.0,540.0,540.0,0,0,LIMT
2017-03-02,501.0,501.0,501.0,501.0,0,1,LIMT
2017-03-02,540.0,540.0,540.0,540.0,0,0,LIMT
2017-03-03,501.0,501.0,501.0,501.0,0,1,LIMT
2017-03-03,540.0,540.0,540.0,540.0,0,0,LIMT
2017-03-06,501.0,501.0,501.0,501.0,0,1,LIMT
2017-03-06,540.0,540.0,540.0,540.0,0,0,LIMT
2017-03-07,501.0,550.0,550.0,550.0,1000,1,LIMT
2017-03-07,540.0,540.0,540.0,540.0,0,0,LIMT
2017-03-08,550.0,550.0,550.0,550.0,1000,0,LIMT
2017-03-09,550.0,550.0,550.0,550.0,0,1,LIMT
2017-03-09,550.0,550.0,550.0,550.0,0,0,LIMT
2017-03-10,550.0,501.0,500.0,500.0,2000,1,LIMT
2017-03-10,550.0,550.0,550.0,550.0,0,0,LIMT
2017-03-13,500.0,500.0,500.0,500.0,0,1,LIMT
2017-03-13,550.0,550.0,550.0,550.0,0,0,LIMT
2017-03-14,500.0,500.0,500.0,500.0,0,1,LIMT
2017-03-14,550.0,550.0,550.0,550.0,0,0,LIMT
2017-03-15,550.0,550.0,550.0,550.0,0,0,LIMT
2017-03-15,500.0,500.0,500.0,500.0,0,1,LIMT
2017-03-16,550.0,550.0,550.0,550.0,0,0,LIMT
2017-03-16,500.0,500.0,500.0,500.0,0,1,LIMT
2017-03-17,500.0,500.0,500.0,500.0,0,1,LIMT
2017-03-17,550.0,550.0,550.0,550.0,0,0,LIMT
2017-03-20,550.0,550.0,550.0,550.0,0,0,LIMT
2017-03-20,500.0,500.0,500.0,500.0,0,1,LIMT
2017-03-21,550.0,550.0,550.0,550.0,0,0,LIMT
2017-03-21,500.0,500.0,500.0,500.0,0,1,LIMT
2017-03-22,550.0,550.0,550.0,550.0,0,0,LIMT
2017-03-22,500.0,500.0,500.0,500.0,0,1,LIMT
2017-03-23,550.0,550.0,550.0,550.0,0,0,LIMT
2017-03-23,500.0,500.0,500.0,500.0,0,1,LIMT
2017-03-24,550.0,550.0,550.0,550.0,0,0,LIMT
2017-03-24,500.0,500.0,500.0,500.0,200,1,LIMT
2017-03-27,500.0,500.0,500.0,500.0,0,1,LIMT
2017-03-27,550.0,550.0,550.0,550.0,0,0,LIMT
2017-03-28,500.0,550.0,550.0,550.0,200,1,LIMT
2017-03-28,550.0,550.0,550.0,550.0,0,0,LIMT
2017-03-29,550.0,550.0,550.0,550.0,0,1,LIMT
2017-03-29,550.0,550.0,550.0,550.0,0,0,LIMT
2017-03-30,550.0,550.0,550.0,550.0,0,1,LIMT
2017-03-30,550.0,550.0,550.0,550.0,0,0,LIMT
2017-03-31,550.0,550.0,550.0,550.0,0,1,LIMT
2017-03-31,550.0,550.0,550.0,550.0,0,0,LIMT
2017-04-03,550.0,550.0,550.0,550.0,0,0,LIMT
2017-04-03,550.0,550.0,550.0,550.0,0,1,LIMT
2017-04-04,550.0,550.0,550.0,550.0,0,0,LIMT
2017-04-04,550.0,550.0,550.0,550.0,0,1,LIMT
2017-04-05,550.0,550.0,550.0,550.0,0,0,LIMT
2017-04-05,550.0,550.0,550.0,550.0,0,1,LIMT
2017-04-06,550.0,550.0,550.0,550.0,0,1,LIMT
2017-04-06,550.0,550.0,550.0,550.0,0,0,LIMT
2017-04-07,550.0,550.0,550.0,550.0,0,0,LIMT
2017-04-07,550.0,550.0,550.0,550.0,0,1,LIMT
2017-04-10,550.0,550.0,550.0,550.0,0,0,LIMT
2017-04-10,550.0,550.0,550.0,550.0,0,1,LIMT
2017-04-11,550.0,550.0,550.0,550.0,0,1,LIMT
2017-04-11,550.0,550.0,550.0,550.0,0,0,LIMT
2017-04-12,550.0,550.0,550.0,550.0,0,0,LIMT
2017-04-12,550.0,550.0,550.0,550.0,0,1,LIMT
2017-04-13,550.0,550.0,550.0,550.0,0,1,LIMT
2017-04-13,550.0,550.0,550.0,550.0,0,0,LIMT
2017-04-14,550.0,550.0,550.0,550.0,0,1,LIMT
2017-04-14,550.0,550.0,550.0,550.0,0,0,LIMT
2017-04-17,550.0,550.0,550.0,550.0,0,1,LIMT
2017-04-17,550.0,550.0,550.0,550.0,0,0,LIMT
2017-04-18,550.0,550.0,550.0,550.0,0,0,LIMT
2017-04-18,550.0,550.0,550.0,550.0,0,1,LIMT
2017-04-19,550.0,550.0,550.0,550.0,0,0,LIMT
2017-04-19,550.0,550.0,550.0,550.0,0,1,LIMT
2017-04-20,550.0,550.0,550.0,550.0,0,0,LIMT
2017-04-20,550.0,550.0,550.0,550.0,0,1,LIMT
2017-04-21,550.0,550.0,550.0,550.0,0,0,LIMT
2017-04-21,550.0,550.0,550.0,550.0,0,1,LIMT
2017-04-24,550.0,550.0,550.0,550.0,0,0,LIMT
2017-04-24,550.0,550.0,550.0,550.0,0,1,LIMT
2017-04-25,550.0,550.0,550.0,550.0,0,1,LIMT
2017-04-25,550.0,550.0,550.0,550.0,0,0,LIMT
2017-04-26,550.0,550.0,550.0,550.0,0,1,LIMT
2017-04-26,550.0,550.0,550.0,550.0,0,0,LIMT
2017-04-27,550.0,550.0,550.0,550.0,0,1,LIMT
2017-04-27,550.0,550.0,550.0,550.0,0,0,LIMT
2017-04-28,550.0,550.0,550.0,550.0,0,0,LIMT
2017-04-28,550.0,550.0,550.0,550.0,0,1,LIMT
2017-05-01,550.0,550.0,550.0,550.0,0,1,LIMT
2017-05-01,550.0,550.0,550.0,550.0,0,0,LIMT
2017-05-02,550.0,550.0,550.0,550.0,0,1,LIMT
2017-05-02,550.0,550.0,550.0,550.0,0,0,LIMT
2017-05-03,550.0,550.0,550.0,550.0,0,0,LIMT
2017-05-03,550.0,550.0,550.0,550.0,0,1,LIMT
2017-05-04,550.0,550.0,550.0,550.0,0,0,LIMT
2017-05-04,550.0,550.0,550.0,550.0,0,1,LIMT
2017-05-05,550.0,550.0,550.0,550.0,0,0,LIMT
2017-05-05,550.0,550.0,550.0,550.0,0,1,LIMT
2017-05-08,550.0,550.0,550.0,550.0,0,1,LIMT
2017-05-08,550.0,550.0,550.0,550.0,0,0,LIMT
2017-05-09,550.0,550.0,550.0,550.0,0,1,LIMT
2017-05-09,550.0,550.0,550.0,550.0,0,0,LIMT
2017-05-10,550.0,550.0,550.0,550.0,0,0,LIMT
2017-05-10,550.0,550.0,550.0,550.0,0,1,LIMT
2017-05-11,550.0,550.0,550.0,550.0,0,0,LIMT
2017-05-11,550.0,550.0,550.0,550.0,0,1,LIMT
2017-05-12,550.0,550.0,550.0,550.0,0,0,LIMT
2017-05-12,550.0,550.0,550.0,550.0,0,1,LIMT
2017-05-15,550.0,550.0,550.0,550.0,0,0,LIMT
2017-05-15,550.0,550.0,550.0,550.0,0,1,LIMT
2017-05-16,550.0,550.0,550.0,550.0,0,0,LIMT
2017-05-16,550.0,550.0,550.0,550.0,0,1,LIMT
2017-05-17,550.0,550.0,550.0,550.0,0,0,LIMT
2017-05-17,550.0,550.0,550.0,550.0,0,1,LIMT
2017-05-18,550.0,550.0,550.0,550.0,0,0,LIMT
2017-05-18,550.0,550.0,550.0,550.0,0,1,LIMT
2017-05-19,550.0,550.0,550.0,550.0,0,1,LIMT
2017-05-19,550.0,550.0,550.0,550.0,0,0,LIMT
2017-05-22,550.0,550.0,550.0,550.0,0,1,LIMT
2017-05-22,550.0,550.0,550.0,550.0,0,0,LIMT
2017-05-23,550.0,550.0,550.0,550.0,0,1,LIMT
2017-05-23,550.0,550.0,550.0,550.0,0,0,LIMT
2017-05-24,550.0,550.0,550.0,550.0,0,0,LIMT
2017-05-24,550.0,550.0,550.0,550.0,0,1,LIMT
2017-05-25,550.0,550.0,550.0,550.0,0,0,LIMT
2017-05-25,550.0,550.0,550.0,550.0,0,1,LIMT
2017-05-26,550.0,550.0,550.0,550.0,0,1,LIMT
2017-05-26,550.0,550.0,550.0,550.0,0,0,LIMT
2017-05-29,550.0,550.0,550.0,550.0,0,0,LIMT
2017-05-29,550.0,550.0,550.0,550.0,0,1,LIMT
2017-05-30,550.0,550.0,550.0,550.0,0,1,LIMT
2017-05-30,550.0,550.0,550.0,550.0,0,0,LIMT
2017-05-31,550.0,550.0,550.0,550.0,0,1,LIMT
2017-05-31,550.0,550.0,550.0,550.0,0,0,LIMT
2017-06-01,550.0,550.0,550.0,550.0,0,1,LIMT
2017-06-01,550.0,550.0,550.0,550.0,0,0,LIMT
2017-06-02,550.0,550.0,550.0,550.0,0,0,LIMT
2017-06-02,550.0,550.0,550.0,550.0,0,1,LIMT
2017-06-05,550.0,550.0,550.0,550.0,0,1,LIMT
2017-06-05,550.0,550.0,550.0,550.0,0,0,LIMT
2017-06-06,550.0,550.0,550.0,550.0,0,0,LIMT
2017-06-06,550.0,550.0,550.0,550.0,0,1,LIMT
2017-06-07,550.0,560.0,550.0,560.0,200,0,LIMT
2017-06-08,560.0,560.0,560.0,560.0,0,0,LIMT
2017-06-08,560.0,600.0,600.0,600.0,100,1,LIMT
2017-06-09,560.0,560.0,560.0,560.0,0,0,LIMT
2017-06-09,600.0,600.0,600.0,600.0,0,1,LIMT
2017-06-12,560.0,560.0,560.0,560.0,0,0,LIMT
2017-06-12,600.0,600.0,600.0,600.0,0,1,LIMT
2017-06-13,600.0,600.0,600.0,600.0,0,1,LIMT
2017-06-13,560.0,560.0,560.0,560.0,0,0,LIMT
2017-06-14,560.0,560.0,560.0,560.0,0,0,LIMT
2017-06-14,600.0,600.0,600.0,600.0,0,1,LIMT
2017-06-15,600.0,600.0,600.0,600.0,0,1,LIMT
2017-06-15,560.0,560.0,560.0,560.0,0,0,LIMT
2017-06-16,560.0,560.0,560.0,560.0,0,0,LIMT
2017-06-16,600.0,600.0,600.0,600.0,200,1,LIMT
2017-06-19,560.0,560.0,560.0,560.0,0,0,LIMT
2017-06-19,600.0,600.0,600.0,600.0,0,1,LIMT
2017-06-20,560.0,560.0,560.0,560.0,0,0,LIMT
2017-06-20,600.0,600.0,600.0,600.0,0,1,LIMT
2017-06-21,600.0,600.0,600.0,600.0,0,1,LIMT
2017-06-21,560.0,560.0,560.0,560.0,0,0,LIMT
2017-06-22,600.0,600.0,600.0,600.0,0,1,LIMT
2017-06-22,560.0,560.0,560.0,560.0,0,0,LIMT
2017-06-23,600.0,600.0,600.0,600.0,0,1,LIMT
2017-06-23,560.0,560.0,560.0,560.0,0,0,LIMT
2017-06-26,560.0,560.0,560.0,560.0,0,0,LIMT
2017-06-26,600.0,600.0,600.0,600.0,0,1,LIMT
2017-06-27,600.0,600.0,600.0,600.0,100,1,LIMT
2017-06-27,560.0,560.0,560.0,560.0,0,0,LIMT
2017-06-28,600.0,600.0,600.0,600.0,0,1,LIMT
2017-06-28,560.0,560.0,560.0,560.0,0,0,LIMT
2017-06-29,560.0,560.0,560.0,560.0,0,0,LIMT
2017-06-29,600.0,600.0,600.0,600.0,0,1,LIMT
2017-06-30,600.0,600.0,600.0,600.0,0,1,LIMT
2017-06-30,560.0,560.0,560.0,560.0,0,0,LIMT
2017-07-03,600.0,600.0,600.0,600.0,0,1,LIMT
2017-07-03,560.0,560.0,560.0,560.0,0,0,LIMT
2017-07-04,560.0,560.0,560.0,560.0,0,0,LIMT
2017-07-04,600.0,600.0,600.0,600.0,0,1,LIMT
2017-07-05,560.0,560.0,560.0,560.0,0,0,LIMT
2017-07-05,600.0,600.0,600.0,600.0,0,1,LIMT
2017-07-06,600.0,600.0,600.0,600.0,0,1,LIMT
2017-07-06,560.0,560.0,560.0,560.0,0,0,LIMT
2017-07-07,560.0,560.0,560.0,560.0,0,0,LIMT
2017-07-07,600.0,600.0,600.0,600.0,0,1,LIMT
2017-07-10,600.0,600.0,598.0,599.0,700,1,LIMT
2017-07-10,560.0,560.0,560.0,560.0,0,0,LIMT
2017-07-11,599.0,599.0,599.0,599.0,0,0,LIMT
2017-07-12,599.0,599.0,599.0,599.0,0,1,LIMT
2017-07-12,599.0,599.0,599.0,599.0,0,0,LIMT
2017-07-13,599.0,600.0,600.0,600.0,147900,1,LIMT
2017-07-13,599.0,599.0,599.0,599.0,0,0,LIMT
2017-07-14,600.0,600.0,600.0,600.0,0,1,LIMT
2017-07-14,599.0,599.0,599.0,599.0,0,0,LIMT
2017-07-17,600.0,600.0,600.0,600.0,0,1,LIMT
2017-07-17,599.0,599.0,599.0,599.0,0,0,LIMT
2017-07-18,599.0,599.0,599.0,599.0,0,0,LIMT
2017-07-18,600.0,600.0,600.0,600.0,0,1,LIMT
2017-07-19,600.0,600.0,600.0,600.0,0,1,LIMT
2017-07-19,599.0,599.0,599.0,599.0,0,0,LIMT
2017-07-20,600.0,600.0,600.0,600.0,0,1,LIMT
2017-07-20,599.0,599.0,599.0,599.0,0,0,LIMT
2017-07-21,600.0,600.0,600.0,600.0,600,1,LIMT
2017-07-21,599.0,599.0,599.0,599.0,0,0,LIMT
2017-07-24,600.0,600.0,600.0,600.0,0,1,LIMT
2017-07-24,599.0,599.0,599.0,599.0,0,0,LIMT
2017-07-25,599.0,599.0,599.0,599.0,0,0,LIMT
2017-07-25,600.0,600.0,600.0,600.0,0,1,LIMT
2017-07-26,599.0,599.0,599.0,599.0,0,0,LIMT
2017-07-26,600.0,600.0,600.0,600.0,0,1,LIMT
2017-07-27,599.0,599.0,599.0,599.0,0,0,LIMT
2017-07-27,600.0,600.0,600.0,600.0,0,1,LIMT
2017-07-28,599.0,599.0,599.0,599.0,0,0,LIMT
2017-07-28,600.0,600.0,600.0,600.0,0,1,LIMT
2017-07-31,600.0,600.0,600.0,600.0,0,1,LIMT
2017-07-31,599.0,599.0,599.0,599.0,0,0,LIMT
2017-08-01,600.0,600.0,600.0,600.0,0,1,LIMT
2017-08-01,599.0,599.0,599.0,599.0,0,0,LIMT
2017-08-02,599.0,599.0,599.0,599.0,0,0,LIMT
2017-08-02,600.0,600.0,600.0,600.0,0,1,LIMT
2017-08-03,600.0,600.0,600.0,600.0,0,1,LIMT
2017-08-03,599.0,599.0,599.0,599.0,0,0,LIMT
2017-08-04,600.0,600.0,600.0,600.0,2100,1,LIMT
2017-08-04,599.0,599.0,599.0,599.0,0,0,LIMT
2017-08-07,600.0,600.0,600.0,600.0,0,1,LIMT
2017-08-07,599.0,599.0,599.0,599.0,0,0,LIMT
2017-08-08,599.0,599.0,599.0,599.0,0,0,LIMT
2017-08-08,600.0,600.0,600.0,600.0,0,1,LIMT
2017-08-09,600.0,600.0,600.0,600.0,0,1,LIMT
2017-08-09,599.0,599.0,599.0,599.0,0,0,LIMT
2017-08-10,599.0,599.0,599.0,599.0,0,0,LIMT
2017-08-10,600.0,600.0,600.0,600.0,0,1,LIMT
2017-08-11,599.0,599.0,599.0,599.0,0,0,LIMT
2017-08-11,600.0,600.0,600.0,600.0,0,1,LIMT
2017-08-14,599.0,599.0,599.0,599.0,0,0,LIMT
2017-08-14,600.0,600.0,600.0,600.0,0,1,LIMT
2017-08-15,600.0,600.0,600.0,600.0,300,1,LIMT
2017-08-15,599.0,599.0,599.0,599.0,0,0,LIMT
2017-08-16,599.0,599.0,599.0,599.0,0,0,LIMT
2017-08-16,600.0,600.0,600.0,600.0,0,1,LIMT
2017-08-17,600.0,600.0,600.0,600.0,0,1,LIMT
2017-08-17,599.0,599.0,599.0,599.0,0,0,LIMT
2017-08-18,600.0,600.0,600.0,600.0,0,1,LIMT
2017-08-18,599.0,599.0,599.0,599.0,0,0,LIMT
2017-08-21,600.0,600.0,600.0,600.0,0,1,LIMT
2017-08-21,599.0,599.0,599.0,599.0,0,0,LIMT
2017-08-22,600.0,600.0,570.0,574.0,1700,0,LIMT
2017-08-23,574.0,574.0,574.0,574.0,0,0,LIMT
2017-08-24,574.0,540.0,540.0,540.0,1000,1,LIMT
2017-08-24,574.0,574.0,574.0,574.0,0,0,LIMT
2017-08-25,540.0,540.0,540.0,540.0,1000,1,LIMT
2017-08-25,574.0,574.0,574.0,574.0,0,0,LIMT
2017-08-28,574.0,574.0,574.0,574.0,0,0,LIMT
2017-08-28,540.0,540.0,540.0,540.0,0,1,LIMT
2017-08-29,574.0,574.0,574.0,574.0,0,0,LIMT
2017-08-29,540.0,540.0,540.0,540.0,0,1,LIMT
2017-08-30,540.0,540.0,540.0,540.0,0,1,LIMT
2017-08-30,574.0,574.0,574.0,574.0,0,0,LIMT
2017-08-31,540.0,540.0,540.0,540.0,0,1,LIMT
2017-08-31,574.0,574.0,574.0,574.0,0,0,LIMT
2017-09-01,540.0,540.0,540.0,540.0,0,1,LIMT
2017-09-01,574.0,574.0,574.0,574.0,0,0,LIMT
2017-09-04,540.0,540.0,540.0,540.0,0,1,LIMT
2017-09-04,574.0,574.0,574.0,574.0,0,0,LIMT
2017-09-05,540.0,540.0,540.0,540.0,0,1,LIMT
2017-09-05,574.0,574.0,574.0,574.0,0,0,LIMT
2017-09-06,540.0,540.0,540.0,540.0,0,1,LIMT
2017-09-06,574.0,574.0,574.0,574.0,0,0,LIMT
2017-09-07,540.0,540.0,540.0,540.0,0,1,LIMT
2017-09-07,574.0,574.0,574.0,574.0,0,0,LIMT
2017-09-08,540.0,540.0,540.0,540.0,0,1,LIMT
2017-09-08,574.0,574.0,574.0,574.0,0,0,LIMT
2017-09-11,574.0,574.0,574.0,574.0,0,0,LIMT
2017-09-11,540.0,540.0,540.0,540.0,0,1,LIMT
2017-09-12,540.0,540.0,540.0,540.0,0,1,LIMT
2017-09-12,574.0,574.0,574.0,574.0,0,0,LIMT
2017-09-13,540.0,540.0,540.0,540.0,0,1,LIMT
2017-09-13,574.0,574.0,574.0,574.0,0,0,LIMT
2017-09-14,574.0,574.0,574.0,574.0,0,0,LIMT
2017-09-14,540.0,540.0,540.0,540.0,0,1,LIMT
2017-09-15,574.0,574.0,574.0,574.0,0,0,LIMT
2017-09-15,540.0,540.0,540.0,540.0,0,1,LIMT
2017-09-18,540.0,540.0,540.0,540.0,0,1,LIMT
2017-09-18,574.0,574.0,574.0,574.0,0,0,LIMT
2017-09-19,540.0,540.0,540.0,540.0,0,1,LIMT
2017-09-19,574.0,574.0,574.0,574.0,0,0,LIMT
2017-09-20,540.0,540.0,540.0,540.0,0,1,LIMT
2017-09-20,574.0,574.0,574.0,574.0,0,0,LIMT
2017-09-21,540.0,540.0,540.0,540.0,0,1,LIMT
2017-09-21,574.0,574.0,574.0,574.0,0,0,LIMT
2017-09-22,540.0,540.0,540.0,540.0,0,1,LIMT
2017-09-22,574.0,574.0,574.0,574.0,0,0,LIMT
2017-09-25,540.0,540.0,540.0,540.0,0,1,LIMT
2017-09-25,574.0,574.0,574.0,574.0,0,0,LIMT
2017-09-26,540.0,540.0,540.0,540.0,0,1,LIMT
2017-09-26,574.0,574.0,574.0,574.0,0,0,LIMT
2017-09-27,540.0,540.0,540.0,540.0,0,1,LIMT
2017-09-27,574.0,574.0,574.0,574.0,0,0,LIMT
2017-09-28,540.0,540.0,540.0,540.0,100,1,LIMT
2017-09-28,574.0,574.0,574.0,574.0,0,0,LIMT
2017-09-29,574.0,574.0,574.0,574.0,0,0,LIMT
2017-09-29,540.0,540.0,540.0,540.0,0,1,LIMT
2017-10-02,540.0,540.0,540.0,540.0,0,1,LIMT
2017-10-02,574.0,574.0,574.0,574.0,0,0,LIMT
2017-10-03,574.0,574.0,574.0,574.0,0,0,LIMT
2017-10-03,540.0,540.0,540.0,540.0,0,1,LIMT
2017-10-04,540.0,540.0,540.0,540.0,0,1,LIMT
2017-10-04,574.0,574.0,574.0,574.0,0,0,LIMT
2017-10-05,574.0,574.0,574.0,574.0,0,0,LIMT
2017-10-05,540.0,540.0,540.0,540.0,0,1,LIMT
2017-10-06,540.0,540.0,540.0,540.0,0,1,LIMT
2017-10-06,574.0,574.0,574.0,574.0,0,0,LIMT
2017-10-09,540.0,540.0,540.0,540.0,0,1,LIMT
2017-10-09,574.0,574.0,574.0,574.0,0,0,LIMT
2017-10-10,540.0,540.0,540.0,540.0,0,1,LIMT
2017-10-10,574.0,574.0,574.0,574.0,0,0,LIMT
2017-10-11,574.0,574.0,574.0,574.0,0,0,LIMT
2017-10-11,540.0,540.0,540.0,540.0,0,1,LIMT
2017-10-12,540.0,540.0,540.0,540.0,0,1,LIMT
2017-10-12,574.0,574.0,574.0,574.0,0,0,LIMT
2017-10-13,540.0,540.0,540.0,540.0,0,1,LIMT
2017-10-13,574.0,574.0,574.0,574.0,0,0,LIMT
2017-10-16,540.0,540.0,540.0,540.0,0,1,LIMT
2017-10-16,574.0,574.0,574.0,574.0,0,0,LIMT
2017-10-17,574.0,574.0,574.0,574.0,0,0,LIMT
2017-10-17,540.0,540.0,540.0,540.0,0,1,LIMT
2017-10-18,540.0,540.0,540.0,540.0,0,1,LIMT
2017-10-18,574.0,574.0,574.0,574.0,0,0,LIMT
2017-10-19,540.0,540.0,540.0,540.0,0,1,LIMT
2017-10-19,574.0,574.0,574.0,574.0,0,0,LIMT
2017-10-20,574.0,574.0,574.0,574.0,0,0,LIMT
2017-10-20,540.0,540.0,540.0,540.0,0,1,LIMT
2017-10-23,540.0,540.0,540.0,540.0,0,1,LIMT
2017-10-23,574.0,574.0,574.0,574.0,0,0,LIMT
2017-10-24,574.0,574.0,574.0,574.0,0,0,LIMT
2017-10-24,540.0,540.0,540.0,540.0,0,1,LIMT
2017-10-25,574.0,574.0,574.0,574.0,0,0,LIMT
2017-10-25,540.0,540.0,540.0,540.0,0,1,LIMT
2017-10-26,540.0,540.0,540.0,540.0,0,1,LIMT
2017-10-26,574.0,574.0,574.0,574.0,0,0,LIMT
2017-10-27,540.0,540.0,540.0,540.0,0,1,LIMT
2017-10-27,574.0,574.0,574.0,574.0,0,0,LIMT
2017-10-30,540.0,540.0,540.0,540.0,0,1,LIMT
2017-10-30,574.0,574.0,574.0,574.0,0,0,LIMT
2017-10-31,540.0,540.0,540.0,540.0,0,1,LIMT
2017-10-31,574.0,574.0,574.0,574.0,0,0,LIMT
2017-11-01,574.0,574.0,574.0,574.0,0,0,LIMT
2017-11-01,540.0,540.0,540.0,540.0,0,1,LIMT
2017-11-02,574.0,574.0,574.0,574.0,0,0,LIMT
2017-11-02,540.0,540.0,540.0,540.0,0,1,LIMT
2017-11-03,574.0,574.0,574.0,574.0,0,0,LIMT
2017-11-03,540.0,540.0,540.0,540.0,0,1,LIMT
2017-11-06,540.0,540.0,540.0,540.0,0,1,LIMT
2017-11-06,574.0,574.0,574.0,574.0,0,0,LIMT
2017-11-07,574.0,574.0,574.0,574.0,0,0,LIMT
2017-11-07,540.0,540.0,540.0,540.0,0,1,LIMT
2017-11-08,540.0,540.0,540.0,540.0,0,1,LIMT
2017-11-08,574.0,574.0,574.0,574.0,0,0,LIMT
2017-11-09,574.0,574.0,574.0,574.0,0,0,LIMT
2017-11-09,540.0,540.0,540.0,540.0,0,1,LIMT
2017-11-10,574.0,574.0,574.0,574.0,0,0,LIMT
2017-11-10,540.0,540.0,540.0,540.0,0,1,LIMT
2017-11-13,540.0,540.0,540.0,540.0,0,1,LIMT
2017-11-13,574.0,574.0,574.0,574.0,0,0,LIMT
2017-11-14,540.0,540.0,540.0,540.0,0,1,LIMT
2017-11-14,574.0,574.0,574.0,574.0,0,0,LIMT
2017-11-15,540.0,540.0,540.0,540.0,0,1,LIMT
2017-11-15,574.0,574.0,574.0,574.0,0,0,LIMT
2017-11-16,540.0,540.0,540.0,540.0,0,1,LIMT
2017-11-16,574.0,574.0,574.0,574.0,0,0,LIMT
2017-11-17,540.0,540.0,540.0,540.0,100,1,LIMT
2017-11-17,574.0,574.0,574.0,574.0,0,0,LIMT
2017-11-20,540.0,540.0,540.0,540.0,0,1,LIMT
2017-11-20,574.0,574.0,574.0,574.0,0,0,LIMT
2017-11-21,540.0,500.0,500.0,500.0,2100,1,LIMT
2017-11-21,574.0,574.0,574.0,574.0,0,0,LIMT
2017-11-22,574.0,574.0,574.0,574.0,0,0,LIMT
2017-11-22,500.0,500.0,500.0,500.0,0,1,LIMT
2017-11-23,500.0,500.0,500.0,500.0,0,1,LIMT
2017-11-23,574.0,574.0,574.0,574.0,0,0,LIMT
2017-11-24,500.0,500.0,500.0,500.0,0,1,LIMT
2017-11-24,574.0,574.0,574.0,574.0,0,0,LIMT
2017-11-27,500.0,500.0,500.0,500.0,0,1,LIMT
2017-11-27,574.0,574.0,574.0,574.0,0,0,LIMT
2017-11-28,574.0,574.0,574.0,574.0,0,0,LIMT
2017-11-28,500.0,500.0,500.0,500.0,0,1,LIMT
2017-11-29,574.0,574.0,574.0,574.0,0,0,LIMT
2017-11-29,500.0,500.0,500.0,500.0,0,1,LIMT
2017-11-30,574.0,574.0,574.0,574.0,0,0,LIMT
2017-11-30,500.0,500.0,500.0,500.0,0,1,LIMT
2017-12-01,574.0,574.0,574.0,574.0,0,0,LIMT
2017-12-01,500.0,500.0,500.0,500.0,300,1,LIMT
2017-12-04,574.0,574.0,574.0,574.0,0,0,LIMT
2017-12-04,500.0,500.0,500.0,500.0,0,1,LIMT
2017-12-05,574.0,574.0,574.0,574.0,0,0,LIMT
2017-12-05,500.0,500.0,500.0,500.0,0,1,LIMT
2017-12-06,574.0,574.0,574.0,574.0,0,0,LIMT
2017-12-06,500.0,500.0,500.0,500.0,0,1,LIMT
2017-12-07,500.0,500.0,500.0,500.0,1700,1,LIMT
2017-12-07,574.0,574.0,574.0,574.0,0,0,LIMT
2017-12-08,574.0,574.0,574.0,574.0,0,0,LIMT
2017-12-08,500.0,500.0,500.0,500.0,0,1,LIMT
2017-12-11,500.0,500.0,500.0,500.0,400,1,LIMT
2017-12-11,574.0,574.0,574.0,574.0,0,0,LIMT
2017-12-12,500.0,500.0,500.0,500.0,400,1,LIMT
2017-12-12,574.0,574.0,574.0,574.0,0,0,LIMT
2017-12-13,574.0,574.0,574.0,574.0,0,0,LIMT
2017-12-13,500.0,500.0,500.0,500.0,0,1,LIMT
2017-12-14,500.0,500.0,500.0,500.0,0,1,LIMT
2017-12-14,574.0,574.0,574.0,574.0,0,0,LIMT
2017-12-15,500.0,500.0,500.0,500.0,0,1,LIMT
2017-12-15,574.0,574.0,574.0,574.0,0,0,LIMT
2017-12-18,500.0,500.0,500.0,500.0,0,1,LIMT
2017-12-18,574.0,574.0,574.0,574.0,0,0,LIMT
2017-12-19,574.0,574.0,574.0,574.0,0,0,LIMT
2017-12-19,500.0,500.0,500.0,500.0,0,1,LIMT
2017-12-20,574.0,574.0,574.0,574.0,0,0,LIMT
2017-12-20,500.0,500.0,500.0,500.0,0,1,LIMT
2017-12-21,574.0,574.0,574.0,574.0,0,0,LIMT
2017-12-21,500.0,500.0,500.0,500.0,0,1,LIMT
2017-12-22,574.0,574.0,574.0,574.0,0,0,LIMT
2017-12-22,500.0,500.0,500.0,500.0,0,1,LIMT
2017-12-25,574.0,574.0,574.0,574.0,0,0,LIMT
2017-12-25,500.0,500.0,500.0,500.0,0,1,LIMT
2017-12-26,500.0,500.0,500.0,500.0,0,1,LIMT
2017-12-26,574.0,574.0,574.0,574.0,0,0,LIMT
2017-12-27,500.0,500.0,500.0,500.0,0,1,LIMT
2017-12-27,574.0,574.0,574.0,574.0,0,0,LIMT
2017-12-28,574.0,574.0,574.0,574.0,0,0,LIMT
2017-12-28,500.0,500.0,500.0,500.0,0,1,LIMT
2017-12-29,574.0,574.0,574.0,574.0,0,0,LIMT
2017-12-29,500.0,500.0,500.0,500.0,0,1,LIMT
2018-01-01,574.0,574.0,574.0,574.0,0,0,LIMT
2018-01-01,500.0,500.0,500.0,500.0,0,1,LIMT
2018-01-02,574.0,574.0,574.0,574.0,0,0,LIMT
2018-01-02,500.0,500.0,500.0,500.0,0,1,LIMT
2018-01-03,574.0,574.0,574.0,574.0,0,0,LIMT
2018-01-03,500.0,500.0,500.0,500.0,100,1,LIMT
2018-01-04,500.0,500.0,500.0,500.0,0,1,LIMT
2018-01-04,574.0,574.0,574.0,574.0,0,0,LIMT
2018-01-05,574.0,574.0,574.0,574.0,0,0,LIMT
2018-01-05,500.0,500.0,500.0,500.0,0,1,LIMT
2018-01-08,574.0,574.0,574.0,574.0,0,0,LIMT
2018-01-08,500.0,500.0,500.0,500.0,0,1,LIMT
2018-01-09,574.0,574.0,574.0,574.0,0,0,LIMT
2018-01-09,500.0,500.0,500.0,500.0,0,1,LIMT
2018-01-10,500.0,500.0,500.0,500.0,0,1,LIMT
2018-01-10,574.0,574.0,574.0,574.0,0,0,LIMT
2018-01-11,500.0,500.0,500.0,500.0,0,1,LIMT
2018-01-11,574.0,574.0,574.0,574.0,0,0,LIMT
2018-01-12,574.0,574.0,574.0,574.0,0,0,LIMT
2018-01-12,500.0,500.0,500.0,500.0,0,1,LIMT
2018-01-15,574.0,574.0,574.0,574.0,0,0,LIMT
2018-01-15,500.0,500.0,500.0,500.0,0,1,LIMT
2018-01-16,574.0,574.0,574.0,574.0,0,0,LIMT
2018-01-16,500.0,500.0,500.0,500.0,0,1,LIMT
2018-01-17,574.0,574.0,574.0,574.0,0,0,LIMT
2018-01-17,500.0,500.0,500.0,500.0,0,1,LIMT
2018-01-18,574.0,574.0,574.0,574.0,0,0,LIMT
2018-01-18,500.0,500.0,500.0,500.0,0,1,LIMT
2018-01-19,500.0,500.0,500.0,500.0,0,1,LIMT
2018-01-19,574.0,574.0,574.0,574.0,0,0,LIMT
2018-01-22,500.0,500.0,500.0,500.0,0,1,LIMT
2018-01-22,574.0,574.0,574.0,574.0,0,0,LIMT
2018-01-23,574.0,574.0,574.0,574.0,0,0,LIMT
2018-01-23,500.0,500.0,500.0,500.0,0,1,LIMT
2018-01-24,574.0,574.0,574.0,574.0,0,0,LIMT
2018-01-24,500.0,500.0,500.0,500.0,0,1,LIMT
2018-01-25,500.0,500.0,500.0,500.0,0,1,LIMT
2018-01-25,574.0,574.0,574.0,574.0,0,0,LIMT
2018-01-26,574.0,574.0,574.0,574.0,0,0,LIMT
2018-01-26,500.0,500.0,500.0,500.0,2400,1,LIMT
2018-01-29,574.0,574.0,574.0,574.0,0,0,LIMT
2018-01-29,500.0,500.0,500.0,500.0,0,1,LIMT
2018-01-30,500.0,500.0,500.0,500.0,0,1,LIMT
2018-01-30,574.0,574.0,574.0,574.0,0,0,LIMT
2018-01-31,500.0,500.0,500.0,500.0,0,1,LIMT
2018-01-31,574.0,574.0,574.0,574.0,0,0,LIMT
2018-02-01,500.0,500.0,500.0,500.0,0,1,LIMT
2018-02-01,574.0,574.0,574.0,574.0,0,0,LIMT
2018-02-02,500.0,500.0,500.0,500.0,800,1,LIMT
2018-02-02,574.0,574.0,574.0,574.0,0,0,LIMT
2018-02-05,500.0,500.0,500.0,500.0,0,1,LIMT
2018-02-05,574.0,574.0,574.0,574.0,0,0,LIMT
2018-02-06,500.0,500.0,500.0,500.0,0,1,LIMT
2018-02-06,574.0,574.0,574.0,574.0,0,0,LIMT
2018-02-07,500.0,500.0,500.0,500.0,0,1,LIMT
2018-02-07,574.0,574.0,574.0,574.0,0,0,LIMT
2018-02-08,500.0,500.0,500.0,500.0,0,1,LIMT
2018-02-08,574.0,574.0,574.0,574.0,0,0,LIMT
2018-02-09,500.0,500.0,500.0,500.0,0,1,LIMT
2018-02-09,574.0,574.0,574.0,574.0,0,0,LIMT
2018-02-12,574.0,574.0,574.0,574.0,0,0,LIMT
2018-02-12,500.0,500.0,500.0,500.0,0,1,LIMT
2018-02-13,574.0,574.0,574.0,574.0,0,0,LIMT
2018-02-13,500.0,500.0,500.0,500.0,0,1,LIMT
2018-02-14,574.0,574.0,574.0,574.0,0,0,LIMT
2018-02-14,500.0,500.0,500.0,500.0,0,1,LIMT
2018-02-15,574.0,574.0,574.0,574.0,0,0,LIMT
2018-02-15,500.0,500.0,500.0,500.0,0,1,LIMT
2018-02-16,574.0,574.0,574.0,574.0,0,0,LIMT
2018-02-16,500.0,500.0,500.0,500.0,100,1,LIMT
2018-02-19,574.0,574.0,574.0,574.0,0,0,LIMT
2018-02-19,500.0,500.0,500.0,500.0,0,1,LIMT
2018-02-20,574.0,574.0,574.0,574.0,0,0,LIMT
2018-02-20,500.0,500.0,500.0,500.0,0,1,LIMT
2018-02-21,574.0,574.0,574.0,574.0,0,0,LIMT
2018-02-21,500.0,500.0,500.0,500.0,600,1,LIMT
2018-02-22,500.0,500.0,500.0,500.0,1100,1,LIMT
2018-02-22,574.0,574.0,574.0,574.0,0,0,LIMT
2018-02-23,500.0,500.0,500.0,500.0,0,1,LIMT
2018-02-23,574.0,574.0,574.0,574.0,0,0,LIMT
2018-02-26,500.0,500.0,500.0,500.0,0,1,LIMT
2018-02-26,574.0,574.0,574.0,574.0,0,0,LIMT
2018-02-27,500.0,500.0,500.0,500.0,0,1,LIMT
2018-02-27,574.0,574.0,574.0,574.0,0,0,LIMT
2018-02-28,574.0,574.0,574.0,574.0,0,0,LIMT
2018-02-28,500.0,500.0,500.0,500.0,0,1,LIMT
2018-03-01,500.0,500.0,500.0,500.0,0,1,LIMT
2018-03-01,574.0,574.0,574.0,574.0,0,0,LIMT
2018-03-02,574.0,574.0,574.0,574.0,0,0,LIMT
2018-03-02,500.0,500.0,500.0,500.0,0,1,LIMT
2018-03-05,574.0,574.0,574.0,574.0,0,0,LIMT
2018-03-05,500.0,500.0,500.0,500.0,0,1,LIMT
2018-03-06,574.0,574.0,574.0,574.0,0,0,LIMT
2018-03-06,500.0,500.0,500.0,500.0,0,1,LIMT
2018-03-07,574.0,574.0,574.0,574.0,0,0,LIMT
2018-03-07,500.0,500.0,500.0,500.0,100,1,LIMT
2018-03-08,500.0,500.0,500.0,500.0,100,1,LIMT
2018-03-08,574.0,574.0,574.0,574.0,0,0,LIMT
2018-03-09,500.0,500.0,500.0,500.0,0,1,LIMT
2018-03-09,574.0,574.0,574.0,574.0,0,0,LIMT
2018-03-12,500.0,500.0,500.0,500.0,0,1,LIMT
2018-03-12,574.0,574.0,574.0,574.0,0,0,LIMT
2018-03-13,574.0,574.0,574.0,574.0,0,0,LIMT
2018-03-13,500.0,500.0,500.0,500.0,0,1,LIMT
2018-03-14,500.0,500.0,500.0,500.0,0,1,LIMT
2018-03-14,574.0,574.0,574.0,574.0,0,0,LIMT
2018-03-15,574.0,574.0,574.0,574.0,0,0,LIMT
2018-03-15,500.0,500.0,500.0,500.0,0,1,LIMT
2018-03-16,574.0,574.0,574.0,574.0,0,0,LIMT
2018-03-16,500.0,500.0,500.0,500.0,0,1,LIMT
2018-03-19,500.0,500.0,500.0,500.0,0,1,LIMT
2018-03-19,574.0,574.0,574.0,574.0,0,0,LIMT
2018-03-20,500.0,510.0,500.0,510.0,200,0,LIMT
2018-03-21,510.0,510.0,510.0,510.0,0,0,LIMT
2018-03-22,510.0,500.0,500.0,500.0,700,1,LIMT
2018-03-22,510.0,510.0,510.0,510.0,0,0,LIMT
2018-03-23,500.0,500.0,500.0,500.0,0,1,LIMT
2018-03-23,510.0,510.0,510.0,510.0,0,0,LIMT
2018-03-26,500.0,500.0,500.0,500.0,0,1,LIMT
2018-03-26,510.0,510.0,510.0,510.0,0,0,LIMT
2018-03-27,500.0,500.0,500.0,500.0,0,1,LIMT
2018-03-27,510.0,510.0,510.0,510.0,0,0,LIMT
2018-03-28,510.0,510.0,510.0,510.0,0,0,LIMT
2018-03-28,500.0,500.0,500.0,500.0,0,1,LIMT
2018-03-29,500.0,500.0,500.0,500.0,300,1,LIMT
2018-03-29,510.0,510.0,510.0,510.0,0,0,LIMT
2018-03-30,510.0,510.0,510.0,510.0,0,0,LIMT
2018-03-30,500.0,500.0,500.0,500.0,300,1,LIMT
2018-04-02,500.0,500.0,500.0,500.0,300,1,LIMT
2018-04-02,510.0,510.0,510.0,510.0,0,0,LIMT
2018-04-03,500.0,500.0,500.0,500.0,0,1,LIMT
2018-04-03,510.0,510.0,510.0,510.0,0,0,LIMT
2018-04-04,500.0,500.0,500.0,500.0,0,1,LIMT
2018-04-04,510.0,510.0,510.0,510.0,0,0,LIMT
2018-04-05,500.0,500.0,500.0,500.0,0,1,LIMT
2018-04-05,510.0,510.0,510.0,510.0,0,0,LIMT
2018-04-06,500.0,500.0,500.0,500.0,0,1,LIMT
2018-04-06,510.0,510.0,510.0,510.0,0,0,LIMT
2018-04-09,500.0,500.0,500.0,500.0,0,1,LIMT
2018-04-09,510.0,510.0,510.0,510.0,0,0,LIMT
2018-04-10,500.0,500.0,500.0,500.0,0,1,LIMT
2018-04-10,510.0,510.0,510.0,510.0,0,0,LIMT
2018-04-11,500.0,500.0,500.0,500.0,0,1,LIMT
2018-04-11,510.0,510.0,510.0,510.0,0,0,LIMT
2018-04-12,500.0,500.0,500.0,500.0,0,1,LIMT
2018-04-12,510.0,510.0,510.0,510.0,0,0,LIMT
2018-04-13,500.0,550.0,500.0,525.0,200,1,LIMT
2018-04-13,510.0,510.0,510.0,510.0,0,0,LIMT
2018-04-16,525.0,525.0,525.0,525.0,0,1,LIMT
2018-04-16,510.0,510.0,510.0,510.0,0,0,LIMT
2018-04-17,510.0,510.0,510.0,510.0,0,0,LIMT
2018-04-17,525.0,525.0,525.0,525.0,0,1,LIMT
2018-04-18,510.0,510.0,510.0,510.0,0,0,LIMT
2018-04-18,525.0,525.0,525.0,525.0,0,1,LIMT
2018-04-19,525.0,525.0,525.0,525.0,0,1,LIMT
2018-04-19,510.0,510.0,510.0,510.0,0,0,LIMT
2018-04-20,525.0,525.0,525.0,525.0,0,1,LIMT
2018-04-20,510.0,510.0,510.0,510.0,0,0,LIMT
2018-04-23,525.0,520.0,520.0,520.0,100,1,LIMT
2018-04-23,510.0,510.0,510.0,510.0,0,0,LIMT
2018-04-24,520.0,520.0,520.0,520.0,0,1,LIMT
2018-04-24,510.0,510.0,510.0,510.0,0,0,LIMT
2018-04-25,510.0,510.0,510.0,510.0,0,0,LIMT
2018-04-25,520.0,520.0,520.0,520.0,0,1,LIMT
2018-04-26,510.0,510.0,510.0,510.0,0,0,LIMT
2018-04-26,520.0,520.0,520.0,520.0,0,1,LIMT
2018-04-27,520.0,520.0,520.0,520.0,0,1,LIMT
2018-04-27,510.0,510.0,510.0,510.0,0,0,LIMT
2018-04-30,510.0,510.0,510.0,510.0,0,0,LIMT
2018-04-30,520.0,520.0,520.0,520.0,0,1,LIMT
2018-05-01,510.0,510.0,510.0,510.0,0,0,LIMT
2018-05-01,520.0,520.0,520.0,520.0,0,1,LIMT
2018-05-02,510.0,510.0,510.0,510.0,0,0,LIMT
2018-05-02,520.0,520.0,520.0,520.0,0,1,LIMT
2018-05-03,510.0,510.0,510.0,510.0,0,0,LIMT
2018-05-03,520.0,520.0,520.0,520.0,0,1,LIMT
2018-05-04,520.0,520.0,520.0,520.0,0,1,LIMT
2018-05-04,510.0,510.0,510.0,510.0,0,0,LIMT
2018-05-07,520.0,520.0,520.0,520.0,0,1,LIMT
2018-05-07,510.0,510.0,510.0,510.0,0,0,LIMT
2018-05-08,510.0,510.0,510.0,510.0,0,0,LIMT
2018-05-08,520.0,520.0,520.0,520.0,0,1,LIMT
2018-05-09,510.0,510.0,510.0,510.0,0,0,LIMT
2018-05-09,520.0,520.0,520.0,520.0,0,1,LIMT
2018-05-10,520.0,520.0,520.0,520.0,0,1,LIMT
2018-05-10,510.0,510.0,510.0,510.0,0,0,LIMT
2018-05-11,510.0,510.0,510.0,510.0,0,0,LIMT
2018-05-11,520.0,520.0,520.0,520.0,0,1,LIMT
2018-05-14,520.0,520.0,520.0,520.0,0,1,LIMT
2018-05-14,510.0,510.0,510.0,510.0,0,0,LIMT
2018-05-15,520.0,520.0,520.0,520.0,0,1,LIMT
2018-05-15,510.0,510.0,510.0,510.0,0,0,LIMT
2018-05-16,520.0,520.0,520.0,520.0,0,1,LIMT
2018-05-16,510.0,510.0,510.0,510.0,0,0,LIMT
2018-05-17,520.0,520.0,520.0,520.0,0,1,LIMT
2018-05-17,510.0,510.0,510.0,510.0,0,0,LIMT
2018-05-18,520.0,520.0,520.0,520.0,0,1,LIMT
2018-05-18,510.0,510.0,510.0,510.0,0,0,LIMT
2018-05-21,520.0,520.0,520.0,520.0,0,1,LIMT
2018-05-21,510.0,510.0,510.0,510.0,0,0,LIMT
2018-05-22,520.0,520.0,520.0,520.0,0,1,LIMT
2018-05-22,510.0,510.0,510.0,510.0,0,0,LIMT
2018-05-23,520.0,520.0,520.0,520.0,0,1,LIMT
2018-05-23,510.0,510.0,510.0,510.0,0,0,LIMT
2018-05-24,510.0,510.0,510.0,510.0,0,0,LIMT
2018-05-24,520.0,520.0,520.0,520.0,0,1,LIMT
2018-05-25,520.0,520.0,520.0,520.0,0,1,LIMT
2018-05-25,510.0,510.0,510.0,510.0,0,0,LIMT
2018-05-28,520.0,520.0,520.0,520.0,0,1,LIMT
2018-05-28,510.0,510.0,510.0,510.0,0,0,LIMT
2018-05-29,510.0,510.0,510.0,510.0,0,0,LIMT
2018-05-29,520.0,500.0,500.0,500.0,200,1,LIMT
2018-05-30,510.0,510.0,510.0,510.0,0,0,LIMT
2018-05-30,500.0,500.0,500.0,500.0,0,1,LIMT
2018-05-31,510.0,510.0,510.0,510.0,0,0,LIMT
2018-05-31,500.0,500.0,500.0,500.0,0,1,LIMT
2018-06-01,510.0,510.0,510.0,510.0,0,0,LIMT
2018-06-01,500.0,500.0,500.0,500.0,0,1,LIMT
2018-06-04,510.0,510.0,510.0,510.0,0,0,LIMT
2018-06-04,500.0,500.0,500.0,500.0,0,1,LIMT
2018-06-05,500.0,500.0,500.0,500.0,0,1,LIMT
2018-06-05,510.0,510.0,510.0,510.0,0,0,LIMT
2018-06-06,500.0,500.0,500.0,500.0,0,1,LIMT
2018-06-06,510.0,510.0,510.0,510.0,0,0,LIMT
2018-06-07,510.0,510.0,510.0,510.0,0,0,LIMT
2018-06-07,500.0,500.0,500.0,500.0,0,1,LIMT
2018-06-08,510.0,510.0,510.0,510.0,0,0,LIMT
2018-06-08,500.0,500.0,500.0,500.0,100,1,LIMT
2018-06-11,500.0,500.0,500.0,500.0,0,1,LIMT
2018-06-11,510.0,510.0,510.0,510.0,0,0,LIMT
2018-06-12,500.0,500.0,500.0,500.0,0,1,LIMT
2018-06-12,510.0,510.0,510.0,510.0,0,0,LIMT
2018-06-13,510.0,510.0,510.0,510.0,0,0,LIMT
2018-06-13,500.0,500.0,500.0,500.0,0,1,LIMT
2018-06-14,510.0,510.0,510.0,510.0,0,0,LIMT
2018-06-14,500.0,500.0,500.0,500.0,0,1,LIMT
2018-06-15,510.0,510.0,510.0,510.0,0,0,LIMT
2018-06-15,500.0,500.0,500.0,500.0,0,1,LIMT
2018-06-18,510.0,510.0,510.0,510.0,0,0,LIMT
2018-06-18,500.0,500.0,500.0,500.0,0,1,LIMT
2018-06-19,510.0,510.0,510.0,510.0,0,0,LIMT
2018-06-19,500.0,500.0,500.0,500.0,0,1,LIMT
2018-06-20,510.0,510.0,510.0,510.0,0,0,LIMT
2018-06-20,500.0,500.0,500.0,500.0,0,1,LIMT
2018-06-21,500.0,500.0,500.0,500.0,0,1,LIMT
2018-06-21,510.0,510.0,510.0,510.0,0,0,LIMT
2018-06-22,500.0,500.0,500.0,500.0,0,1,LIMT
2018-06-22,510.0,510.0,510.0,510.0,0,0,LIMT
2018-06-25,510.0,510.0,510.0,510.0,0,0,LIMT
2018-06-25,500.0,500.0,500.0,500.0,0,1,LIMT
2018-06-26,510.0,510.0,510.0,510.0,0,0,LIMT
2018-06-26,500.0,500.0,500.0,500.0,0,1,LIMT
2018-06-27,510.0,510.0,510.0,510.0,0,0,LIMT
2018-06-27,500.0,500.0,500.0,500.0,0,1,LIMT
2018-06-28,510.0,510.0,510.0,510.0,0,0,LIMT
2018-06-28,500.0,500.0,500.0,500.0,0,1,LIMT
2018-06-29,510.0,510.0,510.0,510.0,0,0,LIMT
2018-06-29,500.0,500.0,500.0,500.0,0,1,LIMT
2018-07-02,500.0,500.0,500.0,500.0,0,1,LIMT
2018-07-02,510.0,510.0,510.0,510.0,0,0,LIMT
2018-07-03,510.0,510.0,510.0,510.0,0,0,LIMT
2018-07-03,500.0,500.0,500.0,500.0,0,1,LIMT
2018-07-04,510.0,510.0,510.0,510.0,0,0,LIMT
2018-07-04,500.0,500.0,500.0,500.0,0,1,LIMT
2018-07-05,510.0,510.0,510.0,510.0,0,0,LIMT
2018-07-05,500.0,500.0,500.0,500.0,0,1,LIMT
2018-07-06,510.0,510.0,510.0,510.0,0,0,LIMT
2018-07-06,500.0,500.0,500.0,500.0,0,1,LIMT
2018-07-09,500.0,500.0,500.0,500.0,0,1,LIMT
2018-07-09,510.0,510.0,510.0,510.0,0,0,LIMT
2018-07-10,510.0,510.0,510.0,510.0,0,0,LIMT
2018-07-10,500.0,500.0,500.0,500.0,0,1,LIMT
2018-07-11,500.0,500.0,500.0,500.0,0,1,LIMT
2018-07-11,510.0,510.0,510.0,510.0,0,0,LIMT
2018-07-12,510.0,510.0,510.0,510.0,0,0,LIMT
2018-07-12,500.0,500.0,500.0,500.0,0,1,LIMT
2018-07-13,500.0,500.0,500.0,500.0,0,1,LIMT
2018-07-13,510.0,510.0,510.0,510.0,0,0,LIMT
2018-07-16,510.0,510.0,510.0,510.0,0,0,LIMT
2018-07-16,500.0,500.0,500.0,500.0,0,1,LIMT
2018-07-17,500.0,500.0,500.0,500.0,0,1,LIMT
2018-07-17,510.0,510.0,510.0,510.0,0,0,LIMT
2018-07-18,500.0,500.0,500.0,500.0,100,1,LIMT
2018-07-18,510.0,510.0,510.0,510.0,0,0,LIMT
2018-07-19,500.0,500.0,500.0,500.0,0,1,LIMT
2018-07-19,510.0,510.0,510.0,510.0,0,0,LIMT
2018-07-20,510.0,510.0,510.0,510.0,0,0,LIMT
2018-07-20,500.0,500.0,500.0,500.0,100,1,LIMT
2018-07-23,510.0,510.0,510.0,510.0,0,0,LIMT
2018-07-23,500.0,500.0,500.0,500.0,100,1,LIMT
2018-07-24,510.0,510.0,510.0,510.0,0,0,LIMT
2018-07-24,500.0,500.0,500.0,500.0,0,1,LIMT
2018-07-25,500.0,500.0,500.0,500.0,100,1,LIMT
2018-07-25,510.0,510.0,510.0,510.0,0,0,LIMT
2018-07-26,510.0,510.0,510.0,510.0,0,0,LIMT
2018-07-26,500.0,500.0,500.0,500.0,100,1,LIMT
2018-07-27,500.0,500.0,500.0,500.0,100,1,LIMT
2018-07-27,510.0,510.0,510.0,510.0,0,0,LIMT
2018-07-30,510.0,510.0,510.0,510.0,0,0,LIMT
2018-07-30,500.0,500.0,500.0,500.0,0,1,LIMT
2018-07-31,510.0,510.0,510.0,510.0,0,0,LIMT
2018-07-31,500.0,500.0,500.0,500.0,0,1,LIMT
2018-08-01,510.0,510.0,510.0,510.0,0,0,LIMT
2018-08-01,500.0,500.0,500.0,500.0,0,1,LIMT
2018-08-02,510.0,510.0,510.0,510.0,0,0,LIMT
2018-08-02,500.0,500.0,500.0,500.0,100,1,LIMT
2018-08-03,510.0,510.0,510.0,510.0,0,0,LIMT
2018-08-03,500.0,500.0,500.0,500.0,0,1,LIMT
2018-08-06,500.0,500.0,500.0,500.0,0,1,LIMT
2018-08-06,510.0,510.0,510.0,510.0,0,0,LIMT
2018-08-07,500.0,500.0,500.0,500.0,0,1,LIMT
2018-08-07,510.0,510.0,510.0,510.0,0,0,LIMT
2018-08-08,500.0,500.0,500.0,500.0,0,1,LIMT
2018-08-08,510.0,510.0,510.0,510.0,0,0,LIMT
2018-08-09,510.0,510.0,510.0,510.0,0,0,LIMT
2018-08-09,500.0,500.0,500.0,500.0,0,1,LIMT
2018-08-10,510.0,510.0,510.0,510.0,0,0,LIMT
2018-08-10,500.0,500.0,500.0,500.0,0,1,LIMT
2018-08-13,510.0,510.0,510.0,510.0,0,0,LIMT
2018-08-13,500.0,500.0,500.0,500.0,1000,1,LIMT
2018-08-14,510.0,510.0,510.0,510.0,0,0,LIMT
2018-08-14,500.0,500.0,500.0,500.0,0,1,LIMT
2018-08-15,510.0,510.0,510.0,510.0,0,0,LIMT
2018-08-15,500.0,500.0,500.0,500.0,0,1,LIMT
2018-08-16,510.0,510.0,510.0,510.0,0,0,LIMT
2018-08-16,500.0,500.0,500.0,500.0,0,1,LIMT
2018-08-17,510.0,510.0,510.0,510.0,0,0,LIMT
2018-08-17,500.0,500.0,500.0,500.0,0,1,LIMT
2018-08-20,510.0,510.0,510.0,510.0,0,0,LIMT
2018-08-20,500.0,500.0,500.0,500.0,0,1,LIMT
2018-08-21,510.0,510.0,510.0,510.0,0,0,LIMT
2018-08-21,500.0,500.0,500.0,500.0,0,1,LIMT
2018-08-22,500.0,500.0,500.0,500.0,0,1,LIMT
2018-08-22,510.0,510.0,510.0,510.0,0,0,LIMT
2018-08-23,510.0,510.0,510.0,510.0,0,0,LIMT
2018-08-23,500.0,500.0,500.0,500.0,0,1,LIMT
2018-08-24,500.0,500.0,500.0,500.0,0,1,LIMT
2018-08-24,510.0,510.0,510.0,510.0,0,0,LIMT
2018-08-27,500.0,500.0,500.0,500.0,0,1,LIMT
2018-08-27,510.0,510.0,510.0,510.0,0,0,LIMT
2018-08-28,510.0,510.0,510.0,510.0,0,0,LIMT
2018-08-28,500.0,500.0,500.0,500.0,0,1,LIMT
2018-08-29,510.0,510.0,510.0,510.0,0,0,LIMT
2018-08-29,500.0,500.0,500.0,500.0,100,1,LIMT
2018-08-30,510.0,510.0,510.0,510.0,0,0,LIMT
2018-08-30,500.0,500.0,500.0,500.0,0,1,LIMT
2018-08-31,500.0,500.0,500.0,500.0,0,1,LIMT
2018-08-31,510.0,510.0,510.0,510.0,0,0,LIMT
2018-09-03,500.0,500.0,500.0,500.0,0,1,LIMT
2018-09-03,510.0,510.0,510.0,510.0,0,0,LIMT
2018-09-04,500.0,500.0,500.0,500.0,0,1,LIMT
2018-09-04,510.0,510.0,510.0,510.0,0,0,LIMT
2018-09-05,500.0,550.0,550.0,550.0,127100,1,LIMT
2018-09-05,510.0,510.0,510.0,510.0,0,0,LIMT
2018-09-06,510.0,510.0,510.0,510.0,0,0,LIMT
2018-09-06,550.0,550.0,550.0,550.0,0,1,LIMT
2018-09-07,550.0,550.0,550.0,550.0,0,1,LIMT
2018-09-07,510.0,510.0,510.0,510.0,0,0,LIMT
2018-09-10,510.0,510.0,510.0,510.0,0,0,LIMT
2018-09-10,550.0,550.0,550.0,550.0,0,1,LIMT
2018-09-11,550.0,550.0,550.0,550.0,0,1,LIMT
2018-09-11,510.0,510.0,510.0,510.0,0,0,LIMT
2018-09-12,550.0,550.0,550.0,550.0,0,1,LIMT
2018-09-12,510.0,510.0,510.0,510.0,0,0,LIMT
2018-09-13,510.0,510.0,510.0,510.0,0,0,LIMT
2018-09-13,550.0,550.0,550.0,550.0,0,1,LIMT
2018-09-14,510.0,510.0,510.0,510.0,0,0,LIMT
2018-09-14,550.0,550.0,550.0,550.0,0,1,LIMT
2018-09-17,550.0,550.0,550.0,550.0,0,1,LIMT
2018-09-17,510.0,510.0,510.0,510.0,0,0,LIMT
2018-09-18,510.0,510.0,510.0,510.0,0,0,LIMT
2018-09-18,550.0,550.0,550.0,550.0,0,1,LIMT
2018-09-19,510.0,510.0,510.0,510.0,0,0,LIMT
2018-09-19,550.0,550.0,550.0,550.0,0,1,LIMT
2018-09-20,510.0,510.0,510.0,510.0,0,0,LIMT
2018-09-20,550.0,550.0,550.0,550.0,0,1,LIMT
2018-09-21,510.0,510.0,510.0,510.0,0,0,LIMT
2018-09-21,550.0,550.0,550.0,550.0,0,1,LIMT
2018-09-24,550.0,540.0,540.0,540.0,100,1,LIMT
2018-09-24,510.0,510.0,510.0,510.0,0,0,LIMT
2018-09-25,510.0,510.0,510.0,510.0,0,0,LIMT
2018-09-25,540.0,540.0,540.0,540.0,0,1,LIMT
2018-09-26,510.0,510.0,510.0,510.0,0,0,LIMT
2018-09-26,540.0,540.0,540.0,540.0,0,1,LIMT
2018-09-27,510.0,510.0,510.0,510.0,0,0,LIMT
2018-09-27,540.0,540.0,540.0,540.0,0,1,LIMT
2018-09-28,510.0,510.0,510.0,510.0,0,0,LIMT
2018-09-28,540.0,540.0,540.0,540.0,0,1,LIMT
2018-10-01,510.0,510.0,510.0,510.0,0,0,LIMT
2018-10-01,540.0,550.0,550.0,550.0,200,1,LIMT
2018-10-02,550.0,550.0,550.0,550.0,0,1,LIMT
2018-10-02,510.0,510.0,510.0,510.0,0,0,LIMT
2018-10-03,510.0,510.0,510.0,510.0,0,0,LIMT
2018-10-03,550.0,550.0,550.0,550.0,0,1,LIMT
2018-10-04,550.0,550.0,550.0,550.0,0,1,LIMT
2018-10-04,510.0,510.0,510.0,510.0,0,0,LIMT
2018-10-05,550.0,550.0,550.0,550.0,0,1,LIMT
2018-10-05,510.0,510.0,510.0,510.0,0,0,LIMT
2018-10-08,510.0,510.0,510.0,510.0,0,0,LIMT
2018-10-08,550.0,550.0,550.0,550.0,0,1,LIMT
2018-10-09,550.0,550.0,500.0,549.0,92700,0,LIMT
2018-10-10,550.0,550.0,500.0,549.0,92700,1,LIMT
2018-10-10,549.0,549.0,549.0,549.0,0,0,LIMT
2018-10-11,549.0,549.0,549.0,549.0,0,0,LIMT
2018-10-11,549.0,540.0,540.0,540.0,100,1,LIMT
2018-10-12,549.0,549.0,549.0,549.0,0,0,LIMT
2018-10-12,540.0,540.0,540.0,540.0,0,1,LIMT
2018-10-15,549.0,549.0,549.0,549.0,0,0,LIMT
2018-10-15,540.0,540.0,540.0,540.0,0,1,LIMT
2018-10-16,549.0,549.0,549.0,549.0,0,0,LIMT
2018-10-16,540.0,540.0,540.0,540.0,0,1,LIMT
2018-10-17,549.0,549.0,549.0,549.0,0,0,LIMT
2018-10-17,540.0,540.0,540.0,540.0,0,1,LIMT
2018-10-18,549.0,549.0,549.0,549.0,0,0,LIMT
2018-10-18,540.0,540.0,540.0,540.0,0,1,LIMT
2018-10-19,549.0,549.0,549.0,549.0,0,0,LIMT
2018-10-19,540.0,540.0,540.0,540.0,100,1,LIMT
2018-10-22,549.0,549.0,549.0,549.0,0,0,LIMT
2018-10-22,540.0,540.0,540.0,540.0,0,1,LIMT
2018-10-23,540.0,540.0,520.0,520.0,100,0,LIMT
2018-10-24,520.0,520.0,520.0,520.0,0,0,LIMT
2018-10-24,520.0,533.0,533.0,533.0,100,1,LIMT
2018-10-25,520.0,520.0,520.0,520.0,0,0,LIMT
2018-10-25,533.0,533.0,533.0,533.0,0,1,LIMT
2018-10-26,533.0,533.0,533.0,533.0,0,1,LIMT
2018-10-26,520.0,520.0,520.0,520.0,0,0,LIMT
2018-10-29,533.0,533.0,533.0,533.0,0,1,LIMT
2018-10-29,520.0,520.0,520.0,520.0,0,0,LIMT
2018-10-30,520.0,520.0,520.0,520.0,0,0,LIMT
2018-10-30,533.0,533.0,533.0,533.0,0,1,LIMT
2018-10-31,533.0,533.0,533.0,533.0,0,1,LIMT
2018-10-31,520.0,520.0,520.0,520.0,0,0,LIMT
2018-11-01,520.0,520.0,520.0,520.0,0,0,LIMT
2018-11-01,533.0,533.0,533.0,533.0,0,1,LIMT
2018-11-02,533.0,533.0,533.0,533.0,0,1,LIMT
2018-11-02,520.0,520.0,520.0,520.0,0,0,LIMT
2018-11-05,520.0,520.0,520.0,520.0,0,0,LIMT
2018-11-05,533.0,533.0,533.0,533.0,0,1,LIMT
2018-11-06,533.0,533.0,533.0,533.0,0,1,LIMT
2018-11-06,520.0,520.0,520.0,520.0,0,0,LIMT
2018-11-07,533.0,533.0,533.0,533.0,0,1,LIMT
2018-11-07,520.0,520.0,520.0,520.0,0,0,LIMT
2018-11-08,533.0,533.0,533.0,533.0,0,1,LIMT
2018-11-08,520.0,520.0,520.0,520.0,0,0,LIMT
2018-11-09,533.0,533.0,533.0,533.0,0,1,LIMT
2018-11-09,520.0,520.0,520.0,520.0,0,0,LIMT
2018-11-12,520.0,520.0,520.0,520.0,0,0,LIMT
2018-11-12,533.0,533.0,533.0,533.0,0,1,LIMT
2018-11-13,533.0,533.0,533.0,533.0,0,1,LIMT
2018-11-13,520.0,520.0,520.0,520.0,0,0,LIMT
2018-11-14,533.0,533.0,533.0,533.0,0,1,LIMT
2018-11-14,520.0,520.0,520.0,520.0,0,0,LIMT
2018-11-15,520.0,520.0,520.0,520.0,0,0,LIMT
2018-11-15,533.0,533.0,533.0,533.0,0,1,LIMT
2018-11-16,520.0,520.0,520.0,520.0,0,0,LIMT
2018-11-16,533.0,533.0,533.0,533.0,0,1,LIMT
2018-11-19,520.0,520.0,520.0,520.0,0,0,LIMT
2018-11-19,533.0,533.0,533.0,533.0,0,1,LIMT
2018-11-20,533.0,533.0,533.0,533.0,0,1,LIMT
2018-11-20,520.0,520.0,520.0,520.0,0,0,LIMT
2018-11-21,520.0,520.0,520.0,520.0,0,0,LIMT
2018-11-21,533.0,500.0,500.0,500.0,1300,1,LIMT
2018-11-22,520.0,520.0,520.0,520.0,0,0,LIMT
2018-11-22,500.0,500.0,500.0,500.0,0,1,LIMT
2018-11-23,500.0,500.0,500.0,500.0,0,1,LIMT
2018-11-23,520.0,520.0,520.0,520.0,0,0,LIMT
2018-11-26,500.0,500.0,500.0,500.0,0,1,LIMT
2018-11-26,520.0,520.0,520.0,520.0,0,0,LIMT
2018-11-27,500.0,500.0,500.0,500.0,0,1,LIMT
2018-11-27,520.0,520.0,520.0,520.0,0,0,LIMT
2018-11-28,500.0,500.0,500.0,500.0,0,1,LIMT
2018-11-28,520.0,520.0,520.0,520.0,0,0,LIMT
2018-11-29,520.0,520.0,520.0,520.0,0,0,LIMT
2018-11-29,500.0,500.0,500.0,500.0,0,1,LIMT
2018-11-30,520.0,520.0,520.0,520.0,0,0,LIMT
2018-11-30,500.0,500.0,500.0,500.0,0,1,LIMT
2018-12-03,520.0,520.0,520.0,520.0,0,0,LIMT
2018-12-03,500.0,500.0,500.0,500.0,0,1,LIMT
2018-12-04,520.0,520.0,520.0,520.0,0,0,LIMT
2018-12-04,500.0,500.0,500.0,500.0,0,1,LIMT
2018-12-05,520.0,520.0,520.0,520.0,0,0,LIMT
2018-12-05,500.0,500.0,500.0,500.0,0,1,LIMT
2018-12-06,520.0,520.0,520.0,520.0,0,0,LIMT
2018-12-06,500.0,500.0,500.0,500.0,0,1,LIMT
2018-12-07,500.0,500.0,500.0,500.0,0,1,LIMT
2018-12-07,520.0,520.0,520.0,520.0,0,0,LIMT
2018-12-10,500.0,500.0,500.0,500.0,0,1,LIMT
2018-12-10,520.0,520.0,520.0,520.0,0,0,LIMT
2018-12-11,500.0,500.0,500.0,500.0,0,1,LIMT
2018-12-11,520.0,520.0,520.0,520.0,0,0,LIMT
2018-12-12,500.0,500.0,500.0,500.0,0,1,LIMT
2018-12-12,520.0,520.0,520.0,520.0,0,0,LIMT
2018-12-13,500.0,500.0,500.0,500.0,0,1,LIMT
2018-12-13,520.0,520.0,520.0,520.0,0,0,LIMT
2018-12-14,500.0,500.0,500.0,500.0,0,1,LIMT
2018-12-14,520.0,520.0,520.0,520.0,0,0,LIMT
2018-12-17,500.0,500.0,500.0,500.0,0,1,LIMT
2018-12-17,520.0,520.0,520.0,520.0,0,0,LIMT
2018-12-18,500.0,500.0,500.0,500.0,0,1,LIMT
2018-12-18,520.0,520.0,520.0,520.0,0,0,LIMT
2018-12-19,500.0,500.0,500.0,500.0,0,1,LIMT
2018-12-19,520.0,520.0,520.0,520.0,0,0,LIMT
2018-12-20,500.0,500.0,500.0,500.0,0,1,LIMT
2018-12-20,520.0,520.0,520.0,520.0,0,0,LIMT
2018-12-21,500.0,500.0,500.0,500.0,0,1,LIMT
2018-12-21,520.0,520.0,520.0,520.0,0,0,LIMT
2018-12-24,500.0,500.0,500.0,500.0,0,1,LIMT
2018-12-24,520.0,520.0,520.0,520.0,0,0,LIMT
2018-12-25,520.0,520.0,520.0,520.0,0,0,LIMT
2018-12-25,500.0,500.0,500.0,500.0,0,1,LIMT
2018-12-26,520.0,520.0,520.0,520.0,0,0,LIMT
2018-12-26,500.0,500.0,500.0,500.0,0,1,LIMT
2018-12-27,520.0,520.0,520.0,520.0,0,0,LIMT
2018-12-27,500.0,500.0,500.0,500.0,0,1,LIMT
2018-12-28,520.0,520.0,520.0,520.0,0,0,LIMT
2018-12-28,500.0,500.0,500.0,500.0,0,1,LIMT
2018-12-31,520.0,520.0,520.0,520.0,0,0,LIMT
2018-12-31,500.0,500.0,500.0,500.0,0,1,LIMT
2019-01-01,520.0,520.0,520.0,520.0,0,0,LIMT
2019-01-01,500.0,500.0,500.0,500.0,0,1,LIMT
2019-01-02,500.0,500.0,500.0,500.0,0,1,LIMT
2019-01-02,520.0,520.0,520.0,520.0,0,0,LIMT
2019-01-03,520.0,520.0,520.0,520.0,0,0,LIMT
2019-01-03,500.0,500.0,500.0,500.0,0,1,LIMT
2019-01-04,500.0,500.0,500.0,500.0,0,1,LIMT
2019-01-04,520.0,520.0,520.0,520.0,0,0,LIMT
2019-01-07,520.0,520.0,520.0,520.0,0,0,LIMT
2019-01-07,500.0,500.0,500.0,500.0,0,1,LIMT
2019-01-08,520.0,520.0,520.0,520.0,0,0,LIMT
2019-01-08,500.0,500.0,500.0,500.0,0,1,LIMT
2019-01-09,500.0,500.0,500.0,500.0,400,1,LIMT
2019-01-09,520.0,520.0,520.0,520.0,0,0,LIMT
2019-01-10,520.0,520.0,520.0,520.0,0,0,LIMT
2019-01-10,500.0,500.0,500.0,500.0,0,1,LIMT
2019-01-11,520.0,520.0,520.0,520.0,0,0,LIMT
2019-01-11,500.0,500.0,500.0,500.0,0,1,LIMT
2019-01-14,520.0,520.0,520.0,520.0,0,0,LIMT
2019-01-14,500.0,550.0,550.0,550.0,3000,1,LIMT
2019-01-15,550.0,550.0,550.0,550.0,0,0,LIMT
2019-01-16,550.0,550.0,550.0,550.0,0,1,LIMT
2019-01-16,550.0,550.0,550.0,550.0,0,0,LIMT
2019-01-17,550.0,555.0,545.0,554.0,54000,1,LIMT
2019-01-17,550.0,550.0,550.0,550.0,0,0,LIMT
2019-01-18,554.0,554.0,554.0,554.0,0,1,LIMT
2019-01-18,550.0,550.0,550.0,550.0,0,0,LIMT
2019-01-21,554.0,554.0,554.0,554.0,0,1,LIMT
2019-01-21,550.0,550.0,550.0,550.0,0,0,LIMT
2019-01-22,550.0,550.0,550.0,550.0,0,0,LIMT
2019-01-22,554.0,554.0,554.0,554.0,0,1,LIMT
2019-01-23,550.0,550.0,550.0,550.0,0,0,LIMT
2019-01-23,554.0,554.0,554.0,554.0,0,1,LIMT
2019-01-24,550.0,550.0,550.0,550.0,0,0,LIMT
2019-01-24,554.0,554.0,554.0,554.0,0,1,LIMT
2019-01-25,550.0,550.0,550.0,550.0,0,0,LIMT
2019-01-25,554.0,554.0,554.0,554.0,0,1,LIMT
2019-01-28,554.0,554.0,554.0,554.0,0,1,LIMT
2019-01-28,550.0,550.0,550.0,550.0,0,0,LIMT
2019-01-29,550.0,550.0,550.0,550.0,0,0,LIMT
2019-01-29,554.0,554.0,554.0,554.0,0,1,LIMT
2019-01-30,554.0,554.0,554.0,554.0,0,1,LIMT
2019-01-30,550.0,550.0,550.0,550.0,0,0,LIMT
2019-01-31,554.0,554.0,554.0,554.0,0,1,LIMT
2019-01-31,550.0,550.0,550.0,550.0,0,0,LIMT
2019-02-01,554.0,554.0,554.0,554.0,0,1,LIMT
2019-02-01,550.0,550.0,550.0,550.0,0,0,LIMT
2019-02-04,554.0,554.0,554.0,554.0,0,1,LIMT
2019-02-04,550.0,550.0,550.0,550.0,0,0,LIMT
2019-02-05,550.0,550.0,550.0,550.0,0,0,LIMT
2019-02-05,554.0,554.0,554.0,554.0,0,1,LIMT
2019-02-06,550.0,550.0,550.0,550.0,0,0,LIMT
2019-02-06,554.0,554.0,554.0,554.0,0,1,LIMT
2019-02-07,554.0,554.0,554.0,554.0,0,1,LIMT
2019-02-07,550.0,550.0,550.0,550.0,0,0,LIMT
2019-02-08,554.0,554.0,554.0,554.0,0,1,LIMT
2019-02-08,550.0,550.0,550.0,550.0,0,0,LIMT
2019-02-11,550.0,550.0,550.0,550.0,0,0,LIMT
2019-02-11,554.0,554.0,554.0,554.0,0,1,LIMT
2019-02-12,554.0,554.0,554.0,554.0,0,1,LIMT
2019-02-12,550.0,550.0,550.0,550.0,0,0,LIMT
2019-02-13,550.0,550.0,550.0,550.0,0,0,LIMT
2019-02-13,554.0,554.0,554.0,554.0,0,1,LIMT
2019-02-14,550.0,550.0,550.0,550.0,0,0,LIMT
2019-02-14,554.0,554.0,554.0,554.0,0,1,LIMT
2019-02-15,554.0,554.0,554.0,554.0,0,1,LIMT
2019-02-15,550.0,550.0,550.0,550.0,0,0,LIMT
2019-02-18,554.0,554.0,554.0,554.0,0,1,LIMT
2019-02-18,550.0,550.0,550.0,550.0,0,0,LIMT
2019-02-19,554.0,554.0,554.0,554.0,0,1,LIMT
2019-02-19,550.0,550.0,550.0,550.0,0,0,LIMT
2019-02-20,554.0,554.0,554.0,554.0,0,1,LIMT
2019-02-20,550.0,550.0,550.0,550.0,0,0,LIMT
2019-02-21,550.0,550.0,550.0,550.0,0,0,LIMT
2019-02-21,554.0,550.0,550.0,550.0,100,1,LIMT
2019-02-22,550.0,550.0,550.0,550.0,0,0,LIMT
2019-02-25,550.0,550.0,550.0,550.0,0,0,LIMT
2019-02-25,550.0,550.0,550.0,550.0,0,1,LIMT
2019-02-26,550.0,580.0,550.0,580.0,200,0,LIMT
2019-02-27,580.0,580.0,580.0,580.0,0,0,LIMT
2019-02-28,580.0,580.0,580.0,580.0,0,0,LIMT
2019-02-28,580.0,600.0,600.0,600.0,500,1,LIMT
2019-03-01,600.0,600.0,600.0,600.0,0,0,LIMT
2019-03-04,600.0,600.0,600.0,600.0,0,1,LIMT
2019-03-04,600.0,600.0,600.0,600.0,0,0,LIMT
2019-03-05,600.0,600.0,600.0,600.0,0,0,LIMT
2019-03-05,600.0,600.0,551.0,583.0,300,1,LIMT
2019-03-06,600.0,600.0,600.0,600.0,0,0,LIMT
2019-03-06,583.0,583.0,583.0,583.0,0,1,LIMT
2019-03-07,600.0,600.0,600.0,600.0,0,0,LIMT
2019-03-07,583.0,583.0,583.0,583.0,0,1,LIMT
2019-03-08,600.0,600.0,600.0,600.0,0,0,LIMT
2019-03-08,583.0,583.0,583.0,583.0,0,1,LIMT
2019-03-11,600.0,600.0,600.0,600.0,0,0,LIMT
2019-03-11,583.0,583.0,583.0,583.0,0,1,LIMT
2019-03-12,600.0,600.0,600.0,600.0,0,0,LIMT
2019-03-12,583.0,583.0,583.0,583.0,0,1,LIMT
2019-03-13,600.0,600.0,600.0,600.0,0,0,LIMT
2019-03-13,583.0,583.0,583.0,583.0,0,1,LIMT
2019-03-14,583.0,583.0,583.0,583.0,0,1,LIMT
2019-03-14,600.0,600.0,600.0,600.0,0,0,LIMT
2019-03-15,583.0,583.0,583.0,583.0,0,1,LIMT
2019-03-15,600.0,600.0,600.0,600.0,0,0,LIMT
2019-03-18,583.0,583.0,583.0,583.0,0,1,LIMT
2019-03-18,600.0,600.0,600.0,600.0,0,0,LIMT
2019-03-19,583.0,583.0,583.0,583.0,0,1,LIMT
2019-03-19,600.0,600.0,600.0,600.0,0,0,LIMT
2019-03-20,583.0,583.0,583.0,583.0,0,1,LIMT
2019-03-20,600.0,600.0,600.0,600.0,0,0,LIMT
2019-03-21,583.0,583.0,583.0,583.0,0,1,LIMT
2019-03-21,600.0,600.0,600.0,600.0,0,0,LIMT
2019-03-22,600.0,600.0,600.0,600.0,0,0,LIMT
2019-03-22,583.0,580.0,580.0,580.0,1200,1,LIMT
2019-03-25,580.0,580.0,580.0,580.0,0,0,LIMT
2019-03-26,580.0,580.0,580.0,580.0,0,0,LIMT
2019-03-26,580.0,580.0,580.0,580.0,0,1,LIMT
2019-03-27,580.0,580.0,580.0,580.0,0,0,LIMT
2019-03-27,580.0,550.0,550.0,550.0,900,1,LIMT
2019-03-28,550.0,550.0,550.0,550.0,0,1,LIMT
2019-03-28,580.0,580.0,580.0,580.0,0,0,LIMT
2019-03-29,580.0,580.0,580.0,580.0,0,0,LIMT
2019-03-29,550.0,550.0,550.0,550.0,0,1,LIMT
2019-04-01,580.0,580.0,580.0,580.0,0,0,LIMT
2019-04-01,550.0,550.0,550.0,550.0,0,1,LIMT
2019-04-02,550.0,550.0,550.0,550.0,0,1,LIMT
2019-04-02,580.0,580.0,580.0,580.0,0,0,LIMT
2019-04-03,580.0,580.0,580.0,580.0,0,0,LIMT
2019-04-03,550.0,500.0,500.0,500.0,200,1,LIMT
2019-04-04,580.0,580.0,580.0,580.0,0,0,LIMT
2019-04-04,500.0,500.0,500.0,500.0,0,1,LIMT
2019-04-05,580.0,580.0,580.0,580.0,0,0,LIMT
2019-04-05,500.0,500.0,500.0,500.0,0,1,LIMT
2019-04-08,580.0,580.0,580.0,580.0,0,0,LIMT
2019-04-08,500.0,500.0,500.0,500.0,0,1,LIMT
2019-04-09,580.0,580.0,580.0,580.0,0,0,LIMT
2019-04-09,500.0,500.0,500.0,500.0,0,1,LIMT
2019-04-10,580.0,580.0,580.0,580.0,0,0,LIMT
2019-04-10,500.0,500.0,500.0,500.0,0,1,LIMT
2019-04-11,500.0,500.0,500.0,500.0,0,1,LIMT
2019-04-11,580.0,580.0,580.0,580.0,0,0,LIMT
2019-04-12,500.0,500.0,500.0,500.0,0,1,LIMT
2019-04-12,580.0,580.0,580.0,580.0,0,0,LIMT
2019-04-15,580.0,580.0,580.0,580.0,0,0,LIMT
2019-04-15,500.0,500.0,500.0,500.0,0,1,LIMT
2019-04-16,500.0,500.0,500.0,500.0,0,1,LIMT
2019-04-16,580.0,580.0,580.0,580.0,0,0,LIMT
2019-04-17,580.0,580.0,580.0,580.0,0,0,LIMT
2019-04-17,500.0,500.0,500.0,500.0,0,1,LIMT
2019-04-18,580.0,580.0,580.0,580.0,0,0,LIMT
2019-04-18,500.0,500.0,490.0,497.75,7700,1,LIMT
2019-04-19,500.0,500.0,490.0,497.75,7700,1,LIMT
2019-04-19,580.0,580.0,580.0,580.0,0,0,LIMT
2019-04-22,500.0,500.0,490.0,497.75,7700,1,LIMT
2019-04-22,580.0,580.0,580.0,580.0,0,0,LIMT
2019-04-23,497.75,497.75,497.75,497.75,0,1,LIMT
2019-04-23,580.0,580.0,580.0,580.0,0,0,LIMT
2019-04-24,497.75,450.0,450.0,450.0,100,1,LIMT
2019-04-24,580.0,580.0,580.0,580.0,0,0,LIMT
2019-04-25,450.0,450.0,450.0,450.0,0,1,LIMT
2019-04-25,580.0,580.0,580.0,580.0,0,0,LIMT
2019-04-26,580.0,580.0,580.0,580.0,0,0,LIMT
2019-04-26,450.0,450.0,450.0,450.0,0,1,LIMT
2019-04-29,580.0,580.0,580.0,580.0,0,0,LIMT
2019-04-29,450.0,450.0,450.0,450.0,0,1,LIMT
2019-04-30,450.0,450.0,450.0,450.0,0,1,LIMT
2019-04-30,580.0,580.0,580.0,580.0,0,0,LIMT
2019-05-01,450.0,450.0,450.0,450.0,0,1,LIMT
2019-05-01,580.0,580.0,580.0,580.0,0,0,LIMT
2019-05-02,580.0,580.0,580.0,580.0,0,0,LIMT
2019-05-02,450.0,450.0,450.0,450.0,0,1,LIMT
2019-05-03,450.0,450.0,450.0,450.0,0,1,LIMT
2019-05-03,580.0,580.0,580.0,580.0,0,0,LIMT
2019-05-06,450.0,450.0,450.0,450.0,0,1,LIMT
2019-05-06,580.0,580.0,580.0,580.0,0,0,LIMT
2019-05-07,450.0,450.0,450.0,450.0,0,1,LIMT
2019-05-07,580.0,580.0,580.0,580.0,0,0,LIMT
2019-05-08,450.0,450.0,450.0,450.0,0,1,LIMT
2019-05-08,580.0,580.0,580.0,580.0,0,0,LIMT
2019-05-09,580.0,580.0,580.0,580.0,0,0,LIMT
2019-05-09,450.0,450.0,450.0,450.0,0,1,LIMT
2019-05-10,450.0,450.0,450.0,450.0,0,1,LIMT
2019-05-10,580.0,580.0,580.0,580.0,0,0,LIMT
2019-05-13,450.0,450.0,450.0,450.0,0,1,LIMT
2019-05-13,580.0,580.0,580.0,580.0,0,0,LIMT
2019-05-14,450.0,450.0,450.0,450.0,0,1,LIMT
2019-05-14,580.0,580.0,580.0,580.0,0,0,LIMT
2019-05-15,580.0,580.0,580.0,580.0,0,0,LIMT
2019-05-15,450.0,450.0,450.0,450.0,0,1,LIMT
2019-05-16,450.0,450.0,450.0,450.0,0,1,LIMT
2019-05-16,580.0,580.0,580.0,580.0,0,0,LIMT
2019-05-17,450.0,450.0,450.0,450.0,0,1,LIMT
2019-05-17,580.0,580.0,580.0,580.0,0,0,LIMT
2019-05-20,450.0,450.0,450.0,450.0,0,1,LIMT
2019-05-20,580.0,580.0,580.0,580.0,0,0,LIMT
2019-05-21,580.0,580.0,580.0,580.0,0,0,LIMT
2019-05-21,450.0,450.0,450.0,450.0,100,1,LIMT
2019-05-22,580.0,580.0,580.0,580.0,0,0,LIMT
2019-05-22,450.0,450.0,450.0,450.0,0,1,LIMT
2019-05-23,580.0,580.0,580.0,580.0,0,0,LIMT
2019-05-23,450.0,450.0,450.0,450.0,0,1,LIMT
2019-05-24,580.0,580.0,580.0,580.0,0,0,LIMT
2019-05-24,450.0,450.0,450.0,450.0,0,1,LIMT
2019-05-27,580.0,580.0,580.0,580.0,0,0,LIMT
2019-05-27,450.0,450.0,450.0,450.0,0,1,LIMT
2019-05-28,580.0,580.0,580.0,580.0,0,0,LIMT
2019-05-28,450.0,450.0,450.0,450.0,0,1,LIMT
2019-05-29,580.0,580.0,580.0,580.0,0,0,LIMT
2019-05-29,450.0,450.0,450.0,450.0,0,1,LIMT
2019-05-30,580.0,580.0,580.0,580.0,0,0,LIMT
2019-05-30,450.0,450.0,450.0,450.0,0,1,LIMT
2019-05-31,450.0,450.0,450.0,450.0,0,1,LIMT
2019-05-31,580.0,580.0,580.0,580.0,0,0,LIMT
2019-06-03,580.0,580.0,580.0,580.0,0,0,LIMT
2019-06-03,450.0,450.0,450.0,450.0,0,1,LIMT
2019-06-04,450.0,450.0,450.0,450.0,0,1,LIMT
2019-06-04,580.0,580.0,580.0,580.0,0,0,LIMT
2019-06-05,580.0,580.0,580.0,580.0,0,0,LIMT
2019-06-05,450.0,450.0,450.0,450.0,0,1,LIMT
2019-06-06,450.0,450.0,450.0,450.0,0,1,LIMT
2019-06-06,580.0,580.0,580.0,580.0,0,0,LIMT
2019-06-07,450.0,450.0,450.0,450.0,0,1,LIMT
2019-06-07,580.0,580.0,580.0,580.0,0,0,LIMT
2019-06-10,580.0,580.0,580.0,580.0,0,0,LIMT
2019-06-10,450.0,450.0,450.0,450.0,0,1,LIMT
2019-06-11,580.0,580.0,580.0,580.0,0,0,LIMT
2019-06-11,450.0,450.0,450.0,450.0,0,1,LIMT
2019-06-12,450.0,450.0,450.0,450.0,0,1,LIMT
2019-06-12,580.0,580.0,580.0,580.0,0,0,LIMT
2019-06-13,580.0,580.0,580.0,580.0,0,0,LIMT
2019-06-13,450.0,450.0,450.0,450.0,0,1,LIMT
2019-06-14,580.0,580.0,580.0,580.0,0,0,LIMT
2019-06-14,450.0,450.0,450.0,450.0,0,1,LIMT
2019-06-17,580.0,580.0,580.0,580.0,0,0,LIMT
2019-06-17,450.0,450.0,450.0,450.0,0,1,LIMT
2019-06-18,580.0,580.0,580.0,580.0,0,0,LIMT
2019-06-18,450.0,450.0,450.0,450.0,0,1,LIMT
2019-06-19,580.0,580.0,580.0,580.0,0,0,LIMT
2019-06-19,450.0,450.0,450.0,450.0,0,1,LIMT
2019-06-20,580.0,580.0,580.0,580.0,0,0,LIMT
2019-06-20,450.0,450.0,450.0,450.0,0,1,LIMT
2019-06-21,580.0,580.0,580.0,580.0,0,0,LIMT
2019-06-21,450.0,450.0,450.0,450.0,0,1,LIMT
2019-06-24,450.0,450.0,450.0,450.0,0,1,LIMT
2019-06-24,580.0,580.0,580.0,580.0,0,0,LIMT
2019-06-25,450.0,450.0,450.0,450.0,0,1,LIMT
2019-06-25,580.0,580.0,580.0,580.0,0,0,LIMT
2019-06-26,450.0,450.0,450.0,450.0,0,1,LIMT
2019-06-26,580.0,580.0,580.0,580.0,0,0,LIMT
2019-06-27,580.0,580.0,580.0,580.0,0,0,LIMT
2019-06-27,450.0,450.0,450.0,450.0,0,1,LIMT
2019-06-28,580.0,580.0,580.0,580.0,0,0,LIMT
2019-06-28,450.0,450.0,450.0,450.0,0,1,LIMT
2019-07-01,450.0,450.0,450.0,450.0,0,1,LIMT
2019-07-01,580.0,580.0,580.0,580.0,0,0,LIMT
2019-07-02,450.0,450.0,450.0,450.0,0,1,LIMT
2019-07-02,580.0,580.0,580.0,580.0,0,0,LIMT
2019-07-03,580.0,580.0,580.0,580.0,0,0,LIMT
2019-07-03,450.0,450.0,450.0,450.0,0,1,LIMT
2019-07-04,580.0,580.0,580.0,580.0,0,0,LIMT
2019-07-04,450.0,450.0,450.0,450.0,0,1,LIMT
2019-07-05,580.0,580.0,580.0,580.0,0,0,LIMT
2019-07-05,450.0,450.0,450.0,450.0,0,1,LIMT
2019-07-08,580.0,580.0,580.0,580.0,0,0,LIMT
2019-07-08,450.0,450.0,450.0,450.0,0,1,LIMT
2019-07-09,580.0,580.0,580.0,580.0,0,0,LIMT
2019-07-09,450.0,450.0,450.0,450.0,0,1,LIMT
2019-07-10,450.0,450.0,450.0,450.0,0,1,LIMT
2019-07-10,580.0,580.0,580.0,580.0,0,0,LIMT
2019-07-11,450.0,450.0,450.0,450.0,0,1,LIMT
2019-07-11,580.0,580.0,580.0,580.0,0,0,LIMT
2019-07-12,450.0,450.0,450.0,450.0,0,1,LIMT
2019-07-12,580.0,580.0,580.0,580.0,0,0,LIMT
2019-07-15,450.0,450.0,450.0,450.0,0,1,LIMT
2019-07-15,580.0,580.0,580.0,580.0,0,0,LIMT
2019-07-16,450.0,450.0,450.0,450.0,0,1,LIMT
2019-07-16,580.0,580.0,580.0,580.0,0,0,LIMT
2019-07-17,450.0,450.0,450.0,450.0,0,1,LIMT
2019-07-17,580.0,580.0,580.0,580.0,0,0,LIMT
2019-07-18,580.0,580.0,580.0,580.0,0,0,LIMT
2019-07-18,450.0,470.0,470.0,470.0,24000,1,LIMT
2019-07-19,580.0,580.0,580.0,580.0,0,0,LIMT
2019-07-19,470.0,470.0,470.0,470.0,0,1,LIMT
2019-07-22,470.0,470.0,470.0,470.0,0,1,LIMT
2019-07-22,580.0,580.0,580.0,580.0,0,0,LIMT
2019-07-23,470.0,470.0,470.0,470.0,0,1,LIMT
2019-07-23,580.0,580.0,580.0,580.0,0,0,LIMT
2019-07-24,470.0,470.0,470.0,470.0,0,1,LIMT
2019-07-24,580.0,580.0,580.0,580.0,0,0,LIMT
2019-07-25,470.0,470.0,470.0,470.0,0,1,LIMT
2019-07-25,580.0,580.0,580.0,580.0,0,0,LIMT
2019-07-26,580.0,580.0,580.0,580.0,0,0,LIMT
2019-07-26,470.0,470.0,470.0,470.0,0,1,LIMT
2019-07-29,580.0,580.0,580.0,580.0,0,0,LIMT
2019-07-29,470.0,470.0,470.0,470.0,0,1,LIMT
2019-07-30,580.0,580.0,580.0,580.0,0,0,LIMT
2019-07-30,470.0,470.0,470.0,470.0,0,1,LIMT
2019-07-31,580.0,580.0,580.0,580.0,0,0,LIMT
2019-07-31,470.0,470.0,470.0,470.0,0,1,LIMT
2019-08-01,470.0,470.0,470.0,470.0,0,1,LIMT
2019-08-01,580.0,580.0,580.0,580.0,0,0,LIMT
2019-08-02,470.0,470.0,470.0,470.0,0,1,LIMT
2019-08-02,580.0,580.0,580.0,580.0,0,0,LIMT
2019-08-05,580.0,580.0,580.0,580.0,0,0,LIMT
2019-08-05,470.0,470.0,470.0,470.0,0,1,LIMT
2019-08-06,580.0,580.0,580.0,580.0,0,0,LIMT
2019-08-06,470.0,470.0,470.0,470.0,0,1,LIMT
2019-08-07,580.0,580.0,580.0,580.0,0,0,LIMT
2019-08-07,470.0,470.0,470.0,470.0,0,1,LIMT
2019-08-08,580.0,580.0,580.0,580.0,0,0,LIMT
2019-08-08,470.0,470.0,470.0,470.0,0,1,LIMT
2019-08-09,470.0,470.0,470.0,470.0,0,1,LIMT
2019-08-09,580.0,580.0,580.0,580.0,0,0,LIMT
2019-08-12,470.0,470.0,470.0,470.0,0,1,LIMT
2019-08-12,580.0,580.0,580.0,580.0,0,0,LIMT
2019-08-13,470.0,470.0,470.0,470.0,0,1,LIMT
2019-08-13,580.0,580.0,580.0,580.0,0,0,LIMT
2019-08-14,470.0,470.0,470.0,470.0,0,1,LIMT
2019-08-14,580.0,580.0,580.0,580.0,0,0,LIMT
2019-08-15,470.0,470.0,470.0,470.0,0,1,LIMT
2019-08-15,580.0,580.0,580.0,580.0,0,0,LIMT
2019-08-16,470.0,470.0,470.0,470.0,0,1,LIMT
2019-08-16,580.0,580.0,580.0,580.0,0,0,LIMT
2019-08-19,580.0,580.0,580.0,580.0,0,0,LIMT
2019-08-19,470.0,470.0,470.0,470.0,0,1,LIMT
2019-08-20,470.0,470.0,470.0,470.0,0,1,LIMT
2019-08-20,580.0,580.0,580.0,580.0,0,0,LIMT
2019-08-21,470.0,470.0,470.0,470.0,0,1,LIMT
2019-08-21,580.0,580.0,580.0,580.0,0,0,LIMT
2019-08-22,580.0,580.0,580.0,580.0,0,0,LIMT
2019-08-22,470.0,470.0,470.0,470.0,0,1,LIMT
2019-08-23,470.0,470.0,470.0,470.0,0,1,LIMT
2019-08-23,580.0,580.0,580.0,580.0,0,0,LIMT
2019-08-26,580.0,580.0,580.0,580.0,0,0,LIMT
2019-08-26,470.0,470.0,470.0,470.0,0,1,LIMT
2019-08-27,580.0,580.0,580.0,580.0,0,0,LIMT
2019-08-27,470.0,470.0,470.0,470.0,0,1,LIMT
2019-08-28,580.0,580.0,580.0,580.0,0,0,LIMT
2019-08-28,470.0,470.0,470.0,470.0,0,1,LIMT
2019-08-29,470.0,470.0,470.0,470.0,0,1,LIMT
2019-08-29,580.0,580.0,580.0,580.0,0,0,LIMT
2019-08-30,580.0,580.0,580.0,580.0,0,0,LIMT
2019-08-30,470.0,470.0,470.0,470.0,0,1,LIMT
2019-09-02,470.0,470.0,470.0,470.0,0,1,LIMT
2019-09-02,580.0,580.0,580.0,580.0,0,0,LIMT
2019-09-03,470.0,470.0,470.0,470.0,0,1,LIMT
2019-09-03,580.0,580.0,580.0,580.0,0,0,LIMT
2019-09-04,470.0,470.0,470.0,470.0,0,1,LIMT
2019-09-04,580.0,580.0,580.0,580.0,0,0,LIMT
2019-09-05,580.0,580.0,580.0,580.0,0,0,LIMT
2019-09-05,470.0,470.0,470.0,470.0,0,1,LIMT
2019-09-06,580.0,580.0,580.0,580.0,0,0,LIMT
2019-09-06,470.0,470.0,470.0,470.0,0,1,LIMT
2019-09-09,470.0,470.0,470.0,470.0,0,1,LIMT
2019-09-09,580.0,580.0,580.0,580.0,0,0,LIMT
2019-09-10,470.0,470.0,470.0,470.0,0,1,LIMT
2019-09-10,580.0,580.0,580.0,580.0,0,0,LIMT
2019-09-11,470.0,470.0,470.0,470.0,0,1,LIMT
2019-09-11,580.0,580.0,580.0,580.0,0,0,LIMT
2019-09-12,470.0,470.0,470.0,470.0,0,1,LIMT
2019-09-12,580.0,580.0,580.0,580.0,0,0,LIMT
2019-09-13,470.0,470.0,470.0,470.0,0,1,LIMT
2019-09-13,580.0,580.0,580.0,580.0,0,0,LIMT
2019-09-16,470.0,470.0,470.0,470.0,0,1,LIMT
2019-09-16,580.0,580.0,580.0,580.0,0,0,LIMT
2019-09-17,470.0,470.0,470.0,470.0,0,1,LIMT
2019-09-17,580.0,580.0,580.0,580.0,0,0,LIMT
2019-09-18,470.0,470.0,470.0,470.0,0,1,LIMT
2019-09-18,580.0,580.0,580.0,580.0,0,0,LIMT
2019-09-19,580.0,580.0,580.0,580.0,0,0,LIMT
2019-09-19,470.0,470.0,470.0,470.0,0,1,LIMT
2019-09-20,580.0,580.0,580.0,580.0,0,0,LIMT
2019-09-20,470.0,470.0,470.0,470.0,0,1,LIMT
2019-09-23,580.0,580.0,580.0,580.0,0,0,LIMT
2019-09-23,470.0,470.0,470.0,470.0,0,1,LIMT
2019-09-24,470.0,470.0,470.0,470.0,0,1,LIMT
2019-09-24,580.0,580.0,580.0,580.0,0,0,LIMT
2019-09-25,580.0,580.0,580.0,580.0,0,0,LIMT
2019-09-25,470.0,470.0,470.0,470.0,0,1,LIMT
2019-09-26,580.0,580.0,580.0,580.0,0,0,LIMT
2019-09-26,470.0,470.0,470.0,470.0,0,1,LIMT
2019-09-27,580.0,580.0,580.0,580.0,0,0,LIMT
2019-09-27,470.0,470.0,470.0,470.0,0,1,LIMT
2019-09-30,580.0,580.0,580.0,580.0,0,0,LIMT
2019-09-30,470.0,470.0,470.0,470.0,0,1,LIMT
2019-10-01,580.0,580.0,580.0,580.0,0,0,LIMT
2019-10-01,470.0,470.0,470.0,470.0,0,1,LIMT
2019-10-02,470.0,470.0,470.0,470.0,0,1,LIMT
2019-10-02,580.0,580.0,580.0,580.0,0,0,LIMT
2019-10-03,580.0,580.0,580.0,580.0,0,0,LIMT
2019-10-03,470.0,470.0,470.0,470.0,0,1,LIMT
2019-10-04,580.0,580.0,580.0,580.0,0,0,LIMT
2019-10-04,470.0,470.0,470.0,470.0,0,1,LIMT
2019-10-07,580.0,580.0,580.0,580.0,0,0,LIMT
2019-10-07,470.0,470.0,470.0,470.0,0,1,LIMT
2019-10-08,470.0,470.0,470.0,470.0,0,1,LIMT
2019-10-08,580.0,580.0,580.0,580.0,0,0,LIMT
2019-10-09,580.0,580.0,580.0,580.0,0,0,LIMT
2019-10-09,470.0,470.0,470.0,470.0,0,1,LIMT
2019-10-10,580.0,580.0,580.0,580.0,0,0,LIMT
2019-10-10,470.0,470.0,470.0,470.0,0,1,LIMT
2019-10-11,580.0,580.0,580.0,580.0,0,0,LIMT
2019-10-11,470.0,470.0,470.0,470.0,0,1,LIMT
2019-10-14,580.0,580.0,580.0,580.0,0,0,LIMT
2019-10-14,470.0,470.0,470.0,470.0,0,1,LIMT
2019-10-15,470.0,470.0,470.0,470.0,0,1,LIMT
2019-10-15,580.0,580.0,580.0,580.0,0,0,LIMT
2019-10-16,470.0,470.0,470.0,470.0,0,1,LIMT
2019-10-16,580.0,580.0,580.0,580.0,0,0,LIMT
2019-10-17,470.0,470.0,470.0,470.0,0,1,LIMT
2019-10-17,580.0,580.0,580.0,580.0,0,0,LIMT
2019-10-18,580.0,580.0,580.0,580.0,0,0,LIMT
2019-10-18,470.0,460.0,460.0,460.0,200,1,LIMT
2019-10-21,580.0,580.0,580.0,580.0,0,0,LIMT
2019-10-21,470.0,460.0,460.0,460.0,200,1,LIMT
2019-10-22,460.0,460.0,460.0,460.0,0,1,LIMT
2019-10-22,580.0,580.0,580.0,580.0,0,0,LIMT
2019-10-23,460.0,460.0,460.0,460.0,0,1,LIMT
2019-10-23,580.0,580.0,580.0,580.0,0,0,LIMT
2019-10-24,580.0,580.0,580.0,580.0,0,0,LIMT
2019-10-24,460.0,460.0,460.0,460.0,0,1,LIMT
2019-10-25,460.0,460.0,460.0,460.0,0,1,LIMT
2019-10-25,580.0,580.0,580.0,580.0,0,0,LIMT
2019-10-28,580.0,580.0,580.0,580.0,0,0,LIMT
2019-10-28,460.0,460.0,460.0,460.0,0,1,LIMT
2019-10-29,460.0,460.0,460.0,460.0,0,1,LIMT
2019-10-29,580.0,580.0,580.0,580.0,0,0,LIMT
2019-10-30,460.0,460.0,460.0,460.0,0,1,LIMT
2019-10-30,580.0,580.0,580.0,580.0,0,0,LIMT
2019-10-31,580.0,580.0,580.0,580.0,0,0,LIMT
2019-10-31,460.0,460.0,460.0,460.0,0,1,LIMT
2019-11-01,580.0,580.0,580.0,580.0,0,0,LIMT
2019-11-01,460.0,450.0,450.0,450.0,1000,1,LIMT
2019-11-04,580.0,580.0,580.0,580.0,0,0,LIMT
2019-11-04,450.0,450.0,450.0,450.0,0,1,LIMT
2019-11-05,580.0,580.0,580.0,580.0,0,0,LIMT
2019-11-05,450.0,450.0,450.0,450.0,0,1,LIMT
2019-11-06,580.0,580.0,580.0,580.0,0,0,LIMT
2019-11-06,450.0,450.0,450.0,450.0,0,1,LIMT
2019-11-07,580.0,580.0,580.0,580.0,0,0,LIMT
2019-11-07,450.0,450.0,450.0,450.0,0,1,LIMT
2019-11-08,580.0,580.0,580.0,580.0,0,0,LIMT
2019-11-08,450.0,450.0,450.0,450.0,0,1,LIMT
2019-11-11,450.0,450.0,450.0,450.0,0,1,LIMT
2019-11-11,580.0,580.0,580.0,580.0,0,0,LIMT
2019-11-12,450.0,450.0,450.0,450.0,0,1,LIMT
2019-11-12,580.0,580.0,580.0,580.0,0,0,LIMT
2019-11-13,450.0,450.0,450.0,450.0,0,1,LIMT
2019-11-13,580.0,580.0,580.0,580.0,0,0,LIMT
2019-11-14,450.0,450.0,450.0,450.0,0,1,LIMT
2019-11-14,580.0,580.0,580.0,580.0,0,0,LIMT
2019-11-15,450.0,450.0,450.0,450.0,0,1,LIMT
2019-11-15,580.0,580.0,580.0,580.0,0,0,LIMT
2019-11-18,580.0,580.0,580.0,580.0,0,0,LIMT
2019-11-18,450.0,450.0,450.0,450.0,0,1,LIMT
2019-11-19,580.0,580.0,580.0,580.0,0,0,LIMT
2019-11-19,450.0,450.0,450.0,450.0,0,1,LIMT
2019-11-20,450.0,450.0,450.0,450.0,0,1,LIMT
2019-11-20,580.0,580.0,580.0,580.0,0,0,LIMT
2019-11-21,580.0,580.0,580.0,580.0,0,0,LIMT
2019-11-21,450.0,450.0,450.0,450.0,0,1,LIMT
2019-11-22,450.0,450.0,450.0,450.0,0,1,LIMT
2019-11-22,580.0,580.0,580.0,580.0,0,0,LIMT
2019-11-25,580.0,580.0,580.0,580.0,0,0,LIMT
2019-11-25,450.0,450.0,450.0,450.0,0,1,LIMT
2019-11-26,450.0,450.0,450.0,450.0,0,1,LIMT
2019-11-26,580.0,580.0,580.0,580.0,0,0,LIMT
2019-11-27,580.0,580.0,580.0,580.0,0,0,LIMT
2019-11-27,450.0,450.0,450.0,450.0,0,1,LIMT
2019-11-28,450.0,450.0,450.0,450.0,0,1,LIMT
2019-11-28,580.0,580.0,580.0,580.0,0,0,LIMT
2019-11-29,450.0,450.0,450.0,450.0,0,1,LIMT
2019-11-29,580.0,580.0,580.0,580.0,0,0,LIMT
2019-12-02,580.0,580.0,580.0,580.0,0,0,LIMT
2019-12-02,450.0,450.0,450.0,450.0,0,1,LIMT
2019-12-03,450.0,450.0,450.0,450.0,0,1,LIMT
2019-12-03,580.0,580.0,580.0,580.0,0,0,LIMT
2019-12-04,580.0,580.0,580.0,580.0,0,0,LIMT
2019-12-04,450.0,450.0,450.0,450.0,0,1,LIMT
2019-12-05,580.0,580.0,580.0,580.0,0,0,LIMT
2019-12-05,450.0,450.0,450.0,450.0,0,1,LIMT
2019-12-06,450.0,450.0,450.0,450.0,0,1,LIMT
2019-12-06,580.0,580.0,580.0,580.0,0,0,LIMT
2019-12-09,450.0,450.0,450.0,450.0,0,1,LIMT
2019-12-09,580.0,580.0,580.0,580.0,0,0,LIMT
2019-12-10,580.0,580.0,580.0,580.0,0,0,LIMT
2019-12-10,450.0,450.0,450.0,450.0,0,1,LIMT
2019-12-11,580.0,580.0,580.0,580.0,0,0,LIMT
2019-12-11,450.0,450.0,450.0,450.0,0,1,LIMT
2019-12-12,580.0,580.0,580.0,580.0,0,0,LIMT
2019-12-12,450.0,450.0,450.0,450.0,0,1,LIMT
2019-12-13,450.0,450.0,450.0,450.0,0,1,LIMT
2019-12-13,580.0,580.0,580.0,580.0,0,0,LIMT
2019-12-16,580.0,580.0,580.0,580.0,0,0,LIMT
2019-12-16,450.0,450.0,450.0,450.0,0,1,LIMT
2019-12-17,450.0,450.0,450.0,450.0,0,1,LIMT
2019-12-17,580.0,580.0,580.0,580.0,0,0,LIMT
2019-12-18,450.0,450.0,450.0,450.0,0,1,LIMT
2019-12-18,580.0,580.0,580.0,580.0,0,0,LIMT
2019-12-19,580.0,580.0,580.0,580.0,0,0,LIMT
2019-12-19,450.0,450.0,450.0,450.0,0,1,LIMT
2019-12-20,580.0,580.0,580.0,580.0,0,0,LIMT
2019-12-20,450.0,450.0,450.0,450.0,0,1,LIMT
2019-12-23,450.0,450.0,450.0,450.0,0,1,LIMT
2019-12-23,580.0,580.0,580.0,580.0,0,0,LIMT
2019-12-24,450.0,450.0,450.0,450.0,0,1,LIMT
2019-12-24,580.0,580.0,580.0,580.0,0,0,LIMT
2019-12-25,450.0,450.0,450.0,450.0,0,1,LIMT
2019-12-25,580.0,580.0,580.0,580.0,0,0,LIMT
2019-12-26,450.0,450.0,450.0,450.0,0,1,LIMT
2019-12-26,580.0,580.0,580.0,580.0,0,0,LIMT
2019-12-27,450.0,450.0,450.0,450.0,0,1,LIMT
2019-12-27,580.0,580.0,580.0,580.0,0,0,LIMT
2019-12-30,450.0,450.0,450.0,450.0,0,1,LIMT
2019-12-30,580.0,580.0,580.0,580.0,0,0,LIMT
2019-12-31,450.0,450.0,450.0,450.0,0,1,LIMT
2019-12-31,580.0,580.0,580.0,580.0,0,0,LIMT
2020-01-01,450.0,450.0,450.0,450.0,0,1,LIMT
2020-01-01,580.0,580.0,580.0,580.0,0,0,LIMT
2020-01-02,580.0,580.0,580.0,580.0,0,0,LIMT
2020-01-02,450.0,450.0,450.0,450.0,0,1,LIMT
2020-01-03,450.0,450.0,450.0,450.0,0,1,LIMT
2020-01-03,580.0,580.0,580.0,580.0,0,0,LIMT
2020-01-06,580.0,580.0,580.0,580.0,0,0,LIMT
2020-01-06,450.0,450.0,450.0,450.0,0,1,LIMT
2020-01-07,580.0,580.0,580.0,580.0,0,0,LIMT
2020-01-07,450.0,450.0,450.0,450.0,0,1,LIMT
2020-01-08,580.0,580.0,580.0,580.0,0,0,LIMT
2020-01-08,450.0,450.0,450.0,450.0,0,1,LIMT
2020-01-09,580.0,580.0,580.0,580.0,0,0,LIMT
2020-01-09,450.0,450.0,450.0,450.0,0,1,LIMT
2020-01-10,450.0,450.0,450.0,450.0,0,1,LIMT
2020-01-10,580.0,580.0,580.0,580.0,0,0,LIMT
2020-01-13,580.0,580.0,580.0,580.0,0,0,LIMT
2020-01-13,450.0,450.0,450.0,450.0,0,1,LIMT
2020-01-14,580.0,580.0,580.0,580.0,0,0,LIMT
2020-01-14,450.0,450.0,450.0,450.0,100,1,LIMT
2020-01-15,450.0,450.0,450.0,450.0,0,1,LIMT
2020-01-15,580.0,580.0,580.0,580.0,0,0,LIMT
2020-01-16,450.0,450.0,450.0,450.0,0,1,LIMT
2020-01-16,580.0,580.0,580.0,580.0,0,0,LIMT
2020-01-17,450.0,450.0,430.0,440.0,200,1,LIMT
2020-01-17,580.0,580.0,580.0,580.0,0,0,LIMT
2020-01-20,440.0,440.0,440.0,440.0,0,1,LIMT
2020-01-20,580.0,580.0,580.0,580.0,0,0,LIMT
2020-01-21,440.0,440.0,440.0,440.0,0,1,LIMT
2020-01-21,580.0,580.0,580.0,580.0,0,0,LIMT
2020-01-22,580.0,580.0,580.0,580.0,0,0,LIMT
2020-01-22,440.0,440.0,440.0,440.0,2900,1,LIMT
2020-01-23,440.0,440.0,440.0,440.0,0,1,LIMT
2020-01-23,580.0,580.0,580.0,580.0,0,0,LIMT
2020-01-24,440.0,440.0,440.0,440.0,0,1,LIMT
2020-01-24,580.0,580.0,580.0,580.0,0,0,LIMT
2020-01-27,580.0,580.0,580.0,580.0,0,0,LIMT
2020-01-27,440.0,440.0,440.0,440.0,0,1,LIMT
2020-01-28,440.0,440.0,440.0,440.0,0,1,LIMT
2020-01-28,580.0,580.0,580.0,580.0,0,0,LIMT
2020-01-29,580.0,580.0,580.0,580.0,0,0,LIMT
2020-01-29,440.0,440.0,440.0,440.0,0,1,LIMT
2020-01-30,580.0,580.0,580.0,580.0,0,0,LIMT
2020-01-30,440.0,440.0,440.0,440.0,100,1,LIMT
2020-01-31,440.0,440.0,440.0,440.0,200,1,LIMT
2020-01-31,580.0,580.0,580.0,580.0,0,0,LIMT
2020-02-03,440.0,440.0,440.0,440.0,0,1,LIMT
2020-02-03,580.0,580.0,580.0,580.0,0,0,LIMT
2020-02-04,440.0,440.0,440.0,440.0,0,1,LIMT
2020-02-04,580.0,580.0,580.0,580.0,0,0,LIMT
2020-02-05,440.0,440.0,440.0,440.0,0,1,LIMT
2020-02-05,580.0,580.0,580.0,580.0,0,0,LIMT
2020-02-06,440.0,440.0,440.0,440.0,0,1,LIMT
2020-02-06,580.0,580.0,580.0,580.0,0,0,LIMT
2020-02-07,580.0,580.0,580.0,580.0,0,0,LIMT
2020-02-07,440.0,440.0,440.0,440.0,200,1,LIMT
2020-02-10,580.0,580.0,580.0,580.0,0,0,LIMT
2020-02-10,440.0,440.0,440.0,440.0,0,1,LIMT
2020-02-11,580.0,580.0,580.0,580.0,0,0,LIMT
2020-02-11,440.0,440.0,440.0,440.0,0,1,LIMT
2020-02-12,580.0,580.0,580.0,580.0,0,0,LIMT
2020-02-12,440.0,440.0,440.0,440.0,0,1,LIMT
2020-02-13,580.0,580.0,580.0,580.0,0,0,LIMT
2020-02-13,440.0,440.0,440.0,440.0,0,1,LIMT
2020-02-14,440.0,440.0,440.0,440.0,0,1,LIMT
2020-02-14,580.0,580.0,580.0,580.0,0,0,LIMT
2020-02-17,580.0,580.0,580.0,580.0,0,0,LIMT
2020-02-17,440.0,440.0,440.0,440.0,0,1,LIMT
2020-02-18,580.0,580.0,580.0,580.0,0,0,LIMT
2020-02-18,440.0,440.0,440.0,440.0,0,1,LIMT
2020-02-19,580.0,580.0,580.0,580.0,0,0,LIMT
2020-02-19,440.0,440.0,440.0,440.0,0,1,LIMT
2020-02-20,440.0,440.0,440.0,440.0,0,1,LIMT
2020-02-20,580.0,580.0,580.0,580.0,0,0,LIMT
2020-02-21,580.0,580.0,580.0,580.0,0,0,LIMT
2020-02-21,440.0,440.0,440.0,440.0,0,1,LIMT
2020-02-24,440.0,440.0,440.0,440.0,0,1,LIMT
2020-02-24,580.0,580.0,580.0,580.0,0,0,LIMT
2020-02-25,580.0,580.0,580.0,580.0,0,0,LIMT
2020-02-25,440.0,440.0,440.0,440.0,0,1,LIMT
2020-02-26,580.0,580.0,580.0,580.0,0,0,LIMT
2020-02-26,440.0,440.0,440.0,440.0,0,1,LIMT
2020-02-27,440.0,440.0,440.0,440.0,0,1,LIMT
2020-02-27,580.0,580.0,580.0,580.0,0,0,LIMT
2020-02-28,580.0,580.0,580.0,580.0,0,0,LIMT
2020-02-28,440.0,440.0,440.0,440.0,0,1,LIMT
2020-03-02,440.0,440.0,440.0,440.0,0,1,LIMT
2020-03-02,580.0,580.0,580.0,580.0,0,0,LIMT
2020-03-03,580.0,580.0,580.0,580.0,0,0,LIMT
2020-03-03,440.0,440.0,440.0,440.0,0,1,LIMT
2020-03-04,440.0,440.0,440.0,440.0,0,1,LIMT
2020-03-04,580.0,580.0,580.0,580.0,0,0,LIMT
2020-03-05,440.0,440.0,440.0,440.0,0,1,LIMT
2020-03-05,580.0,580.0,580.0,580.0,0,0,LIMT
2020-03-06,440.0,440.0,440.0,440.0,0,1,LIMT
2020-03-06,580.0,580.0,580.0,580.0,0,0,LIMT
2020-03-09,580.0,580.0,580.0,580.0,0,0,LIMT
2020-03-09,440.0,440.0,440.0,440.0,0,1,LIMT
2020-03-10,580.0,580.0,580.0,580.0,0,0,LIMT
2020-03-10,440.0,440.0,440.0,440.0,0,1,LIMT
2020-03-11,580.0,580.0,580.0,580.0,0,0,LIMT
2020-03-11,440.0,440.0,440.0,440.0,0,1,LIMT
2020-03-12,580.0,580.0,580.0,580.0,0,0,LIMT
2020-03-12,440.0,440.0,440.0,440.0,0,1,LIMT
2020-03-13,580.0,580.0,580.0,580.0,0,0,LIMT
2020-03-13,440.0,440.0,440.0,440.0,0,1,LIMT
2020-03-16,580.0,580.0,580.0,580.0,0,0,LIMT
2020-03-16,440.0,440.0,440.0,440.0,0,1,LIMT
2020-03-17,580.0,580.0,580.0,580.0,0,0,LIMT
2020-03-17,440.0,440.0,440.0,440.0,0,1,LIMT
2020-03-18,580.0,580.0,580.0,580.0,0,0,LIMT
2020-03-18,440.0,440.0,440.0,440.0,0,1,LIMT
2020-03-19,580.0,580.0,580.0,580.0,0,0,LIMT
2020-03-19,440.0,440.0,440.0,440.0,0,1,LIMT
2020-03-20,580.0,580.0,580.0,580.0,0,0,LIMT
2020-03-20,440.0,475.0,475.0,475.0,40000,1,LIMT
2020-03-23,475.0,475.0,475.0,475.0,0,1,LIMT
2020-03-23,580.0,580.0,580.0,580.0,0,0,LIMT
2020-03-24,580.0,580.0,580.0,580.0,0,0,LIMT
2020-03-24,475.0,475.0,475.0,475.0,0,1,LIMT
2020-03-25,580.0,580.0,580.0,580.0,0,0,LIMT
2020-03-25,475.0,475.0,475.0,475.0,0,1,LIMT
2020-03-26,580.0,580.0,580.0,580.0,0,0,LIMT
2020-03-26,475.0,475.0,475.0,475.0,0,1,LIMT
2020-03-27,580.0,580.0,580.0,580.0,0,0,LIMT
2020-03-27,475.0,475.0,475.0,475.0,0,1,LIMT
2020-03-30,475.0,475.0,475.0,475.0,0,1,LIMT
2020-03-30,580.0,580.0,580.0,580.0,0,0,LIMT
2020-03-31,580.0,580.0,580.0,580.0,0,0,LIMT
2020-03-31,475.0,475.0,475.0,475.0,0,1,LIMT
2020-04-01,475.0,475.0,475.0,475.0,0,1,LIMT
2020-04-01,580.0,580.0,580.0,580.0,0,0,LIMT
2020-04-02,475.0,475.0,475.0,475.0,0,1,LIMT
2020-04-02,580.0,580.0,580.0,580.0,0,0,LIMT
2020-04-03,475.0,475.0,475.0,475.0,0,1,LIMT
2020-04-03,580.0,580.0,580.0,580.0,0,0,LIMT
2020-04-06,580.0,580.0,580.0,580.0,0,0,LIMT
2020-04-06,475.0,475.0,475.0,475.0,0,1,LIMT
2020-04-07,580.0,580.0,580.0,580.0,0,0,LIMT
2020-04-07,475.0,475.0,475.0,475.0,0,1,LIMT
2020-04-08,475.0,475.0,475.0,475.0,0,1,LIMT
2020-04-08,580.0,580.0,580.0,580.0,0,0,LIMT
2020-04-09,580.0,580.0,580.0,580.0,0,0,LIMT
2020-04-09,475.0,475.0,475.0,475.0,0,1,LIMT
2020-04-10,580.0,580.0,580.0,580.0,0,0,LIMT
2020-04-10,475.0,475.0,475.0,475.0,0,1,LIMT
2020-04-13,580.0,580.0,580.0,580.0,0,0,LIMT
2020-04-13,475.0,475.0,475.0,475.0,0,1,LIMT
2020-04-14,580.0,580.0,580.0,580.0,0,0,LIMT
2020-04-14,475.0,475.0,475.0,475.0,0,1,LIMT
2020-04-15,580.0,580.0,580.0,580.0,0,0,LIMT
2020-04-15,475.0,475.0,475.0,475.0,0,1,LIMT
2020-04-16,580.0,580.0,580.0,580.0,0,0,LIMT
2020-04-16,475.0,475.0,475.0,475.0,0,1,LIMT
2020-04-17,580.0,580.0,580.0,580.0,0,0,LIMT
2020-04-17,475.0,475.0,475.0,475.0,0,1,LIMT
2020-04-20,475.0,475.0,475.0,475.0,0,1,LIMT
2020-04-20,580.0,580.0,580.0,580.0,0,0,LIMT
2020-04-21,580.0,580.0,580.0,580.0,0,0,LIMT
2020-04-21,475.0,475.0,475.0,475.0,100,1,LIMT
2020-04-22,475.0,475.0,475.0,475.0,0,1,LIMT
2020-04-22,580.0,580.0,580.0,580.0,0,0,LIMT
2020-04-23,475.0,475.0,475.0,475.0,0,1,LIMT
2020-04-23,580.0,580.0,580.0,580.0,0,0,LIMT
2020-04-24,475.0,475.0,475.0,475.0,0,1,LIMT
2020-04-24,580.0,580.0,580.0,580.0,0,0,LIMT
2020-04-27,475.0,475.0,475.0,475.0,0,1,LIMT
2020-04-27,580.0,580.0,580.0,580.0,0,0,LIMT
2020-04-28,475.0,475.0,475.0,475.0,0,1,LIMT
2020-04-28,580.0,580.0,580.0,580.0,0,0,LIMT
2020-04-29,475.0,475.0,475.0,475.0,0,1,LIMT
2020-04-29,580.0,580.0,580.0,580.0,0,0,LIMT
2020-04-30,580.0,580.0,580.0,580.0,0,0,LIMT
2020-04-30,475.0,427.5,427.5,427.5,200,1,LIMT
2020-05-01,580.0,580.0,580.0,580.0,0,0,LIMT
2020-05-01,475.0,427.5,427.5,427.5,200,1,LIMT
2020-05-04,427.5,427.5,427.5,427.5,0,1,LIMT
2020-05-04,580.0,580.0,580.0,580.0,0,0,LIMT
2020-05-05,580.0,580.0,580.0,580.0,0,0,LIMT
2020-05-05,427.5,427.5,427.5,427.5,0,1,LIMT
2020-05-06,427.5,427.5,427.5,427.5,0,1,LIMT
2020-05-06,580.0,580.0,580.0,580.0,0,0,LIMT
2020-05-07,427.5,427.5,427.5,427.5,0,1,LIMT
2020-05-07,580.0,580.0,580.0,580.0,0,0,LIMT
2020-05-08,580.0,580.0,580.0,580.0,0,0,LIMT
2020-05-08,427.5,400.0,400.0,400.0,1000,1,LIMT
2020-05-11,580.0,580.0,580.0,580.0,0,0,LIMT
2020-05-11,400.0,400.0,400.0,400.0,0,1,LIMT
2020-05-12,580.0,580.0,580.0,580.0,0,0,LIMT
2020-05-12,400.0,400.0,400.0,400.0,0,1,LIMT
2020-05-13,580.0,580.0,580.0,580.0,0,0,LIMT
2020-05-13,400.0,400.0,400.0,400.0,0,1,LIMT
2020-05-14,400.0,400.0,400.0,400.0,0,1,LIMT
2020-05-14,580.0,580.0,580.0,580.0,0,0,LIMT
2020-05-15,400.0,400.0,400.0,400.0,0,1,LIMT
2020-05-15,580.0,580.0,580.0,580.0,0,0,LIMT
2020-05-18,580.0,580.0,580.0,580.0,0,0,LIMT
2020-05-18,400.0,400.0,400.0,400.0,0,1,LIMT
2020-05-19,580.0,580.0,580.0,580.0,0,0,LIMT
2020-05-19,400.0,400.0,400.0,400.0,0,1,LIMT
2020-05-20,580.0,580.0,580.0,580.0,0,0,LIMT
2020-05-20,400.0,400.0,400.0,400.0,0,1,LIMT
2020-05-21,400.0,400.0,400.0,400.0,0,1,LIMT
2020-05-21,580.0,580.0,580.0,580.0,0,0,LIMT
2020-05-22,580.0,580.0,580.0,580.0,0,0,LIMT
2020-05-22,400.0,385.0,385.0,385.0,100,1,LIMT
2020-05-25,580.0,580.0,580.0,580.0,0,0,LIMT
2020-05-25,400.0,385.0,385.0,385.0,100,1,LIMT
2020-05-26,385.0,385.0,385.0,385.0,0,1,LIMT
2020-05-26,580.0,580.0,580.0,580.0,0,0,LIMT
2020-05-27,580.0,580.0,580.0,580.0,0,0,LIMT
2020-05-27,385.0,385.0,385.0,385.0,0,1,LIMT
2020-05-28,385.0,385.0,385.0,385.0,0,1,LIMT
2020-05-28,580.0,580.0,580.0,580.0,0,0,LIMT
2020-05-29,385.0,385.0,385.0,385.0,0,1,LIMT
2020-05-29,580.0,580.0,580.0,580.0,0,0,LIMT
2020-06-01,385.0,385.0,385.0,385.0,0,1,LIMT
2020-06-01,580.0,580.0,580.0,580.0,0,0,LIMT
2020-06-02,385.0,385.0,385.0,385.0,0,1,LIMT
2020-06-02,580.0,580.0,580.0,580.0,0,0,LIMT
2020-06-03,580.0,580.0,580.0,580.0,0,0,LIMT
2020-06-03,385.0,385.0,385.0,385.0,0,1,LIMT
2020-06-04,385.0,385.0,385.0,385.0,0,1,LIMT
2020-06-04,580.0,580.0,580.0,580.0,0,0,LIMT
2020-06-05,580.0,580.0,580.0,580.0,0,0,LIMT
2020-06-05,385.0,385.0,385.0,385.0,0,1,LIMT
2020-06-08,580.0,580.0,580.0,580.0,0,0,LIMT
2020-06-08,385.0,385.0,385.0,385.0,0,1,LIMT
2020-06-09,580.0,580.0,580.0,580.0,0,0,LIMT
2020-06-09,385.0,385.0,385.0,385.0,0,1,LIMT
2020-06-10,385.0,385.0,385.0,385.0,0,1,LIMT
2020-06-10,580.0,580.0,580.0,580.0,0,0,LIMT
2020-06-11,580.0,580.0,580.0,580.0,0,0,LIMT
2020-06-11,385.0,385.0,385.0,385.0,0,1,LIMT
2020-06-12,580.0,580.0,580.0,580.0,0,0,LIMT
2020-06-12,385.0,385.0,385.0,385.0,0,1,LIMT
2020-06-15,385.0,385.0,385.0,385.0,0,1,LIMT
2020-06-15,580.0,580.0,580.0,580.0,0,0,LIMT
2020-06-16,580.0,580.0,580.0,580.0,0,0,LIMT
2020-06-16,385.0,385.0,385.0,385.0,0,1,LIMT
2020-06-17,580.0,580.0,580.0,580.0,0,0,LIMT
2020-06-17,385.0,385.0,385.0,385.0,0,1,LIMT
2020-06-18,580.0,580.0,580.0,580.0,0,0,LIMT
2020-06-18,385.0,385.0,385.0,385.0,0,1,LIMT
2020-06-19,385.0,385.0,385.0,385.0,0,1,LIMT
2020-06-19,580.0,580.0,580.0,580.0,0,0,LIMT
2020-06-22,385.0,385.0,385.0,385.0,0,1,LIMT
2020-06-22,580.0,580.0,580.0,580.0,0,0,LIMT
2020-06-23,580.0,580.0,580.0,580.0,0,0,LIMT
2020-06-23,385.0,385.0,385.0,385.0,0,1,LIMT
2020-06-24,385.0,385.0,385.0,385.0,0,1,LIMT
2020-06-24,580.0,580.0,580.0,580.0,0,0,LIMT
2020-06-25,580.0,580.0,580.0,580.0,0,0,LIMT
2020-06-25,385.0,385.0,385.0,385.0,0,1,LIMT
2020-06-26,580.0,580.0,580.0,580.0,0,0,LIMT
2020-06-26,385.0,385.0,385.0,385.0,0,1,LIMT
2020-06-29,580.0,580.0,580.0,580.0,0,0,LIMT
2020-06-29,385.0,385.0,385.0,385.0,0,1,LIMT
2020-06-30,580.0,580.0,580.0,580.0,0,0,LIMT
2020-06-30,385.0,385.0,385.0,385.0,0,1,LIMT
2020-07-01,385.0,385.0,385.0,385.0,0,1,LIMT
2020-07-01,580.0,580.0,580.0,580.0,0,0,LIMT
2020-07-02,580.0,580.0,580.0,580.0,0,0,LIMT
2020-07-02,385.0,385.0,385.0,385.0,0,1,LIMT
2020-07-03,580.0,580.0,580.0,580.0,0,0,LIMT
2020-07-03,385.0,385.0,385.0,385.0,0,1,LIMT
2020-07-06,580.0,580.0,580.0,580.0,0,0,LIMT
2020-07-06,385.0,385.0,385.0,385.0,0,1,LIMT
2020-07-07,580.0,580.0,580.0,580.0,0,0,LIMT
2020-07-07,385.0,385.0,385.0,385.0,0,1,LIMT
2020-07-08,580.0,580.0,580.0,580.0,0,0,LIMT
2020-07-08,385.0,385.0,385.0,385.0,0,1,LIMT
2020-07-09,385.0,385.0,385.0,385.0,0,1,LIMT
2020-07-09,580.0,580.0,580.0,580.0,0,0,LIMT
2020-07-10,385.0,385.0,385.0,385.0,0,1,LIMT
2020-07-10,580.0,580.0,580.0,580.0,0,0,LIMT
2020-07-13,385.0,385.0,385.0,385.0,0,1,LIMT
2020-07-13,580.0,580.0,580.0,580.0,0,0,LIMT
2020-07-14,580.0,580.0,580.0,580.0,0,0,LIMT
2020-07-14,385.0,385.0,385.0,385.0,0,1,LIMT
2020-07-15,385.0,385.0,385.0,385.0,0,1,LIMT
2020-07-15,580.0,580.0,580.0,580.0,0,0,LIMT
2020-07-16,580.0,580.0,580.0,580.0,0,0,LIMT
2020-07-16,385.0,385.0,385.0,385.0,0,1,LIMT
2020-07-17,385.0,385.0,385.0,385.0,0,1,LIMT
2020-07-17,580.0,580.0,580.0,580.0,0,0,LIMT
2020-07-20,580.0,580.0,580.0,580.0,0,0,LIMT
2020-07-20,385.0,385.0,385.0,385.0,0,1,LIMT
2020-07-21,385.0,385.0,385.0,385.0,0,1,LIMT
2020-07-21,580.0,580.0,580.0,580.0,0,0,LIMT
2020-07-22,385.0,385.0,385.0,385.0,0,1,LIMT
2020-07-22,580.0,580.0,580.0,580.0,0,0,LIMT
2020-07-23,385.0,385.0,385.0,385.0,0,1,LIMT
2020-07-23,580.0,580.0,580.0,580.0,0,0,LIMT
2020-07-24,385.0,385.0,385.0,385.0,0,1,LIMT
2020-07-24,580.0,580.0,580.0,580.0,0,0,LIMT
2020-07-27,385.0,385.0,385.0,385.0,0,1,LIMT
2020-07-27,580.0,580.0,580.0,580.0,0,0,LIMT
2020-07-28,385.0,385.0,385.0,385.0,0,1,LIMT
2020-07-28,580.0,580.0,580.0,580.0,0,0,LIMT
2020-07-29,580.0,580.0,580.0,580.0,0,0,LIMT
2020-07-29,385.0,385.0,385.0,385.0,0,1,LIMT
2020-07-30,385.0,385.0,385.0,385.0,0,1,LIMT
2020-07-30,580.0,580.0,580.0,580.0,0,0,LIMT
2020-07-31,580.0,580.0,580.0,580.0,0,0,LIMT
2020-07-31,385.0,385.0,385.0,385.0,0,1,LIMT
2020-08-03,580.0,580.0,580.0,580.0,0,0,LIMT
2020-08-03,385.0,385.0,385.0,385.0,0,1,LIMT
2020-08-04,580.0,580.0,580.0,580.0,0,0,LIMT
2020-08-04,385.0,385.0,385.0,385.0,0,1,LIMT
2020-08-05,580.0,580.0,580.0,580.0,0,0,LIMT
2020-08-05,385.0,385.0,385.0,385.0,0,1,LIMT
2020-08-06,580.0,580.0,580.0,580.0,0,0,LIMT
2020-08-06,385.0,385.0,385.0,385.0,0,1,LIMT
2020-08-07,580.0,580.0,580.0,580.0,0,0,LIMT
2020-08-07,385.0,385.0,385.0,385.0,0,1,LIMT
2020-08-10,580.0,580.0,580.0,580.0,0,0,LIMT
2020-08-10,385.0,385.0,385.0,385.0,0,1,LIMT
2020-08-11,580.0,580.0,580.0,580.0,0,0,LIMT
2020-08-11,385.0,385.0,385.0,385.0,0,1,LIMT
2020-08-12,580.0,580.0,580.0,580.0,0,0,LIMT
2020-08-12,385.0,385.0,385.0,385.0,0,1,LIMT
2020-08-13,385.0,385.0,385.0,385.0,0,1,LIMT
2020-08-13,580.0,580.0,580.0,580.0,0,0,LIMT
2020-08-14,385.0,385.0,385.0,385.0,0,1,LIMT
2020-08-14,580.0,580.0,580.0,580.0,0,0,LIMT
2020-08-17,385.0,385.0,385.0,385.0,0,1,LIMT
2020-08-17,580.0,580.0,580.0,580.0,0,0,LIMT
2020-08-18,385.0,385.0,385.0,385.0,0,1,LIMT
2020-08-18,580.0,580.0,580.0,580.0,0,0,LIMT
2020-08-19,580.0,580.0,580.0,580.0,0,0,LIMT
2020-08-19,385.0,385.0,385.0,385.0,0,1,LIMT
2020-08-20,580.0,580.0,580.0,580.0,0,0,LIMT
2020-08-20,385.0,385.0,385.0,385.0,0,1,LIMT
2020-08-21,580.0,580.0,580.0,580.0,0,0,LIMT
2020-08-21,385.0,385.0,385.0,385.0,0,1,LIMT
2020-08-24,385.0,385.0,385.0,385.0,0,1,LIMT
2020-08-24,580.0,580.0,580.0,580.0,0,0,LIMT
2020-08-25,385.0,385.0,385.0,385.0,0,1,LIMT
2020-08-25,580.0,580.0,580.0,580.0,0,0,LIMT
2020-08-26,385.0,385.0,385.0,385.0,0,1,LIMT
2020-08-26,580.0,580.0,580.0,580.0,0,0,LIMT
2020-08-27,385.0,385.0,385.0,385.0,0,1,LIMT
2020-08-27,580.0,580.0,580.0,580.0,0,0,LIMT
2020-08-28,580.0,580.0,580.0,580.0,0,0,LIMT
2020-08-28,385.0,385.0,385.0,385.0,0,1,LIMT
2020-08-31,580.0,580.0,580.0,580.0,0,0,LIMT
2020-08-31,385.0,385.0,385.0,385.0,0,1,LIMT
2020-09-01,385.0,385.0,385.0,385.0,0,1,LIMT
2020-09-01,580.0,580.0,580.0,580.0,0,0,LIMT
2020-09-02,580.0,580.0,580.0,580.0,0,0,LIMT
2020-09-02,385.0,385.0,385.0,385.0,0,1,LIMT
2020-09-03,580.0,580.0,580.0,580.0,0,0,LIMT
2020-09-03,385.0,385.0,385.0,385.0,0,1,LIMT
2020-09-04,580.0,580.0,580.0,580.0,0,0,LIMT
2020-09-04,385.0,385.0,385.0,385.0,0,1,LIMT
2020-09-07,580.0,580.0,580.0,580.0,0,0,LIMT
2020-09-07,385.0,385.0,385.0,385.0,0,1,LIMT
2020-09-08,580.0,580.0,580.0,580.0,0,0,LIMT
2020-09-08,385.0,385.0,385.0,385.0,0,1,LIMT
2020-09-09,385.0,385.0,385.0,385.0,0,1,LIMT
2020-09-09,580.0,580.0,580.0,580.0,0,0,LIMT
2020-09-10,385.0,385.0,385.0,385.0,0,1,LIMT
2020-09-10,580.0,580.0,580.0,580.0,0,0,LIMT
2020-09-11,385.0,385.0,385.0,385.0,0,1,LIMT
2020-09-11,580.0,580.0,580.0,580.0,0,0,LIMT
2020-09-14,385.0,385.0,385.0,385.0,0,1,LIMT
2020-09-14,580.0,580.0,580.0,580.0,0,0,LIMT
2020-09-15,385.0,385.0,385.0,385.0,0,1,LIMT
2020-09-15,580.0,580.0,580.0,580.0,0,0,LIMT
2020-09-16,580.0,580.0,580.0,580.0,0,0,LIMT
2020-09-16,385.0,385.0,385.0,385.0,0,1,LIMT
2020-09-17,580.0,580.0,580.0,580.0,0,0,LIMT
2020-09-17,385.0,385.0,385.0,385.0,0,1,LIMT
2020-09-18,580.0,580.0,580.0,580.0,0,0,LIMT
2020-09-18,385.0,385.0,385.0,385.0,0,1,LIMT
2020-09-21,580.0,580.0,580.0,580.0,0,0,LIMT
2020-09-21,385.0,385.0,385.0,385.0,0,1,LIMT
2020-09-22,580.0,580.0,580.0,580.0,0,0,LIMT
2020-09-22,385.0,385.0,385.0,385.0,0,1,LIMT
2020-09-23,580.0,580.0,580.0,580.0,0,0,LIMT
2020-09-23,385.0,385.0,385.0,385.0,0,1,LIMT
2020-09-24,580.0,580.0,580.0,580.0,0,0,LIMT
2020-09-24,385.0,385.0,385.0,385.0,0,1,LIMT
2020-09-25,385.0,400.0,400.0,400.0,100,1,LIMT
2020-09-25,580.0,580.0,580.0,580.0,0,0,LIMT
2020-09-28,580.0,580.0,580.0,580.0,0,0,LIMT
2020-09-28,400.0,400.0,400.0,400.0,0,1,LIMT
2020-09-29,580.0,580.0,580.0,580.0,0,0,LIMT
2020-09-29,400.0,400.0,400.0,400.0,0,1,LIMT
2020-09-30,400.0,400.0,400.0,400.0,0,1,LIMT
2020-09-30,580.0,580.0,580.0,580.0,0,0,LIMT
2020-10-01,580.0,580.0,580.0,580.0,0,0,LIMT
2020-10-01,400.0,400.0,400.0,400.0,0,1,LIMT
2020-10-02,580.0,580.0,580.0,580.0,0,0,LIMT
2020-10-02,400.0,400.0,400.0,400.0,0,1,LIMT
2020-10-05,580.0,580.0,580.0,580.0,0,0,LIMT
2020-10-05,400.0,400.0,400.0,400.0,200,1,LIMT
2020-10-06,580.0,580.0,580.0,580.0,0,0,LIMT
2020-10-06,400.0,400.0,400.0,400.0,0,1,LIMT
2020-10-07,580.0,580.0,580.0,580.0,0,0,LIMT
2020-10-07,400.0,400.0,400.0,400.0,0,1,LIMT
2020-10-08,580.0,580.0,580.0,580.0,0,0,LIMT
2020-10-08,400.0,400.0,400.0,400.0,0,1,LIMT
2020-10-09,400.0,400.0,400.0,400.0,0,1,LIMT
2020-10-09,580.0,580.0,580.0,580.0,0,0,LIMT
2020-10-12,400.0,400.0,400.0,400.0,0,1,LIMT
2020-10-12,580.0,580.0,580.0,580.0,0,0,LIMT
2020-10-13,400.0,400.0,400.0,400.0,200,1,LIMT
2020-10-13,580.0,580.0,580.0,580.0,0,0,LIMT
2020-10-14,580.0,580.0,580.0,580.0,0,0,LIMT
2020-10-14,400.0,400.0,400.0,400.0,0,1,LIMT
2020-10-15,580.0,580.0,580.0,580.0,0,0,LIMT
2020-10-15,400.0,400.0,400.0,400.0,0,1,LIMT
2020-10-16,580.0,580.0,580.0,580.0,0,0,LIMT
2020-10-16,400.0,400.0,400.0,400.0,0,1,LIMT
2020-10-19,580.0,580.0,580.0,580.0,0,0,LIMT
2020-10-19,400.0,400.0,400.0,400.0,0,1,LIMT
2020-10-20,400.0,400.0,400.0,400.0,0,1,LIMT
2020-10-20,580.0,580.0,580.0,580.0,0,0,LIMT
2020-10-21,580.0,580.0,580.0,580.0,0,0,LIMT
2020-10-21,400.0,400.0,400.0,400.0,0,1,LIMT
2020-10-22,400.0,400.0,400.0,400.0,100,1,LIMT
2020-10-22,580.0,580.0,580.0,580.0,0,0,LIMT
2020-10-23,400.0,400.0,400.0,400.0,0,1,LIMT
2020-10-23,580.0,580.0,580.0,580.0,0,0,LIMT
2020-10-26,400.0,400.0,400.0,400.0,0,1,LIMT
2020-10-26,580.0,580.0,580.0,580.0,0,0,LIMT
2020-10-27,400.0,400.0,400.0,400.0,0,1,LIMT
2020-10-27,580.0,580.0,580.0,580.0,0,0,LIMT
2020-10-28,400.0,400.0,400.0,400.0,0,1,LIMT
2020-10-28,580.0,580.0,580.0,580.0,0,0,LIMT
2020-10-29,400.0,400.0,400.0,400.0,0,1,LIMT
2020-10-29,580.0,580.0,580.0,580.0,0,0,LIMT
2020-10-30,400.0,400.0,400.0,400.0,0,1,LIMT
2020-10-30,580.0,580.0,580.0,580.0,0,0,LIMT
2020-11-02,400.0,400.0,400.0,400.0,0,1,LIMT
2020-11-02,580.0,580.0,580.0,580.0,0,0,LIMT
2020-11-03,580.0,580.0,580.0,580.0,0,0,LIMT
2020-11-03,400.0,360.0,360.0,360.0,100,1,LIMT
2020-11-04,360.0,360.0,360.0,360.0,0,1,LIMT
2020-11-04,580.0,580.0,580.0,580.0,0,0,LIMT
2020-11-05,580.0,580.0,580.0,580.0,0,0,LIMT
2020-11-05,360.0,360.0,360.0,360.0,100,1,LIMT
2020-11-06,580.0,580.0,580.0,580.0,0,0,LIMT
2020-11-06,360.0,360.0,360.0,360.0,0,1,LIMT
2020-11-09,580.0,580.0,580.0,580.0,0,0,LIMT
2020-11-09,360.0,360.0,360.0,360.0,0,1,LIMT
2020-11-10,360.0,360.0,360.0,360.0,400,1,LIMT
2020-11-10,580.0,580.0,580.0,580.0,0,0,LIMT
2020-11-11,360.0,360.0,360.0,360.0,100,1,LIMT
2020-11-11,580.0,580.0,580.0,580.0,0,0,LIMT
2020-11-12,580.0,580.0,580.0,580.0,0,0,LIMT
2020-11-12,360.0,360.0,360.0,360.0,0,1,LIMT
2020-11-13,580.0,580.0,580.0,580.0,0,0,LIMT
2020-11-13,360.0,360.0,360.0,360.0,0,1,LIMT
2020-11-16,360.0,360.0,360.0,360.0,0,1,LIMT
2020-11-16,580.0,580.0,580.0,580.0,0,0,LIMT
2020-11-17,580.0,580.0,580.0,580.0,0,0,LIMT
2020-11-17,360.0,360.0,360.0,360.0,0,1,LIMT
2020-11-18,580.0,580.0,580.0,580.0,0,0,LIMT
2020-11-18,360.0,360.0,360.0,360.0,0,1,LIMT
2020-11-19,360.0,360.0,360.0,360.0,0,1,LIMT
2020-11-19,580.0,580.0,580.0,580.0,0,0,LIMT
2020-11-20,580.0,580.0,580.0,580.0,0,0,LIMT
2020-11-20,360.0,360.0,360.0,360.0,0,1,LIMT
2020-11-23,580.0,580.0,580.0,580.0,0,0,LIMT
2020-11-23,360.0,360.0,360.0,360.0,0,1,LIMT
2020-11-24,360.0,360.0,360.0,360.0,0,1,LIMT
2020-11-24,580.0,580.0,580.0,580.0,0,0,LIMT
2020-11-25,580.0,580.0,580.0,580.0,0,0,LIMT
2020-11-25,360.0,360.0,360.0,360.0,0,1,LIMT
2020-11-26,580.0,580.0,580.0,580.0,0,0,LIMT
2020-11-26,360.0,360.0,360.0,360.0,0,1,LIMT
2020-11-27,360.0,360.0,360.0,360.0,0,1,LIMT
2020-11-27,580.0,580.0,580.0,580.0,0,0,LIMT
2020-11-30,580.0,580.0,580.0,580.0,0,0,LIMT
2020-11-30,360.0,360.0,360.0,360.0,0,1,LIMT
2020-12-01,580.0,580.0,580.0,580.0,0,0,LIMT
2020-12-01,360.0,360.0,360.0,360.0,0,1,LIMT
2020-12-02,580.0,580.0,580.0,580.0,0,0,LIMT
2020-12-02,360.0,360.0,360.0,360.0,0,1,LIMT
2020-12-03,580.0,580.0,580.0,580.0,0,0,LIMT
2020-12-03,360.0,360.0,360.0,360.0,0,1,LIMT
2020-12-04,580.0,580.0,580.0,580.0,0,0,LIMT
2020-12-04,360.0,360.0,360.0,360.0,0,1,LIMT
2020-12-07,360.0,360.0,360.0,360.0,300,1,LIMT
2020-12-07,580.0,580.0,580.0,580.0,0,0,LIMT
2020-12-08,580.0,580.0,580.0,580.0,0,0,LIMT
2020-12-08,360.0,360.0,360.0,360.0,0,1,LIMT
2020-12-09,580.0,580.0,580.0,580.0,0,0,LIMT
2020-12-09,360.0,360.0,360.0,360.0,0,1,LIMT
2020-12-10,360.0,360.0,360.0,360.0,0,1,LIMT
2020-12-10,580.0,580.0,580.0,580.0,0,0,LIMT
2020-12-11,580.0,580.0,580.0,580.0,0,0,LIMT
2020-12-11,360.0,360.0,360.0,360.0,0,1,LIMT
2020-12-14,360.0,360.0,360.0,360.0,0,1,LIMT
2020-12-14,580.0,580.0,580.0,580.0,0,0,LIMT
2020-12-15,580.0,580.0,580.0,580.0,0,0,LIMT
2020-12-15,360.0,360.0,360.0,360.0,0,1,LIMT
2020-12-16,580.0,580.0,580.0,580.0,0,0,LIMT
2020-12-16,360.0,360.0,360.0,360.0,0,1,LIMT
2020-12-17,580.0,580.0,580.0,580.0,0,0,LIMT
2020-12-17,360.0,360.0,360.0,360.0,0,1,LIMT
2020-12-18,360.0,360.0,360.0,360.0,0,1,LIMT
2020-12-18,580.0,580.0,580.0,580.0,0,0,LIMT
2020-12-21,360.0,360.0,360.0,360.0,0,1,LIMT
2020-12-21,580.0,580.0,580.0,580.0,0,0,LIMT
2020-12-22,580.0,580.0,580.0,580.0,0,0,LIMT
2020-12-22,360.0,360.0,360.0,360.0,0,1,LIMT
2020-12-23,580.0,580.0,580.0,580.0,0,0,LIMT
2020-12-23,360.0,360.0,360.0,360.0,300,1,LIMT
2020-12-24,360.0,360.0,360.0,360.0,0,1,LIMT
2020-12-24,580.0,580.0,580.0,580.0,0,0,LIMT
2020-12-25,580.0,580.0,580.0,580.0,0,0,LIMT
2020-12-25,360.0,360.0,360.0,360.0,0,1,LIMT
2020-12-28,580.0,580.0,580.0,580.0,0,0,LIMT
2020-12-28,360.0,360.0,360.0,360.0,0,1,LIMT
2020-12-29,580.0,580.0,580.0,580.0,0,0,LIMT
2020-12-29,360.0,360.0,360.0,360.0,0,1,LIMT
2020-12-30,580.0,580.0,580.0,580.0,0,0,LIMT
2020-12-30,360.0,360.0,360.0,360.0,0,1,LIMT
2020-12-31,360.0,360.0,360.0,360.0,0,1,LIMT
2020-12-31,580.0,580.0,580.0,580.0,0,0,LIMT
2021-01-01,360.0,360.0,360.0,360.0,0,1,LIMT
2021-01-01,580.0,580.0,580.0,580.0,0,0,LIMT
2021-01-04,360.0,360.0,360.0,360.0,100,1,LIMT
2021-01-04,580.0,580.0,580.0,580.0,0,0,LIMT
2021-01-05,580.0,580.0,580.0,580.0,0,0,LIMT
2021-01-05,360.0,360.0,360.0,360.0,0,1,LIMT
2021-01-06,360.0,360.0,360.0,360.0,0,1,LIMT
2021-01-06,580.0,580.0,580.0,580.0,0,0,LIMT
2021-01-07,360.0,360.0,360.0,360.0,0,1,LIMT
2021-01-07,580.0,580.0,580.0,580.0,0,0,LIMT
2021-01-08,580.0,580.0,580.0,580.0,0,0,LIMT
2021-01-08,360.0,360.0,360.0,360.0,0,1,LIMT
2021-01-11,360.0,360.0,360.0,360.0,0,1,LIMT
2021-01-11,580.0,580.0,580.0,580.0,0,0,LIMT
2021-01-12,360.0,360.0,360.0,360.0,0,1,LIMT
2021-01-12,580.0,580.0,580.0,580.0,0,0,LIMT
2021-01-13,580.0,580.0,580.0,580.0,0,0,LIMT
2021-01-13,360.0,360.0,360.0,360.0,0,1,LIMT
2021-01-14,580.0,580.0,580.0,580.0,0,0,LIMT
2021-01-14,360.0,360.0,360.0,360.0,0,1,LIMT
2021-01-15,580.0,580.0,580.0,580.0,0,0,LIMT
2021-01-15,360.0,360.0,360.0,360.0,0,1,LIMT
2021-01-18,580.0,580.0,580.0,580.0,0,0,LIMT
2021-01-18,360.0,360.0,360.0,360.0,0,1,LIMT
2021-01-19,580.0,580.0,580.0,580.0,0,0,LIMT
2021-01-19,360.0,360.0,360.0,360.0,0,1,LIMT
2021-01-20,580.0,580.0,580.0,580.0,0,0,LIMT
2021-01-20,360.0,360.0,360.0,360.0,0,1,LIMT
2021-01-21,360.0,360.0,360.0,360.0,0,1,LIMT
2021-01-21,580.0,580.0,580.0,580.0,0,0,LIMT
2021-01-22,580.0,580.0,580.0,580.0,0,0,LIMT
2021-01-22,360.0,360.0,360.0,360.0,0,1,LIMT
2021-01-25,360.0,360.0,360.0,360.0,0,1,LIMT
2021-01-25,580.0,580.0,580.0,580.0,0,0,LIMT
2021-01-26,360.0,360.0,360.0,360.0,0,1,LIMT
2021-01-26,580.0,580.0,580.0,580.0,0,0,LIMT
2021-01-27,580.0,580.0,580.0,580.0,0,0,LIMT
2021-01-27,360.0,360.0,360.0,360.0,0,1,LIMT
2021-01-28,580.0,580.0,580.0,580.0,0,0,LIMT
2021-01-28,360.0,360.0,360.0,360.0,0,1,LIMT
2021-01-29,580.0,580.0,580.0,580.0,0,0,LIMT
2021-01-29,360.0,360.0,360.0,360.0,0,1,LIMT
2021-02-01,360.0,360.0,360.0,360.0,0,1,LIMT
2021-02-01,580.0,580.0,580.0,580.0,0,0,LIMT
2021-02-02,580.0,580.0,580.0,580.0,0,0,LIMT
2021-02-02,360.0,360.0,360.0,360.0,0,1,LIMT
2021-02-03,580.0,580.0,580.0,580.0,0,0,LIMT
2021-02-03,360.0,360.0,360.0,360.0,0,1,LIMT
2021-02-04,580.0,580.0,580.0,580.0,0,0,LIMT
2021-02-04,360.0,360.0,360.0,360.0,0,1,LIMT
2021-02-05,580.0,580.0,580.0,580.0,0,0,LIMT
2021-02-05,360.0,360.0,360.0,360.0,0,1,LIMT
2021-02-08,580.0,580.0,580.0,580.0,0,0,LIMT
2021-02-08,360.0,360.0,360.0,360.0,0,1,LIMT
2021-02-09,360.0,360.0,360.0,360.0,0,1,LIMT
2021-02-09,580.0,580.0,580.0,580.0,0,0,LIMT
2021-02-10,580.0,580.0,580.0,580.0,0,0,LIMT
2021-02-10,360.0,360.0,360.0,360.0,0,1,LIMT
2021-02-11,580.0,580.0,580.0,580.0,0,0,LIMT
2021-02-11,360.0,360.0,360.0,360.0,0,1,LIMT
2021-02-12,360.0,360.0,360.0,360.0,0,1,LIMT
2021-02-12,580.0,580.0,580.0,580.0,0,0,LIMT
2021-02-15,360.0,360.0,360.0,360.0,0,1,LIMT
2021-02-15,580.0,580.0,580.0,580.0,0,0,LIMT
2021-02-16,360.0,360.0,360.0,360.0,0,1,LIMT
2021-02-16,580.0,580.0,580.0,580.0,0,0,LIMT
2021-02-17,360.0,360.0,360.0,360.0,100,1,LIMT
2021-02-17,580.0,580.0,580.0,580.0,0,0,LIMT
2021-02-18,580.0,580.0,580.0,580.0,0,0,LIMT
2021-02-18,360.0,360.0,360.0,360.0,0,1,LIMT
2021-02-19,580.0,580.0,580.0,580.0,0,0,LIMT
2021-02-19,360.0,360.0,360.0,360.0,100,1,LIMT
2021-02-22,580.0,580.0,580.0,580.0,0,0,LIMT
2021-02-22,360.0,360.0,360.0,360.0,0,1,LIMT
2021-02-23,580.0,580.0,580.0,580.0,0,0,LIMT
2021-02-23,360.0,360.0,360.0,360.0,0,1,LIMT
2021-02-24,580.0,580.0,580.0,580.0,0,0,LIMT
2021-02-24,360.0,360.0,360.0,360.0,0,1,LIMT
2021-02-25,360.0,360.0,360.0,360.0,0,1,LIMT
2021-02-25,580.0,580.0,580.0,580.0,0,0,LIMT
2021-02-26,360.0,360.0,360.0,360.0,0,1,LIMT
2021-02-26,580.0,580.0,580.0,580.0,0,0,LIMT
2021-03-01,580.0,580.0,580.0,580.0,0,0,LIMT
2021-03-01,360.0,360.0,360.0,360.0,100,1,LIMT
2021-03-02,360.0,360.0,360.0,360.0,0,1,LIMT
2021-03-02,580.0,580.0,580.0,580.0,0,0,LIMT
2021-03-03,580.0,580.0,580.0,580.0,0,0,LIMT
2021-03-03,360.0,360.0,360.0,360.0,0,1,LIMT
2021-03-04,580.0,580.0,580.0,580.0,0,0,LIMT
2021-03-04,360.0,360.0,360.0,360.0,0,1,LIMT
2021-03-05,580.0,580.0,580.0,580.0,0,0,LIMT
2021-03-05,360.0,360.0,360.0,360.0,0,1,LIMT
2021-03-08,360.0,360.0,360.0,360.0,0,1,LIMT
2021-03-08,580.0,580.0,580.0,580.0,0,0,LIMT
2021-03-09,360.0,360.0,360.0,360.0,0,1,LIMT
2021-03-09,580.0,580.0,580.0,580.0,0,0,LIMT
2021-03-10,580.0,580.0,580.0,580.0,0,0,LIMT
2021-03-10,360.0,360.0,360.0,360.0,0,1,LIMT
2021-03-11,580.0,580.0,580.0,580.0,0,0,LIMT
2021-03-11,360.0,360.0,360.0,360.0,0,1,LIMT
2021-03-12,360.0,360.0,360.0,360.0,0,1,LIMT
2021-03-12,580.0,580.0,580.0,580.0,0,0,LIMT
2021-03-15,580.0,580.0,580.0,580.0,0,0,LIMT
2021-03-15,360.0,360.0,360.0,360.0,0,1,LIMT
2021-03-16,580.0,580.0,580.0,580.0,0,0,LIMT
2021-03-16,360.0,360.0,360.0,360.0,0,1,LIMT
2021-03-17,360.0,360.0,360.0,360.0,0,1,LIMT
2021-03-17,580.0,580.0,580.0,580.0,0,0,LIMT
2021-03-18,580.0,580.0,580.0,580.0,0,0,LIMT
2021-03-18,360.0,360.0,360.0,360.0,0,1,LIMT
2021-03-19,580.0,580.0,580.0,580.0,0,0,LIMT
2021-03-19,360.0,360.0,360.0,360.0,0,1,LIMT
2021-03-22,360.0,360.0,360.0,360.0,0,1,LIMT
2021-03-22,580.0,580.0,580.0,580.0,0,0,LIMT
2021-03-23,360.0,360.0,360.0,360.0,0,1,LIMT
2021-03-23,580.0,580.0,580.0,580.0,0,0,LIMT
2021-03-24,580.0,580.0,580.0,580.0,0,0,LIMT
2021-03-24,360.0,360.0,360.0,360.0,0,1,LIMT
2021-03-25,580.0,580.0,580.0,580.0,0,0,LIMT
2021-03-25,360.0,360.0,360.0,360.0,0,1,LIMT
2021-03-26,580.0,580.0,580.0,580.0,0,0,LIMT
2021-03-26,360.0,360.0,360.0,360.0,0,1,LIMT
2021-03-29,580.0,580.0,580.0,580.0,0,0,LIMT
2021-03-29,360.0,360.0,360.0,360.0,0,1,LIMT
2021-03-30,580.0,580.0,580.0,580.0,0,0,LIMT
2021-03-30,360.0,360.0,360.0,360.0,0,1,LIMT
2021-03-31,580.0,580.0,580.0,580.0,0,0,LIMT
2021-03-31,360.0,360.0,360.0,360.0,0,1,LIMT
2021-04-01,580.0,580.0,580.0,580.0,0,0,LIMT
2021-04-01,360.0,360.0,360.0,360.0,0,1,LIMT
2021-04-02,580.0,580.0,580.0,580.0,0,0,LIMT
2021-04-02,360.0,360.0,360.0,360.0,0,1,LIMT
2021-04-05,580.0,580.0,580.0,580.0,0,0,LIMT
2021-04-05,360.0,360.0,360.0,360.0,0,1,LIMT
2021-04-06,360.0,360.0,360.0,360.0,0,1,LIMT
2021-04-06,580.0,580.0,580.0,580.0,0,0,LIMT
2021-04-07,580.0,580.0,580.0,580.0,0,0,LIMT
2021-04-07,360.0,360.0,360.0,360.0,100,1,LIMT
2021-04-08,580.0,580.0,580.0,580.0,0,0,LIMT
2021-04-08,360.0,360.0,360.0,360.0,0,1,LIMT
2021-04-09,580.0,580.0,580.0,580.0,0,0,LIMT
2021-04-09,360.0,360.0,360.0,360.0,0,1,LIMT
2021-04-12,360.0,360.0,360.0,360.0,0,1,LIMT
2021-04-12,580.0,580.0,580.0,580.0,0,0,LIMT
2021-04-13,360.0,360.0,360.0,360.0,0,1,LIMT
2021-04-13,580.0,580.0,580.0,580.0,0,0,LIMT
2021-04-14,580.0,580.0,580.0,580.0,0,0,LIMT
2021-04-14,360.0,360.0,360.0,360.0,0,1,LIMT
2021-04-15,580.0,580.0,580.0,580.0,0,0,LIMT
2021-04-15,360.0,360.0,360.0,360.0,0,1,LIMT
2021-04-16,580.0,580.0,580.0,580.0,0,0,LIMT
2021-04-16,360.0,360.0,360.0,360.0,0,1,LIMT
2021-04-19,580.0,580.0,580.0,580.0,0,0,LIMT
2021-04-19,360.0,360.0,360.0,360.0,0,1,LIMT
2021-04-20,580.0,580.0,580.0,580.0,0,0,LIMT
2021-04-20,360.0,360.0,360.0,360.0,0,1,LIMT
2021-04-21,360.0,360.0,360.0,360.0,0,1,LIMT
2021-04-21,580.0,580.0,580.0,580.0,0,0,LIMT
2021-04-22,580.0,580.0,580.0,580.0,0,0,LIMT
2021-04-22,360.0,360.0,360.0,360.0,100,1,LIMT
2021-04-23,580.0,580.0,580.0,580.0,0,0,LIMT
2021-04-23,360.0,360.0,360.0,360.0,0,1,LIMT
2021-04-26,360.0,360.0,360.0,360.0,0,1,LIMT
2021-04-26,580.0,580.0,580.0,580.0,0,0,LIMT
2021-04-27,360.0,360.0,360.0,360.0,0,1,LIMT
2021-04-27,580.0,580.0,580.0,580.0,0,0,LIMT
2021-04-28,360.0,360.0,360.0,360.0,0,1,LIMT
2021-04-28,580.0,580.0,580.0,580.0,0,0,LIMT
2021-04-29,580.0,580.0,580.0,580.0,0,0,LIMT
2021-04-29,360.0,360.0,360.0,360.0,0,1,LIMT
2021-04-30,580.0,580.0,580.0,580.0,0,0,LIMT
2021-04-30,360.0,360.0,360.0,360.0,0,1,LIMT
2021-05-03,360.0,360.0,360.0,360.0,0,1,LIMT
2021-05-03,580.0,580.0,580.0,580.0,0,0,LIMT
2021-05-04,580.0,580.0,580.0,580.0,0,0,LIMT
2021-05-04,360.0,340.0,340.0,340.0,100,1,LIMT
2021-05-05,580.0,580.0,580.0,580.0,0,0,LIMT
2021-05-05,340.0,340.0,340.0,340.0,0,1,LIMT
2021-05-06,580.0,580.0,580.0,580.0,0,0,LIMT
2021-05-06,340.0,340.0,340.0,340.0,0,1,LIMT
2021-05-07,580.0,580.0,580.0,580.0,0,0,LIMT
2021-05-07,340.0,340.0,340.0,340.0,0,1,LIMT
2021-05-10,340.0,340.0,340.0,340.0,0,1,LIMT
2021-05-10,580.0,580.0,580.0,580.0,0,0,LIMT
2021-05-11,340.0,340.0,340.0,340.0,0,1,LIMT
2021-05-11,580.0,580.0,580.0,580.0,0,0,LIMT
2021-05-12,580.0,580.0,580.0,580.0,0,0,LIMT
2021-05-12,340.0,340.0,340.0,340.0,0,1,LIMT
2021-05-13,580.0,580.0,580.0,580.0,0,0,LIMT
2021-05-13,340.0,340.0,340.0,340.0,0,1,LIMT
2021-05-14,340.0,340.0,340.0,340.0,0,1,LIMT
2021-05-14,580.0,580.0,580.0,580.0,0,0,LIMT
2021-05-17,340.0,340.0,340.0,340.0,0,1,LIMT
2021-05-17,580.0,580.0,580.0,580.0,0,0,LIMT
2021-05-18,580.0,580.0,580.0,580.0,0,0,LIMT
2021-05-18,340.0,340.0,340.0,340.0,0,1,LIMT
2021-05-19,580.0,580.0,580.0,580.0,0,0,LIMT
2021-05-19,340.0,340.0,340.0,340.0,0,1,LIMT
2021-05-20,340.0,340.0,340.0,340.0,0,1,LIMT
2021-05-20,580.0,580.0,580.0,580.0,0,0,LIMT
2021-05-21,580.0,580.0,580.0,580.0,0,0,LIMT
2021-05-21,340.0,340.0,340.0,340.0,0,1,LIMT
2021-05-24,340.0,340.0,340.0,340.0,0,1,LIMT
2021-05-24,580.0,580.0,580.0,580.0,0,0,LIMT
2021-05-25,580.0,580.0,580.0,580.0,0,0,LIMT
2021-05-25,340.0,340.0,340.0,340.0,0,1,LIMT
2021-05-26,340.0,340.0,340.0,340.0,0,1,LIMT
2021-05-26,580.0,580.0,580.0,580.0,0,0,LIMT
2021-05-27,580.0,580.0,580.0,580.0,0,0,LIMT
2021-05-27,340.0,340.0,340.0,340.0,0,1,LIMT
2021-05-28,340.0,340.0,340.0,340.0,0,1,LIMT
2021-05-28,580.0,580.0,580.0,580.0,0,0,LIMT
2021-05-31,340.0,340.0,340.0,340.0,0,1,LIMT
2021-05-31,580.0,580.0,580.0,580.0,0,0,LIMT
2021-06-01,580.0,580.0,580.0,580.0,0,0,LIMT
2021-06-01,340.0,340.0,340.0,340.0,0,1,LIMT
2021-06-02,580.0,580.0,580.0,580.0,0,0,LIMT
2021-06-02,340.0,340.0,340.0,340.0,0,1,LIMT
2021-06-03,340.0,340.0,340.0,340.0,0,1,LIMT
2021-06-03,580.0,580.0,580.0,580.0,0,0,LIMT
2021-06-04,340.0,340.0,340.0,340.0,0,1,LIMT
2021-06-04,580.0,580.0,580.0,580.0,0,0,LIMT
2021-06-07,340.0,340.0,340.0,340.0,0,1,LIMT
2021-06-07,580.0,580.0,580.0,580.0,0,0,LIMT
2021-06-08,340.0,340.0,340.0,340.0,0,1,LIMT
2021-06-08,580.0,580.0,580.0,580.0,0,0,LIMT
2021-06-09,340.0,340.0,340.0,340.0,0,1,LIMT
2021-06-09,580.0,580.0,580.0,580.0,0,0,LIMT
2021-06-10,340.0,340.0,340.0,340.0,0,1,LIMT
2021-06-10,580.0,580.0,580.0,580.0,0,0,LIMT
2021-06-11,340.0,340.0,340.0,340.0,0,1,LIMT
2021-06-11,580.0,580.0,580.0,580.0,0,0,LIMT
2021-06-14,580.0,580.0,580.0,580.0,0,0,LIMT
2021-06-14,340.0,340.0,340.0,340.0,0,1,LIMT
2021-06-15,340.0,340.0,340.0,340.0,0,1,LIMT
2021-06-15,580.0,580.0,580.0,580.0,0,0,LIMT
2021-06-16,580.0,580.0,580.0,580.0,0,0,LIMT
2021-06-16,340.0,340.0,340.0,340.0,0,1,LIMT
2021-06-17,580.0,580.0,580.0,580.0,0,0,LIMT
2021-06-17,340.0,340.0,340.0,340.0,0,1,LIMT
2021-06-18,340.0,340.0,340.0,340.0,0,1,LIMT
2021-06-18,580.0,580.0,580.0,580.0,0,0,LIMT
2021-06-21,340.0,340.0,340.0,340.0,0,1,LIMT
2021-06-21,580.0,580.0,580.0,580.0,0,0,LIMT
2021-06-22,580.0,580.0,580.0,580.0,0,0,LIMT
2021-06-22,340.0,340.0,340.0,340.0,0,1,LIMT
2021-06-23,580.0,580.0,580.0,580.0,0,0,LIMT
2021-06-23,340.0,320.0,320.0,320.0,100,1,LIMT
2021-06-24,320.0,320.0,320.0,320.0,0,1,LIMT
2021-06-24,580.0,580.0,580.0,580.0,0,0,LIMT
2021-06-25,580.0,580.0,580.0,580.0,0,0,LIMT
2021-06-25,320.0,320.0,320.0,320.0,0,1,LIMT
2021-06-28,320.0,320.0,320.0,320.0,0,1,LIMT
2021-06-28,580.0,580.0,580.0,580.0,0,0,LIMT
2021-06-29,580.0,580.0,580.0,580.0,0,0,LIMT
2021-06-29,320.0,320.0,320.0,320.0,0,1,LIMT
2021-06-30,580.0,580.0,580.0,580.0,0,0,LIMT
2021-06-30,320.0,320.0,320.0,320.0,0,1,LIMT
2021-07-01,580.0,580.0,580.0,580.0,0,0,LIMT
2021-07-01,320.0,320.0,320.0,320.0,0,1,LIMT
2021-07-02,580.0,580.0,580.0,580.0,0,0,LIMT
2021-07-02,320.0,320.0,320.0,320.0,0,1,LIMT
2021-07-05,580.0,580.0,580.0,580.0,0,0,LIMT
2021-07-05,320.0,320.0,320.0,320.0,0,1,LIMT
2021-07-06,320.0,300.0,300.0,300.0,1600,1,LIMT
2021-07-06,580.0,580.0,580.0,580.0,0,0,LIMT
2021-07-07,300.0,300.0,300.0,300.0,0,1,LIMT
2021-07-07,580.0,580.0,580.0,580.0,0,0,LIMT
2021-07-08,300.0,300.0,300.0,300.0,0,1,LIMT
2021-07-08,580.0,580.0,580.0,580.0,0,0,LIMT
2021-07-09,300.0,300.0,300.0,300.0,0,1,LIMT
2021-07-09,580.0,580.0,580.0,580.0,0,0,LIMT
2021-07-12,300.0,300.0,300.0,300.0,100,1,LIMT
2021-07-12,580.0,580.0,580.0,580.0,0,0,LIMT
2021-07-13,580.0,580.0,580.0,580.0,0,0,LIMT
2021-07-13,300.0,300.0,300.0,300.0,0,1,LIMT
2021-07-14,580.0,580.0,580.0,580.0,0,0,LIMT
2021-07-14,300.0,300.0,300.0,300.0,0,1,LIMT
2021-07-15,300.0,300.0,295.0,295.0,600,0,LIMT
2021-07-16,295.0,295.0,295.0,295.0,1500,0,LIMT
2021-07-19,295.0,290.0,290.0,290.0,300,1,LIMT
2021-07-19,295.0,295.0,295.0,295.0,0,0,LIMT
2021-07-20,295.0,295.0,295.0,295.0,0,0,LIMT
2021-07-20,295.0,290.0,290.0,290.0,300,1,LIMT
2021-07-21,295.0,295.0,295.0,295.0,0,0,LIMT
2021-07-21,290.0,290.0,290.0,290.0,0,1,LIMT
2021-07-22,295.0,295.0,295.0,295.0,0,0,LIMT
2021-07-22,290.0,290.0,290.0,290.0,0,1,LIMT
2021-07-23,295.0,295.0,295.0,295.0,0,0,LIMT
2021-07-23,290.0,280.0,280.0,280.0,600,1,LIMT
2021-07-26,295.0,295.0,295.0,295.0,0,0,LIMT
2021-07-26,280.0,280.0,280.0,280.0,0,1,LIMT
2021-07-27,280.0,280.0,280.0,280.0,0,1,LIMT
2021-07-27,295.0,295.0,295.0,295.0,0,0,LIMT
2021-07-28,295.0,295.0,295.0,295.0,0,0,LIMT
2021-07-28,280.0,280.0,280.0,280.0,0,1,LIMT
2021-07-29,280.0,280.0,260.0,263.0,4200,0,LIMT
2021-07-30,263.0,280.0,263.0,280.0,800,0,LIMT
2021-08-02,280.0,308.0,280.0,304.75,19800,0,LIMT
2021-08-03,304.75,304.75,304.75,304.75,0,0,LIMT
2021-08-04,304.75,320.0,304.75,320.0,37800,0,LIMT
2021-08-05,320.0,320.0,320.0,320.0,0,0,LIMT
2021-08-06,320.0,300.0,300.0,300.0,100,1,LIMT
2021-08-06,320.0,320.0,320.0,320.0,0,0,LIMT
2021-08-09,320.0,320.0,320.0,320.0,0,0,LIMT
2021-08-09,300.0,300.0,300.0,300.0,0,1,LIMT
2021-08-10,300.0,300.0,300.0,300.0,0,1,LIMT
2021-08-10,320.0,320.0,320.0,320.0,0,0,LIMT
2021-08-11,300.0,300.0,300.0,300.0,0,1,LIMT
2021-08-11,320.0,320.0,320.0,320.0,0,0,LIMT
2021-08-12,320.0,320.0,320.0,320.0,0,0,LIMT
2021-08-12,300.0,300.0,300.0,300.0,0,1,LIMT
2021-08-13,300.0,300.0,300.0,300.0,0,1,LIMT
2021-08-13,320.0,320.0,320.0,320.0,0,0,LIMT
2021-08-16,320.0,320.0,320.0,320.0,0,0,LIMT
2021-08-16,300.0,300.0,300.0,300.0,0,1,LIMT
2021-08-17,300.0,300.0,300.0,300.0,0,1,LIMT
2021-08-17,320.0,320.0,320.0,320.0,0,0,LIMT
2021-08-18,320.0,320.0,320.0,320.0,0,0,LIMT
2021-08-18,300.0,300.0,300.0,300.0,0,1,LIMT
2021-08-19,320.0,320.0,320.0,320.0,0,0,LIMT
2021-08-19,300.0,300.0,300.0,300.0,0,1,LIMT
2021-08-20,320.0,320.0,320.0,320.0,0,0,LIMT
2021-08-20,300.0,300.0,300.0,300.0,0,1,LIMT
2021-08-23,320.0,320.0,320.0,320.0,0,0,LIMT
2021-08-23,300.0,300.0,300.0,300.0,0,1,LIMT
2021-08-24,300.0,300.0,300.0,300.0,800,1,LIMT
2021-08-24,320.0,320.0,320.0,320.0,0,0,LIMT
2021-08-25,300.0,300.0,300.0,300.0,0,1,LIMT
2021-08-25,320.0,320.0,320.0,320.0,0,0,LIMT
2021-08-26,300.0,300.0,300.0,300.0,0,1,LIMT
2021-08-26,320.0,320.0,320.0,320.0,0,0,LIMT
2021-08-27,320.0,320.0,320.0,320.0,0,0,LIMT
2021-08-27,300.0,300.0,300.0,300.0,0,1,LIMT
2021-08-30,300.0,300.0,300.0,300.0,0,1,LIMT
2021-08-30,320.0,320.0,320.0,320.0,0,0,LIMT
2021-08-31,300.0,320.0,320.0,320.0,100,1,LIMT
2021-08-31,320.0,320.0,320.0,320.0,0,0,LIMT
2021-09-01,320.0,320.0,320.0,320.0,0,0,LIMT
2021-09-01,320.0,320.0,320.0,320.0,21400,1,LIMT
2021-09-02,320.0,320.0,320.0,320.0,0,0,LIMT
2021-09-02,320.0,320.0,320.0,320.0,0,1,LIMT
2021-09-03,320.0,320.0,320.0,320.0,0,0,LIMT
2021-09-03,320.0,320.0,320.0,320.0,13200,1,LIMT
2021-09-06,320.0,320.0,320.0,320.0,0,0,LIMT
2021-09-06,320.0,320.0,320.0,320.0,100,1,LIMT
2021-09-07,320.0,320.0,320.0,320.0,200,1,LIMT
2021-09-07,320.0,320.0,320.0,320.0,0,0,LIMT
2021-09-08,320.0,320.0,320.0,320.0,0,1,LIMT
2021-09-08,320.0,320.0,320.0,320.0,0,0,LIMT
2021-09-09,320.0,320.0,320.0,320.0,0,1,LIMT
2021-09-09,320.0,320.0,320.0,320.0,0,0,LIMT
2021-09-10,320.0,320.0,320.0,320.0,0,0,LIMT
2021-09-10,320.0,320.0,320.0,320.0,0,1,LIMT
2021-09-13,320.0,320.0,320.0,320.0,0,1,LIMT
2021-09-13,320.0,320.0,320.0,320.0,0,0,LIMT
2021-09-14,320.0,320.0,320.0,320.0,0,1,LIMT
2021-09-14,320.0,320.0,320.0,320.0,0,0,LIMT
2021-09-15,320.0,350.0,320.0,350.0,400,0,LIMT
2021-09-16,350.0,350.0,350.0,350.0,400,0,LIMT
2021-09-17,350.0,350.0,350.0,350.0,0,0,LIMT
2021-09-17,350.0,320.0,320.0,320.0,19500,1,LIMT
2021-09-20,320.0,320.0,320.0,320.0,0,1,LIMT
2021-09-20,350.0,350.0,350.0,350.0,0,0,LIMT
2021-09-21,350.0,350.0,350.0,350.0,0,0,LIMT
2021-09-21,320.0,320.0,320.0,320.0,0,1,LIMT
2021-09-22,320.0,320.0,320.0,320.0,0,1,LIMT
2021-09-22,350.0,350.0,350.0,350.0,0,0,LIMT
2021-09-23,350.0,350.0,350.0,350.0,0,0,LIMT
2021-09-23,320.0,320.0,320.0,320.0,0,1,LIMT
2021-09-24,320.0,320.0,320.0,320.0,0,1,LIMT
2021-09-24,350.0,350.0,350.0,350.0,0,0,LIMT
2021-09-27,320.0,320.0,320.0,320.0,0,1,LIMT
2021-09-27,350.0,350.0,350.0,350.0,0,0,LIMT
2021-09-28,350.0,350.0,350.0,350.0,0,0,LIMT
2021-09-28,320.0,320.0,320.0,320.0,0,1,LIMT
2021-09-29,320.0,300.0,300.0,300.0,200,1,LIMT
2021-09-29,350.0,350.0,350.0,350.0,0,0,LIMT
2021-09-30,350.0,350.0,350.0,350.0,0,0,LIMT
2021-09-30,300.0,300.0,300.0,300.0,0,1,LIMT
2021-10-01,300.0,300.0,300.0,300.0,0,1,LIMT
2021-10-01,350.0,350.0,350.0,350.0,0,0,LIMT
2021-10-04,350.0,350.0,350.0,350.0,0,0,LIMT
2021-10-04,300.0,300.0,300.0,300.0,0,1,LIMT
2021-10-05,350.0,350.0,350.0,350.0,0,0,LIMT
2021-10-05,300.0,300.0,300.0,300.0,0,1,LIMT
2021-10-06,300.0,300.0,300.0,300.0,0,1,LIMT
2021-10-06,350.0,350.0,350.0,350.0,0,0,LIMT
2021-10-07,350.0,350.0,350.0,350.0,0,0,LIMT
2021-10-07,300.0,300.0,300.0,300.0,0,1,LIMT
2021-10-08,350.0,350.0,350.0,350.0,0,0,LIMT
2021-10-08,300.0,300.0,300.0,300.0,0,1,LIMT
2021-10-11,350.0,350.0,350.0,350.0,0,0,LIMT
2021-10-11,300.0,300.0,300.0,300.0,0,1,LIMT
2021-10-12,300.0,300.0,300.0,300.0,0,1,LIMT
2021-10-12,350.0,350.0,350.0,350.0,0,0,LIMT
2021-10-13,300.0,300.0,300.0,300.0,0,1,LIMT
2021-10-13,350.0,350.0,350.0,350.0,0,0,LIMT
2021-10-14,350.0,350.0,350.0,350.0,0,0,LIMT
2021-10-14,300.0,330.0,330.0,330.0,300,1,LIMT
2021-10-15,350.0,350.0,350.0,350.0,0,0,LIMT
2021-10-15,330.0,330.0,330.0,330.0,0,1,LIMT
2021-10-18,350.0,350.0,350.0,350.0,0,0,LIMT
2021-10-18,330.0,330.0,330.0,330.0,0,1,LIMT
2021-10-19,330.0,330.0,330.0,330.0,0,1,LIMT
2021-10-19,350.0,350.0,350.0,350.0,0,0,LIMT
2021-10-20,350.0,350.0,350.0,350.0,0,0,LIMT
2021-10-20,330.0,330.0,330.0,330.0,0,1,LIMT
2021-10-21,330.0,330.0,330.0,330.0,0,1,LIMT
2021-10-21,350.0,350.0,350.0,350.0,0,0,LIMT
2021-10-22,330.0,330.0,330.0,330.0,0,1,LIMT
2021-10-22,350.0,350.0,350.0,350.0,0,0,LIMT
2021-10-25,330.0,330.0,330.0,330.0,0,1,LIMT
2021-10-25,350.0,350.0,350.0,350.0,0,0,LIMT
2021-10-26,330.0,330.0,330.0,330.0,0,1,LIMT
2021-10-26,350.0,350.0,350.0,350.0,0,0,LIMT
2021-10-27,330.0,330.0,330.0,330.0,0,1,LIMT
2021-10-27,350.0,350.0,350.0,350.0,0,0,LIMT
2021-10-28,330.0,330.0,330.0,330.0,0,1,LIMT
2021-10-28,350.0,350.0,350.0,350.0,0,0,LIMT
2021-10-29,330.0,330.0,330.0,330.0,0,1,LIMT
2021-10-29,350.0,350.0,350.0,350.0,0,0,LIMT
2021-11-01,330.0,300.0,300.0,300.0,100,1,LIMT
2021-11-01,350.0,350.0,350.0,350.0,0,0,LIMT
2021-11-02,300.0,300.0,300.0,300.0,0,1,LIMT
2021-11-02,350.0,350.0,350.0,350.0,0,0,LIMT
2021-11-03,300.0,300.0,300.0,300.0,0,1,LIMT
2021-11-03,350.0,350.0,350.0,350.0,0,0,LIMT
2021-11-04,300.0,300.0,300.0,300.0,0,1,LIMT
2021-11-04,350.0,350.0,350.0,350.0,0,0,LIMT
2021-11-05,300.0,300.0,300.0,300.0,0,1,LIMT
2021-11-05,350.0,350.0,350.0,350.0,0,0,LIMT
2021-11-08,300.0,300.0,300.0,300.0,0,1,LIMT
2021-11-08,350.0,350.0,350.0,350.0,0,0,LIMT
2021-11-09,350.0,350.0,350.0,350.0,0,0,LIMT
2021-11-09,300.0,300.0,300.0,300.0,100,1,LIMT
2021-11-10,300.0,300.0,300.0,300.0,0,1,LIMT
2021-11-10,350.0,350.0,350.0,350.0,0,0,LIMT
2021-11-11,300.0,300.0,300.0,300.0,0,1,LIMT
2021-11-11,350.0,350.0,350.0,350.0,0,0,LIMT
2021-11-12,300.0,300.0,300.0,300.0,0,1,LIMT
2021-11-12,350.0,350.0,350.0,350.0,0,0,LIMT
2021-11-15,300.0,300.0,300.0,300.0,0,1,LIMT
2021-11-15,350.0,350.0,350.0,350.0,0,0,LIMT
2021-11-16,300.0,300.0,300.0,300.0,0,1,LIMT
2021-11-16,350.0,350.0,350.0,350.0,0,0,LIMT
2021-11-17,350.0,350.0,350.0,350.0,0,0,LIMT
2021-11-17,300.0,300.0,300.0,300.0,0,1,LIMT
2021-11-18,300.0,300.0,285.0,297.0,500,0,LIMT
2021-11-19,297.0,297.0,297.0,297.0,0,0,LIMT
2021-11-22,297.0,300.0,300.0,300.0,100,1,LIMT
2021-11-22,297.0,297.0,297.0,297.0,0,0,LIMT
2021-11-23,297.0,297.0,297.0,297.0,0,0,LIMT
2021-11-23,300.0,300.0,300.0,300.0,0,1,LIMT
2021-11-24,300.0,300.0,300.0,300.0,0,1,LIMT
2021-11-24,297.0,297.0,297.0,297.0,0,0,LIMT
2021-11-25,300.0,300.0,300.0,300.0,0,1,LIMT
2021-11-25,297.0,297.0,297.0,297.0,0,0,LIMT
2021-11-26,300.0,300.0,300.0,300.0,0,1,LIMT
2021-11-26,297.0,297.0,297.0,297.0,0,0,LIMT
2021-11-29,300.0,300.0,300.0,300.0,0,1,LIMT
2021-11-29,297.0,297.0,297.0,297.0,0,0,LIMT
2021-11-30,300.0,300.0,300.0,300.0,0,1,LIMT
2021-11-30,297.0,297.0,297.0,297.0,0,0,LIMT
2021-12-01,297.0,297.0,297.0,297.0,0,0,LIMT
2021-12-01,300.0,300.0,300.0,300.0,0,1,LIMT
2021-12-02,300.0,300.0,300.0,300.0,0,1,LIMT
2021-12-02,297.0,297.0,297.0,297.0,0,0,LIMT
2021-12-03,300.0,300.0,300.0,300.0,0,1,LIMT
2021-12-03,297.0,297.0,297.0,297.0,0,0,LIMT
2021-12-06,300.0,300.0,300.0,300.0,0,1,LIMT
2021-12-06,297.0,297.0,297.0,297.0,0,0,LIMT
2021-12-07,300.0,300.0,300.0,300.0,0,1,LIMT
2021-12-07,297.0,297.0,297.0,297.0,0,0,LIMT
2021-12-08,300.0,300.0,300.0,300.0,0,1,LIMT
2021-12-08,297.0,297.0,297.0,297.0,0,0,LIMT
2021-12-09,300.0,300.0,300.0,300.0,0,1,LIMT
2021-12-09,297.0,297.0,297.0,297.0,0,0,LIMT
2021-12-10,297.0,297.0,297.0,297.0,0,0,LIMT
2021-12-10,300.0,300.0,300.0,300.0,0,1,LIMT
2021-12-13,297.0,297.0,297.0,297.0,0,0,LIMT
2021-12-13,300.0,300.0,300.0,300.0,0,1,LIMT
2021-12-14,297.0,297.0,297.0,297.0,0,0,LIMT
2021-12-14,300.0,300.0,300.0,300.0,0,1,LIMT
2021-12-15,300.0,300.0,300.0,300.0,0,1,LIMT
2021-12-15,297.0,297.0,297.0,297.0,0,0,LIMT
2021-12-16,300.0,300.0,300.0,300.0,0,1,LIMT
2021-12-16,297.0,297.0,297.0,297.0,0,0,LIMT
2021-12-17,300.0,300.0,300.0,300.0,0,1,LIMT
2021-12-17,297.0,297.0,297.0,297.0,0,0,LIMT
2021-12-20,300.0,305.0,300.0,305.0,100,0,LIMT
2021-12-21,305.0,335.0,335.0,335.0,100,1,LIMT
2021-12-21,305.0,305.0,305.0,305.0,0,0,LIMT
2021-12-22,335.0,335.0,335.0,335.0,0,0,LIMT
2021-12-23,335.0,335.0,335.0,335.0,0,0,LIMT
2021-12-23,335.0,335.0,335.0,335.0,0,1,LIMT
2021-12-24,335.0,335.0,335.0,335.0,0,0,LIMT
2021-12-24,335.0,320.0,320.0,320.0,200,1,LIMT
2021-12-27,335.0,335.0,335.0,335.0,0,0,LIMT
2021-12-27,335.0,320.0,320.0,320.0,200,1,LIMT
2021-12-28,335.0,335.0,335.0,335.0,0,0,LIMT
2021-12-28,320.0,320.0,320.0,320.0,0,1,LIMT
2021-12-29,335.0,335.0,335.0,335.0,0,0,LIMT
2021-12-29,320.0,320.0,320.0,320.0,0,1,LIMT
2021-12-30,335.0,335.0,335.0,335.0,0,0,LIMT
2021-12-30,320.0,320.0,320.0,320.0,0,1,LIMT
2021-12-31,335.0,335.0,335.0,335.0,0,0,LIMT
2021-12-31,320.0,320.0,320.0,320.0,0,1,LIMT
2022-01-03,320.0,320.0,320.0,320.0,0,1,LIMT
2022-01-03,335.0,335.0,335.0,335.0,0,0,LIMT
2022-01-04,320.0,320.0,320.0,320.0,0,1,LIMT
2022-01-04,335.0,335.0,335.0,335.0,0,0,LIMT
2022-01-05,320.0,320.0,320.0,320.0,0,1,LIMT
2022-01-05,335.0,335.0,335.0,335.0,0,0,LIMT
2022-01-06,320.0,320.0,320.0,320.0,0,1,LIMT
2022-01-06,335.0,335.0,335.0,335.0,0,0,LIMT
2022-01-07,335.0,335.0,335.0,335.0,0,0,LIMT
2022-01-07,320.0,320.0,320.0,320.0,0,1,LIMT
2022-01-10,320.0,320.0,320.0,320.0,0,1,LIMT
2022-01-10,335.0,335.0,335.0,335.0,0,0,LIMT
2022-01-11,320.0,320.0,320.0,320.0,0,1,LIMT
2022-01-11,335.0,335.0,335.0,335.0,0,0,LIMT
2022-01-12,320.0,320.0,320.0,320.0,0,1,LIMT
2022-01-12,335.0,335.0,335.0,335.0,0,0,LIMT
2022-01-13,335.0,335.0,335.0,335.0,0,0,LIMT
2022-01-13,320.0,320.0,320.0,320.0,0,1,LIMT
2022-01-14,335.0,335.0,335.0,335.0,0,0,LIMT
2022-01-14,320.0,320.0,320.0,320.0,0,1,LIMT
2022-01-17,335.0,335.0,335.0,335.0,0,0,LIMT
2022-01-17,320.0,320.0,320.0,320.0,0,1,LIMT
2022-01-18,335.0,335.0,335.0,335.0,0,0,LIMT
2022-01-18,320.0,320.0,320.0,320.0,0,1,LIMT
2022-01-19,335.0,335.0,335.0,335.0,0,0,LIMT
2022-01-19,320.0,320.0,320.0,320.0,0,1,LIMT
2022-01-20,335.0,335.0,335.0,335.0,0,0,LIMT
2022-01-20,320.0,320.0,320.0,320.0,0,1,LIMT
2022-01-21,335.0,335.0,335.0,335.0,0,0,LIMT
2022-01-21,320.0,320.0,320.0,320.0,100,1,LIMT
2022-01-24,320.0,320.0,320.0,320.0,0,1,LIMT
2022-01-24,335.0,335.0,335.0,335.0,0,0,LIMT
2022-01-25,335.0,335.0,335.0,335.0,0,0,LIMT
2022-01-25,320.0,320.0,320.0,320.0,0,1,LIMT
2022-01-26,320.0,320.0,320.0,320.0,0,1,LIMT
2022-01-26,335.0,335.0,335.0,335.0,0,0,LIMT
2022-01-27,320.0,320.0,320.0,320.0,0,1,LIMT
2022-01-27,335.0,335.0,335.0,335.0,0,0,LIMT
2022-01-28,320.0,320.0,320.0,320.0,0,1,LIMT
2022-01-28,335.0,335.0,335.0,335.0,0,0,LIMT
2022-01-31,320.0,320.0,320.0,320.0,0,1,LIMT
2022-01-31,335.0,335.0,335.0,335.0,0,0,LIMT
2022-02-01,320.0,320.0,320.0,320.0,0,1,LIMT
2022-02-01,335.0,335.0,335.0,335.0,0,0,LIMT
2022-02-02,320.0,320.0,320.0,320.0,0,1,LIMT
2022-02-02,335.0,335.0,335.0,335.0,0,0,LIMT
2022-02-03,320.0,320.0,320.0,320.0,800,1,LIMT
2022-02-03,335.0,335.0,335.0,335.0,0,0,LIMT
2022-02-04,320.0,320.0,320.0,320.0,0,1,LIMT
2022-02-04,335.0,335.0,335.0,335.0,0,0,LIMT
2022-02-07,320.0,320.0,320.0,320.0,0,1,LIMT
2022-02-07,335.0,335.0,335.0,335.0,0,0,LIMT
2022-02-08,320.0,320.0,320.0,320.0,0,1,LIMT
2022-02-08,335.0,335.0,335.0,335.0,0,0,LIMT
2022-02-09,320.0,320.0,320.0,320.0,0,1,LIMT
2022-02-09,335.0,335.0,335.0,335.0,0,0,LIMT
2022-02-10,320.0,320.0,320.0,320.0,0,1,LIMT
2022-02-10,335.0,335.0,335.0,335.0,0,0,LIMT
2022-02-11,320.0,320.0,320.0,320.0,300,1,LIMT
2022-02-11,335.0,335.0,335.0,335.0,0,0,LIMT
2022-02-14,320.0,320.0,320.0,320.0,200,1,LIMT
2022-02-14,335.0,335.0,335.0,335.0,0,0,LIMT
2022-02-15,335.0,335.0,335.0,335.0,0,0,LIMT
2022-02-15,320.0,320.0,320.0,320.0,0,1,LIMT
2022-02-16,335.0,335.0,335.0,335.0,0,0,LIMT
2022-02-16,320.0,320.0,320.0,320.0,0,1,LIMT
2022-02-17,335.0,335.0,335.0,335.0,0,0,LIMT
2022-02-17,320.0,320.0,320.0,320.0,0,1,LIMT
2022-02-18,320.0,320.0,320.0,320.0,0,1,LIMT
2022-02-18,335.0,335.0,335.0,335.0,0,0,LIMT
2022-02-21,320.0,320.0,320.0,320.0,0,1,LIMT
2022-02-21,335.0,335.0,335.0,335.0,0,0,LIMT
2022-02-22,320.0,320.0,320.0,320.0,0,1,LIMT
2022-02-22,335.0,335.0,335.0,335.0,0,0,LIMT
2022-02-23,335.0,335.0,335.0,335.0,0,0,LIMT
2022-02-23,320.0,320.0,320.0,320.0,100,1,LIMT
2022-02-24,335.0,335.0,335.0,335.0,0,0,LIMT
2022-02-24,320.0,320.0,320.0,320.0,0,1,LIMT
2022-02-25,335.0,335.0,335.0,335.0,0,0,LIMT
2022-02-25,320.0,320.0,320.0,320.0,0,1,LIMT
2022-02-28,335.0,335.0,335.0,335.0,0,0,LIMT
2022-02-28,320.0,320.0,320.0,320.0,0,1,LIMT
2022-03-01,320.0,320.0,320.0,320.0,0,1,LIMT
2022-03-01,335.0,335.0,335.0,335.0,0,0,LIMT
2022-03-02,335.0,335.0,335.0,335.0,0,0,LIMT
2022-03-02,320.0,320.0,320.0,320.0,0,1,LIMT
2022-03-03,335.0,335.0,335.0,335.0,0,0,LIMT
2022-03-03,320.0,320.0,320.0,320.0,0,1,LIMT
2022-03-04,335.0,335.0,335.0,335.0,0,0,LIMT
2022-03-04,320.0,320.0,320.0,320.0,0,1,LIMT
2022-03-07,335.0,335.0,335.0,335.0,0,0,LIMT
2022-03-07,320.0,320.0,320.0,320.0,0,1,LIMT
2022-03-08,320.0,320.0,320.0,320.0,0,1,LIMT
2022-03-08,335.0,335.0,335.0,335.0,0,0,LIMT
2022-03-09,320.0,320.0,320.0,320.0,0,1,LIMT
2022-03-09,335.0,335.0,335.0,335.0,0,0,LIMT
2022-03-10,320.0,320.0,320.0,320.0,0,1,LIMT
2022-03-10,335.0,335.0,335.0,335.0,0,0,LIMT
2022-03-11,335.0,335.0,335.0,335.0,0,0,LIMT
2022-03-11,320.0,320.0,320.0,320.0,0,1,LIMT
2022-03-14,320.0,320.0,320.0,320.0,0,1,LIMT
2022-03-14,335.0,335.0,335.0,335.0,0,0,LIMT
2022-03-15,335.0,335.0,335.0,335.0,0,0,LIMT
2022-03-15,320.0,320.0,320.0,320.0,0,1,LIMT
2022-03-16,320.0,320.0,320.0,320.0,0,1,LIMT
2022-03-16,335.0,335.0,335.0,335.0,0,0,LIMT
2022-03-17,335.0,335.0,335.0,335.0,0,0,LIMT
2022-03-17,320.0,320.0,320.0,320.0,0,1,LIMT
2022-03-18,320.0,320.0,320.0,320.0,0,1,LIMT
2022-03-18,335.0,335.0,335.0,335.0,0,0,LIMT
2022-03-21,320.0,320.0,320.0,320.0,0,1,LIMT
2022-03-21,335.0,335.0,335.0,335.0,0,0,LIMT
2022-03-22,320.0,320.0,320.0,320.0,0,1,LIMT
2022-03-22,335.0,335.0,335.0,335.0,0,0,LIMT
2022-03-23,320.0,320.0,320.0,320.0,0,1,LIMT
2022-03-23,335.0,335.0,335.0,335.0,0,0,LIMT
2022-03-24,335.0,335.0,335.0,335.0,0,0,LIMT
2022-03-24,320.0,320.0,320.0,320.0,0,1,LIMT
2022-03-25,335.0,335.0,335.0,335.0,0,0,LIMT
2022-03-25,320.0,320.0,320.0,320.0,200,1,LIMT
2022-03-28,320.0,320.0,320.0,320.0,0,1,LIMT
2022-03-28,335.0,335.0,335.0,335.0,0,0,LIMT
2022-03-29,335.0,335.0,335.0,335.0,0,0,LIMT
2022-03-29,320.0,320.0,320.0,320.0,0,1,LIMT
2022-03-30,320.0,320.0,320.0,320.0,0,1,LIMT
2022-03-30,335.0,335.0,335.0,335.0,0,0,LIMT
2022-03-31,320.0,320.0,320.0,320.0,0,1,LIMT
2022-03-31,335.0,335.0,335.0,335.0,0,0,LIMT
2022-04-01,320.0,320.0,320.0,320.0,0,1,LIMT
2022-04-01,335.0,335.0,335.0,335.0,0,0,LIMT
2022-04-04,320.0,320.0,320.0,320.0,0,1,LIMT
2022-04-04,335.0,335.0,335.0,335.0,0,0,LIMT
2022-04-05,335.0,335.0,335.0,335.0,0,0,LIMT
2022-04-05,320.0,320.0,320.0,320.0,0,1,LIMT
2022-04-06,335.0,335.0,335.0,335.0,0,0,LIMT
2022-04-06,320.0,320.0,320.0,320.0,900,1,LIMT
2022-04-07,320.0,320.0,320.0,320.0,0,1,LIMT
2022-04-07,335.0,335.0,335.0,335.0,0,0,LIMT
2022-04-08,335.0,335.0,335.0,335.0,0,0,LIMT
2022-04-08,320.0,320.0,320.0,320.0,0,1,LIMT
2022-04-11,320.0,320.0,320.0,320.0,0,1,LIMT
2022-04-11,335.0,335.0,335.0,335.0,0,0,LIMT
2022-04-12,335.0,335.0,335.0,335.0,0,0,LIMT
2022-04-12,320.0,320.0,320.0,320.0,0,1,LIMT
2022-04-13,320.0,320.0,320.0,320.0,0,1,LIMT
2022-04-13,335.0,335.0,335.0,335.0,0,0,LIMT
2022-04-14,335.0,335.0,335.0,335.0,0,0,LIMT
2022-04-14,320.0,320.0,320.0,320.0,0,1,LIMT
2022-04-15,320.0,320.0,320.0,320.0,0,1,LIMT
2022-04-15,335.0,335.0,335.0,335.0,0,0,LIMT
2022-04-18,335.0,335.0,335.0,335.0,0,0,LIMT
2022-04-18,320.0,320.0,320.0,320.0,0,1,LIMT
2022-04-19,320.0,320.0,320.0,320.0,0,1,LIMT
2022-04-19,335.0,335.0,335.0,335.0,0,0,LIMT
2022-04-20,335.0,335.0,335.0,335.0,0,0,LIMT
2022-04-20,320.0,320.0,320.0,320.0,0,1,LIMT
2022-04-21,335.0,335.0,335.0,335.0,0,0,LIMT
2022-04-21,320.0,320.0,320.0,320.0,0,1,LIMT
2022-04-22,335.0,335.0,335.0,335.0,0,0,LIMT
2022-04-22,320.0,320.0,320.0,320.0,0,1,LIMT
2022-04-25,335.0,335.0,335.0,335.0,0,0,LIMT
2022-04-25,320.0,320.0,320.0,320.0,0,1,LIMT
2022-04-26,335.0,335.0,335.0,335.0,0,0,LIMT
2022-04-26,320.0,320.0,320.0,320.0,0,1,LIMT
2022-04-27,320.0,320.0,320.0,320.0,0,1,LIMT
2022-04-27,335.0,335.0,335.0,335.0,0,0,LIMT
2022-04-28,320.0,320.0,320.0,320.0,0,1,LIMT
2022-04-28,335.0,335.0,335.0,335.0,0,0,LIMT
2022-04-29,320.0,320.0,320.0,320.0,0,1,LIMT
2022-04-29,335.0,335.0,335.0,335.0,0,0,LIMT
2022-05-02,335.0,335.0,335.0,335.0,0,0,LIMT
2022-05-02,320.0,320.0,320.0,320.0,0,1,LIMT
2022-05-03,335.0,335.0,335.0,335.0,0,0,LIMT
2022-05-03,320.0,320.0,320.0,320.0,0,1,LIMT
2022-05-04,335.0,335.0,335.0,335.0,0,0,LIMT
2022-05-04,320.0,320.0,320.0,320.0,0,1,LIMT
2022-05-05,335.0,335.0,335.0,335.0,0,0,LIMT
2022-05-05,320.0,320.0,320.0,320.0,0,1,LIMT
2022-05-06,335.0,335.0,335.0,335.0,0,0,LIMT
2022-05-06,320.0,320.0,320.0,320.0,0,1,LIMT
2022-05-09,320.0,320.0,320.0,320.0,0,1,LIMT
2022-05-09,335.0,335.0,335.0,335.0,0,0,LIMT
2022-05-10,335.0,335.0,335.0,335.0,0,0,LIMT
2022-05-10,320.0,320.0,320.0,320.0,0,1,LIMT
2022-05-11,335.0,335.0,335.0,335.0,0,0,LIMT
2022-05-11,320.0,320.0,320.0,320.0,0,1,LIMT
2022-05-12,335.0,335.0,335.0,335.0,0,0,LIMT
2022-05-12,320.0,320.0,320.0,320.0,0,1,LIMT
2022-05-13,335.0,335.0,335.0,335.0,0,0,LIMT
2022-05-13,320.0,320.0,320.0,320.0,0,1,LIMT
2022-05-16,320.0,320.0,320.0,320.0,0,1,LIMT
2022-05-16,335.0,335.0,335.0,335.0,0,0,LIMT
2022-05-17,320.0,320.0,320.0,320.0,0,1,LIMT
2022-05-17,335.0,335.0,335.0,335.0,0,0,LIMT
2022-05-18,320.0,320.0,320.0,320.0,800,1,LIMT
2022-05-18,335.0,335.0,335.0,335.0,0,0,LIMT
2022-05-19,335.0,335.0,335.0,335.0,0,0,LIMT
2022-05-19,320.0,320.0,320.0,320.0,0,1,LIMT
2022-05-20,320.0,352.0,352.0,352.0,100,1,LIMT
2022-05-20,335.0,335.0,335.0,335.0,0,0,LIMT
2022-05-23,352.0,352.0,352.0,352.0,0,1,LIMT
2022-05-23,335.0,335.0,335.0,335.0,0,0,LIMT
2022-05-24,335.0,335.0,335.0,335.0,0,0,LIMT
2022-05-24,352.0,352.0,352.0,352.0,0,1,LIMT
2022-05-25,352.0,352.0,352.0,352.0,0,1,LIMT
2022-05-25,335.0,335.0,335.0,335.0,0,0,LIMT
2022-05-26,335.0,335.0,335.0,335.0,0,0,LIMT
2022-05-26,352.0,352.0,352.0,352.0,0,1,LIMT
2022-05-27,335.0,335.0,335.0,335.0,0,0,LIMT
2022-05-27,352.0,352.0,352.0,352.0,0,1,LIMT
2022-05-30,335.0,335.0,335.0,335.0,0,0,LIMT
2022-05-30,352.0,355.0,355.0,355.0,300,1,LIMT
2022-05-31,335.0,335.0,335.0,335.0,0,0,LIMT
2022-05-31,355.0,355.0,355.0,355.0,0,1,LIMT
2022-06-01,335.0,335.0,335.0,335.0,0,0,LIMT
2022-06-01,355.0,355.0,355.0,355.0,0,1,LIMT
2022-06-02,335.0,335.0,335.0,335.0,0,0,LIMT
2022-06-02,355.0,355.0,355.0,355.0,0,1,LIMT
2022-06-03,355.0,355.0,355.0,355.0,0,1,LIMT
2022-06-03,335.0,335.0,335.0,335.0,0,0,LIMT
2022-06-06,355.0,355.0,355.0,355.0,1500,1,LIMT
2022-06-06,335.0,335.0,335.0,335.0,0,0,LIMT
2022-06-07,335.0,335.0,335.0,335.0,0,0,LIMT
2022-06-07,355.0,355.0,355.0,355.0,0,1,LIMT
2022-06-08,355.0,355.0,355.0,355.0,0,1,LIMT
2022-06-08,335.0,335.0,335.0,335.0,0,0,LIMT
2022-06-09,335.0,335.0,335.0,335.0,0,0,LIMT
2022-06-09,355.0,355.0,355.0,355.0,0,1,LIMT
2022-06-10,355.0,355.0,355.0,355.0,0,1,LIMT
2022-06-10,335.0,335.0,335.0,335.0,0,0,LIMT
2022-06-13,335.0,335.0,335.0,335.0,0,0,LIMT
2022-06-13,355.0,355.0,355.0,355.0,0,1,LIMT
2022-06-14,355.0,355.0,355.0,355.0,0,1,LIMT
2022-06-14,335.0,335.0,335.0,335.0,0,0,LIMT
2022-06-15,335.0,335.0,335.0,335.0,0,0,LIMT
2022-06-15,355.0,355.0,355.0,355.0,0,1,LIMT
2022-06-16,335.0,335.0,335.0,335.0,0,0,LIMT
2022-06-16,355.0,355.0,355.0,355.0,0,1,LIMT
2022-06-17,355.0,355.0,355.0,355.0,0,1,LIMT
2022-06-17,335.0,335.0,335.0,335.0,0,0,LIMT
2022-06-20,335.0,335.0,335.0,335.0,0,0,LIMT
2022-06-20,355.0,355.0,355.0,355.0,0,1,LIMT
2022-06-21,335.0,335.0,335.0,335.0,0,0,LIMT
2022-06-21,355.0,355.0,355.0,355.0,0,1,LIMT
2022-06-22,335.0,335.0,335.0,335.0,0,0,LIMT
2022-06-22,355.0,320.0,320.0,320.0,0,1,LIMT
2022-06-23,335.0,335.0,335.0,335.0,0,0,LIMT
2022-06-23,320.0,320.0,320.0,320.0,0,1,LIMT
2022-06-24,320.0,320.0,320.0,320.0,0,1,LIMT
2022-06-24,335.0,335.0,335.0,335.0,0,0,LIMT
2022-06-27,320.0,320.0,320.0,320.0,1500,1,LIMT
2022-06-27,335.0,335.0,335.0,335.0,0,0,LIMT
2022-06-28,335.0,335.0,335.0,335.0,0,0,LIMT
2022-06-28,320.0,320.0,320.0,320.0,1500,1,LIMT
2022-06-29,335.0,335.0,335.0,335.0,0,0,LIMT
2022-06-29,320.0,320.0,320.0,320.0,1500,1,LIMT
2022-06-30,320.0,320.0,320.0,320.0,0,1,LIMT
2022-06-30,335.0,335.0,335.0,335.0,0,0,LIMT
2022-07-01,320.0,320.0,320.0,320.0,0,1,LIMT
2022-07-01,335.0,335.0,335.0,335.0,0,0,LIMT
2022-07-04,335.0,335.0,335.0,335.0,0,0,LIMT
2022-07-04,320.0,320.0,320.0,320.0,0,1,LIMT
2022-07-05,320.0,320.0,320.0,320.0,0,1,LIMT
2022-07-05,335.0,335.0,335.0,335.0,0,0,LIMT
2022-07-06,320.0,320.0,320.0,320.0,0,1,LIMT
2022-07-06,335.0,335.0,335.0,335.0,0,0,LIMT
2022-07-07,335.0,335.0,335.0,335.0,0,0,LIMT
2022-07-07,320.0,320.0,320.0,320.0,0,1,LIMT
2022-07-08,335.0,335.0,335.0,335.0,0,0,LIMT
2022-07-08,320.0,320.0,320.0,320.0,0,1,LIMT
2022-07-11,335.0,335.0,335.0,335.0,0,0,LIMT
2022-07-11,320.0,320.0,320.0,320.0,0,1,LIMT
2022-07-12,320.0,352.0,320.0,352.0,100,0,LIMT
2022-07-13,352.0,385.0,352.0,385.0,200,0,LIMT
2022-07-14,385.0,385.0,385.0,385.0,0,0,LIMT
2022-07-14,385.0,420.0,420.0,420.0,100,1,LIMT
2022-07-15,420.0,420.0,420.0,420.0,0,1,LIMT
2022-07-15,385.0,385.0,385.0,385.0,0,0,LIMT
2022-07-18,385.0,385.0,385.0,385.0,0,0,LIMT
2022-07-18,420.0,420.0,420.0,420.0,100,1,LIMT
2022-07-19,385.0,385.0,385.0,385.0,0,0,LIMT
2022-07-19,420.0,420.0,420.0,420.0,0,1,LIMT
2022-07-20,385.0,385.0,385.0,385.0,0,0,LIMT
2022-07-20,420.0,420.0,420.0,420.0,0,1,LIMT
2022-07-21,385.0,385.0,385.0,385.0,0,0,LIMT
2022-07-21,420.0,420.0,420.0,420.0,0,1,LIMT
2022-07-22,385.0,385.0,385.0,385.0,0,0,LIMT
2022-07-22,420.0,420.0,420.0,420.0,0,1,LIMT
2022-07-25,420.0,420.0,420.0,420.0,100,1,LIMT
2022-07-25,385.0,385.0,385.0,385.0,0,0,LIMT
2022-07-26,420.0,461.75,420.0,461.75,300,0,LIMT
2022-07-27,461.75,461.75,461.75,461.75,0,0,LIMT
2022-07-27,461.75,462.0,462.0,462.0,200,1,LIMT
2022-07-28,462.0,462.0,462.0,462.0,200,1,LIMT
2022-07-28,461.75,461.75,461.75,461.75,0,0,LIMT
2022-07-29,462.0,462.0,462.0,462.0,0,1,LIMT
2022-07-29,461.75,461.75,461.75,461.75,0,0,LIMT
2022-08-01,461.75,461.75,461.75,461.75,0,0,LIMT
2022-08-01,462.0,462.0,462.0,462.0,0,1,LIMT
2022-08-02,461.75,461.75,461.75,461.75,0,0,LIMT
2022-08-02,462.0,462.0,462.0,462.0,0,1,LIMT
2022-08-03,461.75,461.75,461.75,461.75,0,0,LIMT
2022-08-03,462.0,462.0,462.0,462.0,0,1,LIMT
2022-08-04,461.75,461.75,461.75,461.75,0,0,LIMT
2022-08-04,462.0,462.0,462.0,462.0,0,1,LIMT
2022-08-05,461.75,461.75,461.75,461.75,0,0,LIMT
2022-08-05,462.0,462.0,462.0,462.0,0,1,LIMT
2022-08-08,461.75,461.75,461.75,461.75,0,0,LIMT
2022-08-08,462.0,507.0,507.0,507.0,100,1,LIMT
2022-08-09,461.75,461.75,461.75,461.75,0,0,LIMT
2022-08-09,462.0,507.0,507.0,507.0,100,1,LIMT
2022-08-10,461.75,461.75,461.75,461.75,0,0,LIMT
2022-08-10,507.0,507.0,507.0,507.0,0,1,LIMT
2022-08-11,461.75,461.75,461.75,461.75,0,0,LIMT
2022-08-11,507.0,507.0,507.0,507.0,0,1,LIMT
2022-08-12,461.75,461.75,461.75,461.75,0,0,LIMT
2022-08-12,507.0,507.0,507.0,507.0,0,1,LIMT
2022-08-15,461.75,461.75,461.75,461.75,0,0,LIMT
2022-08-15,507.0,507.0,507.0,507.0,0,1,LIMT
2022-08-16,461.75,461.75,461.75,461.75,0,0,LIMT
2022-08-16,507.0,500.0,500.0,500.0,100,1,LIMT
2022-08-17,461.75,461.75,461.75,461.75,0,0,LIMT
2022-08-17,500.0,500.0,500.0,500.0,0,1,LIMT
2022-08-18,500.0,500.0,500.0,500.0,0,1,LIMT
2022-08-18,461.75,461.75,461.75,461.75,0,0,LIMT
2022-08-19,461.75,461.75,461.75,461.75,0,0,LIMT
2022-08-19,500.0,500.0,500.0,500.0,0,1,LIMT
2022-08-22,500.0,500.0,500.0,500.0,0,1,LIMT
2022-08-22,461.75,461.75,461.75,461.75,0,0,LIMT
2022-08-23,461.75,461.75,461.75,461.75,0,0,LIMT
2022-08-23,500.0,500.0,500.0,500.0,0,1,LIMT
2022-08-24,500.0,510.0,510.0,510.0,100,1,LIMT
2022-08-24,461.75,461.75,461.75,461.75,0,0,LIMT
2022-08-25,510.0,510.0,510.0,510.0,0,1,LIMT
2022-08-25,461.75,461.75,461.75,461.75,0,0,LIMT
2022-08-26,510.0,510.0,510.0,510.0,0,1,LIMT
2022-08-26,461.75,461.75,461.75,461.75,0,0,LIMT
2022-08-29,510.0,510.0,510.0,510.0,0,1,LIMT
2022-08-29,461.75,461.75,461.75,461.75,0,0,LIMT
2022-08-30,510.0,510.0,510.0,510.0,0,1,LIMT
2022-08-30,461.75,461.75,461.75,461.75,0,0,LIMT
2022-08-31,510.0,510.0,510.0,510.0,0,1,LIMT
2022-08-31,461.75,461.75,461.75,461.75,0,0,LIMT
2022-09-01,461.75,461.75,461.75,461.75,0,0,LIMT
2022-09-01,510.0,510.0,510.0,510.0,0,1,LIMT
2022-09-02,510.0,510.0,510.0,510.0,0,1,LIMT
2022-09-02,461.75,461.75,461.75,461.75,0,0,LIMT
2022-09-05,510.0,510.0,510.0,510.0,0,1,LIMT
2022-09-05,461.75,461.75,461.75,461.75,0,0,LIMT
2022-09-06,510.0,510.0,510.0,510.0,0,1,LIMT
2022-09-06,461.75,461.75,461.75,461.75,0,0,LIMT
2022-09-07,510.0,510.0,510.0,510.0,0,1,LIMT
2022-09-07,461.75,461.75,461.75,461.75,0,0,LIMT
2022-09-08,461.75,461.75,461.75,461.75,0,0,LIMT
2022-09-08,510.0,510.0,510.0,510.0,0,1,LIMT
2022-09-09,510.0,510.0,510.0,510.0,0,1,LIMT
2022-09-09,461.75,461.75,461.75,461.75,0,0,LIMT
2022-09-12,510.0,510.0,510.0,510.0,0,1,LIMT
2022-09-12,461.75,461.75,461.75,461.75,0,0,LIMT
2022-09-13,461.75,461.75,461.75,461.75,0,0,LIMT
2022-09-13,510.0,510.0,510.0,510.0,0,1,LIMT
2022-09-14,510.0,510.0,510.0,510.0,0,1,LIMT
2022-09-14,461.75,461.75,461.75,461.75,0,0,LIMT
2022-09-15,510.0,510.0,490.0,490.0,2000,0,LIMT
2022-09-16,490.0,490.0,490.0,490.0,0,0,LIMT
2022-09-16,490.0,441.0,441.0,441.0,300,1,LIMT
2022-09-19,441.0,441.0,441.0,441.0,0,1,LIMT
2022-09-19,490.0,490.0,490.0,490.0,0,0,LIMT
2022-09-20,490.0,490.0,490.0,490.0,0,0,LIMT
2022-09-20,441.0,441.0,441.0,441.0,0,1,LIMT
2022-09-21,490.0,490.0,490.0,490.0,0,0,LIMT
2022-09-21,441.0,441.0,441.0,441.0,0,1,LIMT
2022-09-22,490.0,490.0,490.0,490.0,0,0,LIMT
2022-09-22,441.0,441.0,441.0,441.0,0,1,LIMT
2022-09-23,441.0,441.0,441.0,441.0,0,1,LIMT
2022-09-23,490.0,490.0,490.0,490.0,0,0,LIMT
2022-09-26,441.0,441.0,441.0,441.0,0,1,LIMT
2022-09-26,490.0,490.0,490.0,490.0,0,0,LIMT
2022-09-27,441.0,441.0,441.0,441.0,0,1,LIMT
2022-09-27,490.0,490.0,490.0,490.0,0,0,LIMT
2022-09-28,441.0,420.0,420.0,420.0,100,1,LIMT
2022-09-28,490.0,490.0,490.0,490.0,0,0,LIMT
2022-09-29,490.0,490.0,490.0,490.0,0,0,LIMT
2022-09-29,420.0,420.0,420.0,420.0,0,1,LIMT
2022-09-30,490.0,490.0,490.0,490.0,0,0,LIMT
2022-09-30,420.0,420.0,420.0,420.0,0,1,LIMT
2022-10-03,490.0,490.0,490.0,490.0,0,0,LIMT
2022-10-03,420.0,420.0,420.0,420.0,0,1,LIMT
2022-10-04,490.0,490.0,490.0,490.0,0,0,LIMT
2022-10-04,420.0,420.0,420.0,420.0,0,1,LIMT
2022-10-05,490.0,490.0,490.0,490.0,0,0,LIMT
2022-10-05,420.0,420.0,420.0,420.0,0,1,LIMT
2022-10-06,490.0,490.0,490.0,490.0,0,0,LIMT
2022-10-06,420.0,420.0,420.0,420.0,0,1,LIMT
2022-10-07,490.0,490.0,490.0,490.0,0,0,LIMT
2022-10-07,420.0,420.0,420.0,420.0,0,1,LIMT
2022-10-10,420.0,420.0,420.0,420.0,0,1,LIMT
2022-10-10,490.0,490.0,490.0,490.0,0,0,LIMT
2022-10-11,490.0,490.0,490.0,490.0,0,0,LIMT
2022-10-11,420.0,420.0,420.0,420.0,0,1,LIMT
2022-10-12,490.0,490.0,490.0,490.0,0,0,LIMT
2022-10-12,420.0,420.0,420.0,420.0,0,1,LIMT
2022-10-13,420.0,420.0,420.0,420.0,0,1,LIMT
2022-10-13,490.0,490.0,490.0,490.0,0,0,LIMT
2022-10-14,420.0,420.0,420.0,420.0,0,1,LIMT
2022-10-14,490.0,490.0,490.0,490.0,0,0,LIMT
2022-10-17,420.0,420.0,420.0,420.0,0,1,LIMT
2022-10-17,490.0,490.0,490.0,490.0,0,0,LIMT
2022-10-18,420.0,420.0,420.0,420.0,0,1,LIMT
2022-10-18,490.0,490.0,490.0,490.0,0,0,LIMT
2022-10-19,420.0,420.0,420.0,420.0,44000,1,LIMT
2022-10-19,490.0,490.0,490.0,490.0,0,0,LIMT
2022-10-20,490.0,490.0,490.0,490.0,0,0,LIMT
2022-10-20,420.0,420.0,420.0,420.0,44000,1,LIMT
2022-10-21,420.0,420.0,420.0,420.0,0,1,LIMT
2022-10-21,490.0,490.0,490.0,490.0,0,0,LIMT
2022-10-24,490.0,490.0,490.0,490.0,0,0,LIMT
2022-10-24,420.0,420.0,420.0,420.0,0,1,LIMT
2022-10-25,490.0,490.0,490.0,490.0,0,0,LIMT
2022-10-25,420.0,420.0,420.0,420.0,0,1,LIMT
2022-10-26,490.0,490.0,490.0,490.0,0,0,LIMT
2022-10-26,420.0,420.0,420.0,420.0,0,1,LIMT
2022-10-27,490.0,490.0,490.0,490.0,0,0,LIMT
2022-10-27,420.0,420.0,420.0,420.0,0,1,LIMT
2022-10-28,490.0,490.0,490.0,490.0,0,0,LIMT
2022-10-28,420.0,420.0,420.0,420.0,0,1,LIMT
2022-10-31,420.0,420.0,420.0,420.0,0,1,LIMT
2022-10-31,490.0,490.0,490.0,490.0,0,0,LIMT
2022-11-01,420.0,420.0,420.0,420.0,0,1,LIMT
2022-11-01,490.0,490.0,490.0,490.0,0,0,LIMT
2022-11-02,420.0,420.0,420.0,420.0,0,1,LIMT
2022-11-02,490.0,490.0,490.0,490.0,0,0,LIMT
2022-11-03,420.0,420.0,420.0,420.0,0,1,LIMT
2022-11-03,490.0,490.0,490.0,490.0,0,0,LIMT
2022-11-04,490.0,490.0,490.0,490.0,0,0,LIMT
2022-11-04,420.0,420.0,420.0,420.0,0,1,LIMT
2022-11-07,490.0,490.0,490.0,490.0,0,0,LIMT
2022-11-07,420.0,420.0,420.0,420.0,0,1,LIMT
2022-11-08,490.0,490.0,490.0,490.0,0,0,LIMT
2022-11-08,420.0,420.0,420.0,420.0,0,1,LIMT
2022-11-09,490.0,490.0,490.0,490.0,0,0,LIMT
2022-11-09,420.0,420.0,420.0,420.0,0,1,LIMT
2022-11-10,490.0,490.0,490.0,490.0,0,0,LIMT
2022-11-10,420.0,420.0,420.0,420.0,0,1,LIMT
2022-11-11,420.0,420.0,420.0,420.0,0,1,LIMT
2022-11-11,490.0,490.0,490.0,490.0,0,0,LIMT
2022-11-14,420.0,420.0,420.0,420.0,0,1,LIMT
2022-11-14,490.0,490.0,490.0,490.0,0,0,LIMT
2022-11-15,420.0,420.0,420.0,420.0,0,1,LIMT
2022-11-15,490.0,490.0,490.0,490.0,0,0,LIMT
2022-11-16,420.0,420.0,420.0,420.0,0,1,LIMT
2022-11-16,490.0,490.0,490.0,490.0,0,0,LIMT
2022-11-17,490.0,490.0,490.0,490.0,0,0,LIMT
2022-11-17,420.0,420.0,420.0,420.0,0,1,LIMT
2022-11-18,420.0,420.0,420.0,420.0,0,1,LIMT
2022-11-18,490.0,490.0,490.0,490.0,0,0,LIMT
2022-11-21,420.0,420.0,420.0,420.0,0,1,LIMT
2022-11-21,490.0,490.0,490.0,490.0,0,0,LIMT
2022-11-22,420.0,420.0,420.0,420.0,0,1,LIMT
2022-11-22,490.0,490.0,490.0,490.0,0,0,LIMT
2022-11-23,420.0,420.0,420.0,420.0,0,1,LIMT
2022-11-23,490.0,490.0,490.0,490.0,0,0,LIMT
2022-11-24,420.0,420.0,420.0,420.0,100,1,LIMT
2022-11-24,490.0,490.0,490.0,490.0,0,0,LIMT
2022-11-25,420.0,420.0,420.0,420.0,0,1,LIMT
2022-11-25,490.0,490.0,490.0,490.0,0,0,LIMT
2022-11-28,420.0,420.0,420.0,420.0,0,1,LIMT
2022-11-28,490.0,490.0,490.0,490.0,0,0,LIMT
2022-11-29,420.0,420.0,420.0,420.0,0,1,LIMT
2022-11-29,490.0,490.0,490.0,490.0,0,0,LIMT
2022-11-30,420.0,420.0,420.0,420.0,0,1,LIMT
2022-11-30,490.0,490.0,490.0,490.0,0,0,LIMT
2022-12-01,420.0,420.0,420.0,420.0,0,1,LIMT
2022-12-01,490.0,490.0,490.0,490.0,0,0,LIMT
2022-12-02,420.0,420.0,420.0,420.0,0,1,LIMT
2022-12-02,490.0,490.0,490.0,490.0,0,0,LIMT
2022-12-05,420.0,420.0,420.0,420.0,0,1,LIMT
2022-12-05,490.0,490.0,490.0,490.0,0,0,LIMT
2022-12-06,490.0,490.0,490.0,490.0,0,0,LIMT
2022-12-06,420.0,420.0,420.0,420.0,0,1,LIMT
2022-12-07,490.0,490.0,490.0,490.0,0,0,LIMT
2022-12-07,420.0,420.0,420.0,420.0,0,1,LIMT
2022-12-08,420.0,420.0,420.0,420.0,0,1,LIMT
2022-12-08,490.0,490.0,490.0,490.0,0,0,LIMT
2022-12-09,420.0,420.0,420.0,420.0,0,1,LIMT
2022-12-09,490.0,490.0,490.0,490.0,0,0,LIMT
2022-12-12,490.0,490.0,490.0,490.0,0,0,LIMT
2022-12-12,420.0,420.0,420.0,420.0,0,1,LIMT
2022-12-13,420.0,420.0,420.0,420.0,0,1,LIMT
2022-12-13,490.0,490.0,490.0,490.0,0,0,LIMT
2022-12-14,420.0,420.0,420.0,420.0,0,1,LIMT
2022-12-14,490.0,490.0,490.0,490.0,0,0,LIMT
2022-12-15,490.0,490.0,490.0,490.0,0,0,LIMT
2022-12-15,420.0,420.0,420.0,420.0,0,1,LIMT
2022-12-16,490.0,490.0,490.0,490.0,0,0,LIMT
2022-12-16,420.0,420.0,420.0,420.0,0,1,LIMT
2022-12-19,490.0,490.0,490.0,490.0,0,0,LIMT
2022-12-19,420.0,420.0,420.0,420.0,0,1,LIMT
2022-12-20,490.0,490.0,490.0,490.0,0,0,LIMT
2022-12-20,420.0,420.0,420.0,420.0,0,1,LIMT
2022-12-21,490.0,490.0,490.0,490.0,0,0,LIMT
2022-12-21,420.0,420.0,420.0,420.0,0,1,LIMT
2022-12-22,490.0,490.0,490.0,490.0,0,0,LIMT
2022-12-22,420.0,420.0,420.0,420.0,0,1,LIMT
2022-12-23,420.0,420.0,420.0,420.0,0,1,LIMT
2022-12-23,490.0,490.0,490.0,490.0,0,0,LIMT
2022-12-26,420.0,420.0,420.0,420.0,0,1,LIMT
2022-12-26,490.0,490.0,490.0,490.0,0,0,LIMT
2022-12-27,420.0,420.0,420.0,420.0,0,1,LIMT
2022-12-27,490.0,490.0,490.0,490.0,0,0,LIMT
2022-12-28,490.0,490.0,490.0,490.0,0,0,LIMT
2022-12-28,420.0,420.0,420.0,420.0,0,1,LIMT
2022-12-29,490.0,490.0,490.0,490.0,0,0,LIMT
2022-12-29,420.0,420.0,420.0,420.0,0,1,LIMT
2022-12-30,490.0,490.0,490.0,490.0,0,0,LIMT
2022-12-30,420.0,420.0,420.0,420.0,0,1,LIMT
2023-01-02,420.0,420.0,420.0,420.0,0,1,LIMT
2023-01-02,490.0,490.0,490.0,490.0,0,0,LIMT
2023-01-03,420.0,420.0,420.0,420.0,0,1,LIMT
2023-01-03,490.0,490.0,490.0,490.0,0,0,LIMT
2023-01-04,490.0,490.0,490.0,490.0,0,0,LIMT
2023-01-04,420.0,420.0,420.0,420.0,0,1,LIMT
2023-01-05,490.0,490.0,490.0,490.0,0,0,LIMT
2023-01-05,420.0,420.0,420.0,420.0,0,1,LIMT
2023-01-06,420.0,420.0,420.0,420.0,0,1,LIMT
2023-01-06,490.0,490.0,490.0,490.0,0,0,LIMT
2023-01-09,420.0,420.0,420.0,420.0,0,1,LIMT
2023-01-09,490.0,490.0,490.0,490.0,0,0,LIMT
2023-01-10,490.0,490.0,490.0,490.0,0,0,LIMT
2023-01-10,420.0,420.0,420.0,420.0,0,1,LIMT
2023-01-11,420.0,420.0,420.0,420.0,0,1,LIMT
2023-01-11,490.0,490.0,490.0,490.0,0,0,LIMT
2023-01-12,420.0,420.0,420.0,420.0,300,1,LIMT
2023-01-12,490.0,490.0,490.0,490.0,0,0,LIMT
2023-01-13,420.0,420.0,420.0,420.0,0,1,LIMT
2023-01-13,490.0,490.0,490.0,490.0,0,0,LIMT
2023-01-16,490.0,490.0,490.0,490.0,0,0,LIMT
2023-01-16,420.0,420.0,420.0,420.0,0,1,LIMT
2023-01-17,420.0,420.0,420.0,420.0,0,1,LIMT
2023-01-17,490.0,490.0,490.0,490.0,0,0,LIMT
2023-01-18,490.0,490.0,490.0,490.0,0,0,LIMT
2023-01-18,420.0,420.0,420.0,420.0,1000,1,LIMT
2023-01-19,490.0,490.0,490.0,490.0,0,0,LIMT
2023-01-19,420.0,420.0,420.0,420.0,5000,1,LIMT
2023-01-20,490.0,490.0,490.0,490.0,0,0,LIMT
2023-01-20,420.0,420.0,420.0,420.0,3000,1,LIMT
2023-01-23,490.0,490.0,490.0,490.0,0,0,LIMT
2023-01-23,420.0,420.0,420.0,420.0,0,1,LIMT
2023-01-24,490.0,490.0,490.0,490.0,0,0,LIMT
2023-01-24,420.0,420.0,420.0,420.0,0,1,LIMT
2023-01-25,420.0,420.0,420.0,420.0,0,1,LIMT
2023-01-25,490.0,490.0,490.0,490.0,0,0,LIMT
2023-01-26,420.0,420.0,420.0,420.0,0,1,LIMT
2023-01-26,490.0,490.0,490.0,490.0,0,0,LIMT
2023-01-27,490.0,490.0,490.0,490.0,0,0,LIMT
2023-01-27,420.0,420.0,420.0,420.0,0,1,LIMT
2023-01-30,490.0,490.0,490.0,490.0,0,0,LIMT
2023-01-30,420.0,420.0,420.0,420.0,0,1,LIMT
2023-01-31,490.0,490.0,490.0,490.0,0,0,LIMT
2023-01-31,420.0,420.0,420.0,420.0,0,1,LIMT
2023-02-01,490.0,490.0,490.0,490.0,0,0,LIMT
2023-02-01,420.0,420.0,420.0,420.0,0,1,LIMT
2023-02-02,420.0,420.0,420.0,420.0,0,1,LIMT
2023-02-02,490.0,490.0,490.0,490.0,0,0,LIMT
2023-02-03,420.0,420.0,420.0,420.0,0,1,LIMT
2023-02-03,490.0,490.0,490.0,490.0,0,0,LIMT
2023-02-06,420.0,420.0,420.0,420.0,1600,1,LIMT
2023-02-06,490.0,490.0,490.0,490.0,0,0,LIMT
2023-02-07,420.0,420.0,420.0,420.0,0,1,LIMT
2023-02-07,490.0,490.0,490.0,490.0,0,0,LIMT
2023-02-08,420.0,420.0,420.0,420.0,0,1,LIMT
2023-02-08,490.0,490.0,490.0,490.0,0,0,LIMT
2023-02-09,420.0,420.0,420.0,420.0,0,1,LIMT
2023-02-09,490.0,490.0,490.0,490.0,0,0,LIMT
2023-02-10,490.0,490.0,490.0,490.0,0,0,LIMT
2023-02-10,420.0,420.0,420.0,420.0,0,1,LIMT
2023-02-13,420.0,420.0,420.0,420.0,0,1,LIMT
2023-02-13,490.0,490.0,490.0,490.0,0,0,LIMT
2023-02-14,490.0,490.0,490.0,490.0,0,0,LIMT
2023-02-14,420.0,420.0,420.0,420.0,0,1,LIMT
2023-02-15,420.0,420.0,420.0,420.0,0,1,LIMT
2023-02-15,490.0,490.0,490.0,490.0,0,0,LIMT
2023-02-16,420.0,400.0,400.0,400.0,1700,1,LIMT
2023-02-16,490.0,490.0,490.0,490.0,0,0,LIMT
2023-02-17,400.0,400.0,400.0,400.0,0,1,LIMT
2023-02-17,490.0,490.0,490.0,490.0,0,0,LIMT
2023-02-20,490.0,490.0,490.0,490.0,0,0,LIMT
2023-02-20,400.0,400.0,400.0,400.0,0,1,LIMT
2023-02-21,400.0,400.0,400.0,400.0,0,1,LIMT
2023-02-21,490.0,490.0,490.0,490.0,0,0,LIMT
2023-02-22,490.0,490.0,490.0,490.0,0,0,LIMT
2023-02-22,400.0,400.0,400.0,400.0,0,1,LIMT
2023-02-23,400.0,400.0,400.0,400.0,0,1,LIMT
2023-02-23,490.0,490.0,490.0,490.0,0,0,LIMT
2023-02-24,400.0,400.0,400.0,400.0,0,1,LIMT
2023-02-24,490.0,490.0,490.0,490.0,0,0,LIMT
2023-02-27,400.0,400.0,400.0,400.0,0,1,LIMT
2023-02-27,490.0,490.0,490.0,490.0,0,0,LIMT
2023-02-28,400.0,400.0,400.0,400.0,0,1,LIMT
2023-02-28,490.0,490.0,490.0,490.0,0,0,LIMT
2023-03-01,400.0,400.0,400.0,400.0,0,1,LIMT
2023-03-01,490.0,490.0,490.0,490.0,0,0,LIMT
2023-03-02,490.0,490.0,490.0,490.0,0,0,LIMT
2023-03-02,400.0,400.0,400.0,400.0,0,1,LIMT
2023-03-03,400.0,400.0,400.0,400.0,0,1,LIMT
2023-03-03,490.0,490.0,490.0,490.0,0,0,LIMT
2023-03-06,490.0,490.0,490.0,490.0,0,0,LIMT
2023-03-06,400.0,400.0,400.0,400.0,0,1,LIMT
2023-03-07,400.0,400.0,400.0,400.0,0,1,LIMT
2023-03-07,490.0,490.0,490.0,490.0,0,0,LIMT
2023-03-08,400.0,400.0,400.0,400.0,0,1,LIMT
2023-03-08,490.0,490.0,490.0,490.0,0,0,LIMT
2023-03-09,490.0,490.0,490.0,490.0,0,0,LIMT
2023-03-09,400.0,400.0,400.0,400.0,0,1,LIMT
2023-03-10,490.0,490.0,490.0,490.0,0,0,LIMT
2023-03-10,400.0,400.0,400.0,400.0,0,1,LIMT
2023-03-13,490.0,490.0,490.0,490.0,0,0,LIMT
2023-03-13,400.0,400.0,400.0,400.0,0,1,LIMT
2023-03-14,490.0,490.0,490.0,490.0,0,0,LIMT
2023-03-14,400.0,400.0,400.0,400.0,0,1,LIMT
2023-03-15,490.0,490.0,490.0,490.0,0,0,LIMT
2023-03-15,400.0,400.0,400.0,400.0,0,1,LIMT
2023-03-16,490.0,490.0,490.0,490.0,0,0,LIMT
2023-03-16,400.0,400.0,400.0,400.0,0,1,LIMT
2023-03-17,490.0,490.0,490.0,490.0,0,0,LIMT
2023-03-17,400.0,400.0,400.0,400.0,0,1,LIMT
2023-03-20,490.0,490.0,490.0,490.0,0,0,LIMT
2023-03-20,400.0,400.0,400.0,400.0,0,1,LIMT
2023-03-21,490.0,490.0,490.0,490.0,0,0,LIMT
2023-03-21,400.0,400.0,400.0,400.0,0,1,LIMT
2023-03-22,400.0,400.0,400.0,400.0,0,1,LIMT
2023-03-22,490.0,490.0,490.0,490.0,0,0,LIMT
2023-03-23,400.0,400.0,400.0,400.0,0,1,LIMT
2023-03-23,490.0,490.0,490.0,490.0,0,0,LIMT
2023-03-24,400.0,400.0,400.0,400.0,0,1,LIMT
2023-03-24,490.0,490.0,490.0,490.0,0,0,LIMT
2023-03-27,490.0,490.0,490.0,490.0,0,0,LIMT
2023-03-27,400.0,400.0,400.0,400.0,0,1,LIMT
2023-03-28,490.0,490.0,490.0,490.0,0,0,LIMT
2023-03-28,400.0,400.0,400.0,400.0,0,1,LIMT
2023-03-29,400.0,400.0,400.0,400.0,0,1,LIMT
2023-03-29,490.0,490.0,490.0,490.0,0,0,LIMT
2023-03-30,490.0,490.0,490.0,490.0,0,0,LIMT
2023-03-30,400.0,400.0,400.0,400.0,0,1,LIMT
2023-03-31,490.0,490.0,490.0,490.0,0,0,LIMT
2023-03-31,400.0,400.0,400.0,400.0,0,1,LIMT
2023-04-03,400.0,400.0,400.0,400.0,0,1,LIMT
2023-04-03,490.0,490.0,490.0,490.0,0,0,LIMT
2023-04-04,400.0,400.0,400.0,400.0,0,1,LIMT
2023-04-04,490.0,490.0,490.0,490.0,0,0,LIMT
2023-04-05,400.0,400.0,400.0,400.0,0,1,LIMT
2023-04-05,490.0,490.0,490.0,490.0,0,0,LIMT
2023-04-06,400.0,400.0,400.0,400.0,0,1,LIMT
2023-04-06,490.0,490.0,490.0,490.0,0,0,LIMT
2023-04-07,400.0,400.0,400.0,400.0,0,1,LIMT
2023-04-07,490.0,490.0,490.0,490.0,0,0,LIMT
2023-04-10,400.0,400.0,400.0,400.0,0,1,LIMT
2023-04-10,490.0,490.0,490.0,490.0,0,0,LIMT
2023-04-11,400.0,400.0,400.0,400.0,0,1,LIMT
2023-04-11,490.0,490.0,490.0,490.0,0,0,LIMT
2023-04-12,400.0,400.0,400.0,400.0,0,1,LIMT
2023-04-12,490.0,490.0,490.0,490.0,0,0,LIMT
2023-04-13,400.0,400.0,400.0,400.0,0,1,LIMT
2023-04-13,490.0,490.0,490.0,490.0,0,0,LIMT
2023-04-14,490.0,490.0,490.0,490.0,0,0,LIMT
2023-04-14,400.0,400.0,400.0,400.0,0,1,LIMT
2023-04-17,490.0,490.0,490.0,490.0,0,0,LIMT
2023-04-17,400.0,400.0,400.0,400.0,0,1,LIMT
2023-04-18,400.0,400.0,400.0,400.0,0,1,LIMT
2023-04-18,490.0,490.0,490.0,490.0,0,0,LIMT
2023-04-19,400.0,400.0,400.0,400.0,0,1,LIMT
2023-04-19,490.0,490.0,490.0,490.0,0,0,LIMT
2023-04-20,490.0,490.0,490.0,490.0,0,0,LIMT
2023-04-20,400.0,400.0,400.0,400.0,0,1,LIMT
2023-04-21,490.0,490.0,490.0,490.0,0,0,LIMT
2023-04-21,400.0,400.0,400.0,400.0,0,1,LIMT
2023-04-24,490.0,490.0,490.0,490.0,0,0,LIMT
2023-04-24,400.0,400.0,400.0,400.0,0,1,LIMT
2023-04-25,400.0,400.0,400.0,400.0,0,1,LIMT
2023-04-25,490.0,490.0,490.0,490.0,0,0,LIMT
2023-04-26,490.0,490.0,490.0,490.0,0,0,LIMT
2023-04-26,400.0,400.0,400.0,400.0,0,1,LIMT
2023-04-27,400.0,400.0,400.0,400.0,0,1,LIMT
2023-04-27,490.0,490.0,490.0,490.0,0,0,LIMT
2023-04-28,400.0,400.0,400.0,400.0,0,1,LIMT
2023-04-28,490.0,490.0,490.0,490.0,0,0,LIMT
2023-05-01,490.0,490.0,490.0,490.0,0,0,LIMT
2023-05-01,400.0,400.0,400.0,400.0,0,1,LIMT
2023-05-02,490.0,490.0,490.0,490.0,0,0,LIMT
2023-05-02,400.0,400.0,400.0,400.0,0,1,LIMT
2023-05-03,400.0,400.0,400.0,400.0,0,1,LIMT
2023-05-03,490.0,490.0,490.0,490.0,0,0,LIMT
2023-05-04,490.0,490.0,490.0,490.0,0,0,LIMT
2023-05-04,400.0,400.0,400.0,400.0,0,1,LIMT
2023-05-05,490.0,490.0,490.0,490.0,0,0,LIMT
2023-05-05,400.0,400.0,400.0,400.0,0,1,LIMT
2023-05-08,490.0,490.0,490.0,490.0,0,0,LIMT
2023-05-08,400.0,400.0,400.0,400.0,0,1,LIMT
2023-05-09,490.0,490.0,490.0,490.0,0,0,LIMT
2023-05-09,400.0,400.0,400.0,400.0,0,1,LIMT
2023-05-10,400.0,400.0,400.0,400.0,0,1,LIMT
2023-05-10,490.0,490.0,490.0,490.0,0,0,LIMT
2023-05-11,400.0,400.0,400.0,400.0,0,1,LIMT
2023-05-11,490.0,490.0,490.0,490.0,0,0,LIMT
2023-05-12,400.0,400.0,400.0,400.0,0,1,LIMT
2023-05-12,490.0,490.0,490.0,490.0,0,0,LIMT
2023-05-15,400.0,400.0,400.0,400.0,0,1,LIMT
2023-05-15,490.0,490.0,490.0,490.0,0,0,LIMT
2023-05-16,490.0,490.0,490.0,490.0,0,0,LIMT
2023-05-16,400.0,400.0,400.0,400.0,0,1,LIMT
2023-05-17,490.0,490.0,490.0,490.0,0,0,LIMT
2023-05-17,400.0,420.0,420.0,420.0,16700,1,LIMT
2023-05-18,490.0,490.0,490.0,490.0,0,0,LIMT
2023-05-18,420.0,420.0,420.0,420.0,0,1,LIMT
2023-05-19,490.0,490.0,490.0,490.0,0,0,LIMT
2023-05-19,420.0,420.0,420.0,420.0,0,1,LIMT
2023-05-22,490.0,490.0,490.0,490.0,0,0,LIMT
2023-05-22,420.0,420.0,420.0,420.0,0,1,LIMT
2023-05-23,490.0,490.0,490.0,490.0,0,0,LIMT
2023-05-23,420.0,420.0,420.0,420.0,0,1,LIMT
2023-05-24,420.0,420.0,420.0,420.0,0,1,LIMT
2023-05-24,490.0,490.0,490.0,490.0,0,0,LIMT
2023-05-25,490.0,490.0,490.0,490.0,0,0,LIMT
2023-05-25,420.0,420.0,420.0,420.0,0,1,LIMT
2023-05-26,420.0,420.0,420.0,420.0,0,1,LIMT
2023-05-26,490.0,490.0,490.0,490.0,0,0,LIMT
2023-05-29,420.0,420.0,420.0,420.0,0,1,LIMT
2023-05-29,490.0,490.0,490.0,490.0,0,0,LIMT
2023-05-30,490.0,490.0,490.0,490.0,0,0,LIMT
2023-05-30,420.0,420.0,420.0,420.0,0,1,LIMT
2023-05-31,420.0,420.0,420.0,420.0,0,1,LIMT
2023-05-31,490.0,490.0,490.0,490.0,0,0,LIMT
2023-06-01,420.0,420.0,420.0,420.0,0,1,LIMT
2023-06-01,490.0,490.0,490.0,490.0,0,0,LIMT
2023-06-02,420.0,420.0,420.0,420.0,0,1,LIMT
2023-06-02,490.0,490.0,490.0,490.0,0,0,LIMT
2023-06-05,420.0,420.0,420.0,420.0,0,1,LIMT
2023-06-05,490.0,490.0,490.0,490.0,0,0,LIMT
2023-06-06,420.0,420.0,420.0,420.0,100,1,LIMT
2023-06-06,490.0,490.0,490.0,490.0,0,0,LIMT
2023-06-07,490.0,490.0,490.0,490.0,0,0,LIMT
2023-06-07,420.0,420.0,420.0,420.0,0,1,LIMT
2023-06-08,420.0,420.0,420.0,420.0,0,1,LIMT
2023-06-08,490.0,490.0,490.0,490.0,0,0,LIMT
2023-06-09,490.0,490.0,490.0,490.0,0,0,LIMT
2023-06-09,420.0,420.0,420.0,420.0,0,1,LIMT
2023-06-12,420.0,420.0,420.0,420.0,25000,1,LIMT
2023-06-12,490.0,490.0,490.0,490.0,0,0,LIMT
2023-06-13,490.0,490.0,490.0,490.0,0,0,LIMT
2023-06-13,420.0,420.0,420.0,420.0,0,1,LIMT
2023-06-14,490.0,490.0,490.0,490.0,0,0,LIMT
2023-06-14,420.0,430.0,430.0,430.0,100,1,LIMT
2023-06-15,490.0,490.0,490.0,490.0,0,0,LIMT
2023-06-15,430.0,430.0,430.0,430.0,0,1,LIMT
2023-06-16,490.0,490.0,490.0,490.0,0,0,LIMT
2023-06-16,430.0,430.0,430.0,430.0,100,1,LIMT
2023-06-19,490.0,490.0,490.0,490.0,0,0,LIMT
2023-06-19,430.0,430.0,430.0,430.0,0,1,LIMT
2023-06-20,430.0,430.0,430.0,430.0,0,1,LIMT
2023-06-20,490.0,490.0,490.0,490.0,0,0,LIMT
2023-06-21,430.0,430.0,430.0,430.0,0,1,LIMT
2023-06-21,490.0,490.0,490.0,490.0,0,0,LIMT
2023-06-22,430.0,430.0,430.0,430.0,0,1,LIMT
2023-06-22,490.0,490.0,490.0,490.0,0,0,LIMT
2023-06-23,430.0,430.0,430.0,430.0,0,1,LIMT
2023-06-23,490.0,490.0,490.0,490.0,0,0,LIMT
2023-06-26,490.0,490.0,490.0,490.0,0,0,LIMT
2023-06-26,430.0,430.0,430.0,430.0,0,1,LIMT
2023-06-27,430.0,430.0,430.0,430.0,0,1,LIMT
2023-06-27,490.0,490.0,490.0,490.0,0,0,LIMT
2023-06-28,430.0,430.0,430.0,430.0,0,1,LIMT
2023-06-28,490.0,490.0,490.0,490.0,0,0,LIMT
2023-06-29,490.0,490.0,490.0,490.0,0,0,LIMT
2023-06-29,430.0,430.0,430.0,430.0,0,1,LIMT
2023-06-30,490.0,490.0,490.0,490.0,0,0,LIMT
2023-06-30,430.0,430.0,430.0,430.0,0,1,LIMT
2023-07-03,430.0,430.0,430.0,430.0,0,1,LIMT
2023-07-03,490.0,490.0,490.0,490.0,0,0,LIMT
2023-07-04,430.0,430.0,430.0,430.0,0,1,LIMT
2023-07-04,490.0,490.0,490.0,490.0,0,0,LIMT
2023-07-05,430.0,430.0,430.0,430.0,0,1,LIMT
2023-07-05,490.0,490.0,490.0,490.0,0,0,LIMT
2023-07-06,430.0,410.0,410.0,410.0,100,1,LIMT
2023-07-06,490.0,490.0,490.0,490.0,0,0,LIMT
2023-07-07,410.0,410.0,410.0,410.0,0,1,LIMT
2023-07-07,490.0,490.0,490.0,490.0,0,0,LIMT
2023-07-10,410.0,410.0,410.0,410.0,0,1,LIMT
2023-07-10,490.0,490.0,490.0,490.0,0,0,LIMT
2023-07-11,410.0,410.0,410.0,410.0,0,1,LIMT
2023-07-11,490.0,490.0,490.0,490.0,0,0,LIMT
2023-07-12,490.0,490.0,490.0,490.0,0,0,LIMT
2023-07-12,410.0,410.0,410.0,410.0,0,1,LIMT
2023-07-13,490.0,490.0,490.0,490.0,0,0,LIMT
2023-07-13,410.0,410.0,410.0,410.0,0,1,LIMT
2023-07-14,410.0,410.0,410.0,410.0,0,1,LIMT
2023-07-14,490.0,490.0,490.0,490.0,0,0,LIMT
2023-07-17,490.0,490.0,490.0,490.0,0,0,LIMT
2023-07-17,410.0,420.0,420.0,420.0,100,1,LIMT
2023-07-18,420.0,420.0,420.0,420.0,0,1,LIMT
2023-07-18,490.0,490.0,490.0,490.0,0,0,LIMT
2023-07-19,420.0,420.0,420.0,420.0,0,1,LIMT
2023-07-19,490.0,490.0,490.0,490.0,0,0,LIMT
2023-07-20,420.0,420.0,420.0,420.0,0,1,LIMT
2023-07-20,490.0,490.0,490.0,490.0,0,0,LIMT
2023-07-21,490.0,490.0,490.0,490.0,0,0,LIMT
2023-07-21,420.0,420.0,420.0,420.0,0,1,LIMT
2023-07-24,420.0,420.0,420.0,420.0,0,1,LIMT
2023-07-24,490.0,490.0,490.0,490.0,0,0,LIMT
2023-07-25,490.0,490.0,490.0,490.0,0,0,LIMT
2023-07-25,420.0,420.0,420.0,420.0,0,1,LIMT
2023-07-26,420.0,420.0,420.0,420.0,0,1,LIMT
2023-07-26,490.0,490.0,490.0,490.0,0,0,LIMT
2023-07-27,490.0,490.0,490.0,490.0,0,0,LIMT
2023-07-27,420.0,420.0,420.0,420.0,0,1,LIMT
2023-07-28,490.0,490.0,490.0,490.0,0,0,LIMT
2023-07-28,420.0,420.0,420.0,420.0,0,1,LIMT
2023-07-31,420.0,420.0,420.0,420.0,0,1,LIMT
2023-07-31,490.0,490.0,490.0,490.0,0,0,LIMT
2023-08-01,420.0,420.0,420.0,420.0,0,1,LIMT
2023-08-01,490.0,490.0,490.0,490.0,0,0,LIMT
2023-08-02,420.0,420.0,420.0,420.0,0,1,LIMT
2023-08-02,490.0,490.0,490.0,490.0,0,0,LIMT
2023-08-03,490.0,490.0,490.0,490.0,0,0,LIMT
2023-08-03,420.0,430.0,430.0,430.0,100,1,LIMT
2023-08-04,490.0,490.0,490.0,490.0,0,0,LIMT
2023-08-04,430.0,430.0,430.0,430.0,0,1,LIMT
2023-08-07,430.0,430.0,430.0,430.0,0,1,LIMT
2023-08-07,490.0,490.0,490.0,490.0,0,0,LIMT
2023-08-08,430.0,430.0,430.0,430.0,0,1,LIMT
2023-08-08,490.0,490.0,490.0,490.0,0,0,LIMT
2023-08-09,430.0,430.0,430.0,430.0,0,1,LIMT
2023-08-09,490.0,490.0,490.0,490.0,0,0,LIMT
2023-08-10,490.0,490.0,490.0,490.0,0,0,LIMT
2023-08-10,430.0,430.0,430.0,430.0,0,1,LIMT
2023-08-11,430.0,430.0,430.0,430.0,100,1,LIMT
2023-08-11,490.0,490.0,490.0,490.0,0,0,LIMT
2023-08-14,430.0,430.0,430.0,430.0,0,1,LIMT
2023-08-14,490.0,490.0,490.0,490.0,0,0,LIMT
2023-08-15,430.0,430.0,430.0,430.0,0,1,LIMT
2023-08-15,490.0,490.0,490.0,490.0,0,0,LIMT
2023-08-16,430.0,430.0,430.0,430.0,0,1,LIMT
2023-08-16,490.0,490.0,490.0,490.0,0,0,LIMT
2023-08-17,430.0,430.0,430.0,430.0,0,1,LIMT
2023-08-17,490.0,490.0,490.0,490.0,0,0,LIMT
2023-08-18,430.0,430.0,430.0,430.0,0,1,LIMT
2023-08-18,490.0,490.0,490.0,490.0,0,0,LIMT
2023-08-21,430.0,430.0,430.0,430.0,0,1,LIMT
2023-08-21,490.0,490.0,490.0,490.0,0,0,LIMT
2023-08-22,430.0,430.0,430.0,430.0,0,1,LIMT
2023-08-22,490.0,490.0,490.0,490.0,0,0,LIMT
2023-08-23,430.0,430.0,430.0,430.0,0,1,LIMT
2023-08-23,490.0,490.0,490.0,490.0,0,0,LIMT
2023-08-24,430.0,430.0,430.0,430.0,0,1,LIMT
2023-08-24,490.0,490.0,490.0,490.0,0,0,LIMT
2023-08-25,430.0,430.0,430.0,430.0,0,1,LIMT
2023-08-25,490.0,490.0,490.0,490.0,0,0,LIMT
2023-08-28,430.0,430.0,430.0,430.0,0,1,LIMT
2023-08-28,490.0,490.0,490.0,490.0,0,0,LIMT
2023-08-29,430.0,430.0,430.0,430.0,0,1,LIMT
2023-08-29,490.0,490.0,490.0,490.0,0,0,LIMT
2023-08-30,430.0,430.0,430.0,430.0,0,1,LIMT
2023-08-30,490.0,490.0,490.0,490.0,0,0,LIMT
2023-08-31,430.0,400.0,389.0,397.75,500,1,LIMT
2023-08-31,490.0,490.0,490.0,490.0,0,0,LIMT
2023-09-01,397.75,397.75,397.75,397.75,0,1,LIMT
2023-09-01,490.0,490.0,490.0,490.0,0,0,LIMT
2023-09-04,397.75,397.75,397.75,397.75,0,1,LIMT
2023-09-04,490.0,490.0,490.0,490.0,0,0,LIMT
2023-09-05,397.75,397.75,397.75,397.75,0,1,LIMT
2023-09-05,490.0,490.0,490.0,490.0,0,0,LIMT
2023-09-06,490.0,490.0,490.0,490.0,0,0,LIMT
2023-09-06,397.75,397.75,397.75,397.75,0,1,LIMT
2023-09-07,397.75,397.75,397.75,397.75,0,1,LIMT
2023-09-07,490.0,490.0,490.0,490.0,0,0,LIMT
2023-09-08,490.0,490.0,490.0,490.0,0,0,LIMT
2023-09-08,397.75,397.75,397.75,397.75,0,1,LIMT
2023-09-11,397.75,397.75,397.75,397.75,0,1,LIMT
2023-09-11,490.0,490.0,490.0,490.0,0,0,LIMT
2023-09-12,490.0,490.0,490.0,490.0,0,0,LIMT
2023-09-12,397.75,380.0,380.0,380.0,100,1,LIMT
2023-09-13,490.0,490.0,490.0,490.0,0,0,LIMT
2023-09-13,380.0,380.0,380.0,380.0,0,1,LIMT
2023-09-14,490.0,490.0,490.0,490.0,0,0,LIMT
2023-09-14,380.0,380.0,380.0,380.0,0,1,LIMT
2023-09-15,490.0,490.0,490.0,490.0,0,0,LIMT
2023-09-15,380.0,380.0,380.0,380.0,0,1,LIMT
2023-09-18,380.0,380.0,380.0,380.0,0,1,LIMT
2023-09-18,490.0,490.0,490.0,490.0,0,0,LIMT
2023-09-19,380.0,380.0,380.0,380.0,100,1,LIMT
2023-09-19,490.0,490.0,490.0,490.0,0,0,LIMT
2023-09-20,380.0,380.0,380.0,380.0,0,1,LIMT
2023-09-20,490.0,490.0,490.0,490.0,0,0,LIMT
2023-09-21,380.0,380.0,380.0,380.0,0,1,LIMT
2023-09-21,490.0,490.0,490.0,490.0,0,0,LIMT
2023-09-22,490.0,490.0,490.0,490.0,0,0,LIMT
2023-09-22,380.0,380.0,380.0,380.0,0,1,LIMT
2023-09-25,380.0,380.0,380.0,380.0,0,1,LIMT
2023-09-25,490.0,490.0,490.0,490.0,0,0,LIMT
2023-09-26,490.0,490.0,490.0,490.0,0,0,LIMT
2023-09-26,380.0,380.0,380.0,380.0,0,1,LIMT
2023-09-27,490.0,490.0,490.0,490.0,0,0,LIMT
2023-09-27,380.0,380.0,380.0,380.0,0,1,LIMT
2023-09-28,490.0,490.0,490.0,490.0,0,0,LIMT
2023-09-28,380.0,380.0,380.0,380.0,0,1,LIMT
2023-09-29,380.0,380.0,380.0,380.0,0,1,LIMT
2023-09-29,490.0,490.0,490.0,490.0,0,0,LIMT
2023-10-02,380.0,380.0,380.0,380.0,0,1,LIMT
2023-10-02,490.0,490.0,490.0,490.0,0,0,LIMT
2023-10-03,380.0,380.0,380.0,380.0,0,1,LIMT
2023-10-03,490.0,490.0,490.0,490.0,0,0,LIMT
2023-10-04,490.0,490.0,490.0,490.0,0,0,LIMT
2023-10-04,380.0,380.0,380.0,380.0,0,1,LIMT
2023-10-05,490.0,490.0,490.0,490.0,0,0,LIMT
2023-10-05,380.0,380.0,380.0,380.0,0,1,LIMT
2023-10-06,490.0,490.0,490.0,490.0,0,0,LIMT
2023-10-06,380.0,380.0,380.0,380.0,0,1,LIMT
2023-10-09,490.0,490.0,490.0,490.0,0,0,LIMT
2023-10-09,380.0,380.0,380.0,380.0,0,1,LIMT
2023-10-10,380.0,380.0,380.0,380.0,0,1,LIMT
2023-10-10,490.0,490.0,490.0,490.0,0,0,LIMT
2023-10-11,490.0,490.0,490.0,490.0,0,0,LIMT
2023-10-11,380.0,380.0,380.0,380.0,600,1,LIMT
2023-10-12,380.0,380.0,380.0,380.0,0,1,LIMT
2023-10-12,490.0,490.0,490.0,490.0,0,0,LIMT
2023-10-13,380.0,380.0,380.0,380.0,0,1,LIMT
2023-10-13,490.0,490.0,490.0,490.0,0,0,LIMT
2023-10-16,380.0,380.0,380.0,380.0,0,1,LIMT
2023-10-16,490.0,490.0,490.0,490.0,0,0,LIMT
2023-10-17,490.0,490.0,490.0,490.0,0,0,LIMT
2023-10-17,380.0,380.0,380.0,380.0,0,1,LIMT
2023-10-18,380.0,380.0,380.0,380.0,0,1,LIMT
2023-10-18,490.0,490.0,490.0,490.0,0,0,LIMT
2023-10-19,380.0,380.0,380.0,380.0,0,1,LIMT
2023-10-19,490.0,490.0,490.0,490.0,0,0,LIMT
2023-10-20,380.0,380.0,380.0,380.0,0,1,LIMT
2023-10-20,490.0,490.0,490.0,490.0,0,0,LIMT
2023-10-23,380.0,380.0,380.0,380.0,41500,1,LIMT
2023-10-23,490.0,490.0,490.0,490.0,0,0,LIMT
2023-10-24,380.0,380.0,380.0,380.0,0,1,LIMT
2023-10-24,490.0,490.0,490.0,490.0,0,0,LIMT
2023-10-25,380.0,380.0,380.0,380.0,100,1,LIMT
2023-10-25,490.0,490.0,490.0,490.0,0,0,LIMT
2023-10-26,490.0,490.0,490.0,490.0,0,0,LIMT
2023-10-26,380.0,380.0,380.0,380.0,100,1,LIMT
2023-10-27,490.0,490.0,490.0,490.0,0,0,LIMT
2023-10-27,380.0,380.0,380.0,380.0,0,1,LIMT
2023-10-30,380.0,380.0,380.0,380.0,0,1,LIMT
2023-10-30,490.0,490.0,490.0,490.0,0,0,LIMT
2023-10-31,490.0,490.0,490.0,490.0,0,0,LIMT
2023-10-31,380.0,380.0,380.0,380.0,0,1,LIMT
2023-11-01,490.0,490.0,490.0,490.0,0,0,LIMT
2023-11-01,380.0,380.0,380.0,380.0,0,1,LIMT
2023-11-02,380.0,380.0,380.0,380.0,0,1,LIMT
2023-11-02,490.0,490.0,490.0,490.0,0,0,LIMT
2023-11-03,490.0,490.0,490.0,490.0,0,0,LIMT
2023-11-03,380.0,380.0,380.0,380.0,0,1,LIMT
2023-11-06,380.0,380.0,380.0,380.0,0,1,LIMT
2023-11-06,490.0,490.0,490.0,490.0,0,0,LIMT
2023-11-07,380.0,380.0,380.0,380.0,0,1,LIMT
2023-11-07,490.0,490.0,490.0,490.0,0,0,LIMT
2023-11-08,490.0,490.0,490.0,490.0,0,0,LIMT
2023-11-08,380.0,380.0,380.0,380.0,0,1,LIMT
2023-11-09,380.0,380.0,380.0,380.0,0,1,LIMT
2023-11-09,490.0,490.0,490.0,490.0,0,0,LIMT
2023-11-10,490.0,490.0,490.0,490.0,0,0,LIMT
2023-11-10,380.0,380.0,380.0,380.0,0,1,LIMT
2023-11-13,490.0,490.0,490.0,490.0,0,0,LIMT
2023-11-13,380.0,380.0,380.0,380.0,0,1,LIMT
2023-11-14,490.0,490.0,490.0,490.0,0,0,LIMT
2023-11-14,380.0,380.0,380.0,380.0,0,1,LIMT
2023-11-15,490.0,490.0,490.0,490.0,0,0,LIMT
2023-11-15,380.0,380.0,380.0,380.0,0,1,LIMT
2023-11-16,490.0,490.0,490.0,490.0,0,0,LIMT
2023-11-16,380.0,380.0,380.0,380.0,0,1,LIMT
2023-11-17,490.0,490.0,490.0,490.0,0,0,LIMT
2023-11-17,380.0,380.0,380.0,380.0,0,1,LIMT
2023-11-20,490.0,490.0,490.0,490.0,0,0,LIMT
2023-11-20,380.0,380.0,380.0,380.0,0,1,LIMT
2023-11-21,380.0,380.0,380.0,380.0,0,1,LIMT
2023-11-21,490.0,490.0,490.0,490.0,0,0,LIMT
2023-11-22,380.0,380.0,380.0,380.0,0,1,LIMT
2023-11-22,490.0,490.0,490.0,490.0,0,0,LIMT
2023-11-23,380.0,380.0,380.0,380.0,0,1,LIMT
2023-11-23,490.0,490.0,490.0,490.0,0,0,LIMT
2023-11-24,380.0,380.0,380.0,380.0,0,1,LIMT
2023-11-24,490.0,490.0,490.0,490.0,0,0,LIMT
2023-11-27,490.0,490.0,490.0,490.0,0,0,LIMT
2023-11-27,380.0,380.0,380.0,380.0,0,1,LIMT
2023-11-28,490.0,490.0,490.0,490.0,0,0,LIMT
2023-11-28,380.0,380.0,380.0,380.0,0,1,LIMT
2023-11-29,490.0,490.0,490.0,490.0,0,0,LIMT
2023-11-29,380.0,380.0,380.0,380.0,0,1,LIMT
2023-11-30,490.0,490.0,490.0,490.0,0,0,LIMT
2023-11-30,380.0,380.0,380.0,380.0,0,1,LIMT
2023-12-01,380.0,380.0,380.0,380.0,0,1,LIMT
2023-12-01,490.0,490.0,490.0,490.0,0,0,LIMT
2023-12-04,490.0,490.0,490.0,490.0,0,0,LIMT
2023-12-04,380.0,380.0,380.0,380.0,0,1,LIMT
2023-12-05,380.0,380.0,380.0,380.0,0,1,LIMT
2023-12-05,490.0,490.0,490.0,490.0,0,0,LIMT
2023-12-06,380.0,380.0,380.0,380.0,0,1,LIMT
2023-12-06,490.0,490.0,490.0,490.0,0,0,LIMT
2023-12-07,490.0,490.0,490.0,490.0,0,0,LIMT
2023-12-07,380.0,380.0,380.0,380.0,0,1,LIMT
2023-12-08,380.0,380.0,380.0,380.0,0,1,LIMT
2023-12-08,490.0,490.0,490.0,490.0,0,0,LIMT
2023-12-11,490.0,490.0,490.0,490.0,0,0,LIMT
2023-12-11,380.0,380.0,380.0,380.0,0,1,LIMT
2023-12-12,490.0,490.0,490.0,490.0,0,0,LIMT
2023-12-12,380.0,380.0,380.0,380.0,0,1,LIMT
2023-12-13,380.0,380.0,380.0,380.0,0,1,LIMT
2023-12-13,490.0,490.0,490.0,490.0,0,0,LIMT
2023-12-14,490.0,490.0,490.0,490.0,0,0,LIMT
2023-12-14,380.0,380.0,380.0,380.0,0,1,LIMT
2023-12-15,490.0,490.0,490.0,490.0,0,0,LIMT
2023-12-15,380.0,380.0,380.0,380.0,0,1,LIMT
2023-12-18,380.0,380.0,380.0,380.0,0,1,LIMT
2023-12-18,490.0,490.0,490.0,490.0,0,0,LIMT
2023-12-19,490.0,490.0,490.0,490.0,0,0,LIMT
2023-12-19,380.0,380.0,380.0,380.0,0,1,LIMT
2023-12-20,490.0,490.0,490.0,490.0,0,0,LIMT
2023-12-20,380.0,380.0,380.0,380.0,0,1,LIMT
2023-12-21,490.0,490.0,490.0,490.0,0,0,LIMT
2023-12-21,380.0,380.0,380.0,380.0,0,1,LIMT
2023-12-22,490.0,490.0,490.0,490.0,0,0,LIMT
2023-12-22,380.0,380.0,380.0,380.0,0,1,LIMT
2023-12-25,490.0,490.0,490.0,490.0,0,0,LIMT
2023-12-25,380.0,380.0,380.0,380.0,0,1,LIMT
2023-12-26,490.0,490.0,490.0,490.0,0,0,LIMT
2023-12-26,380.0,380.0,380.0,380.0,0,1,LIMT
2023-12-27,380.0,380.0,380.0,380.0,0,1,LIMT
2023-12-27,490.0,490.0,490.0,490.0,0,0,LIMT
2023-12-28,380.0,380.0,380.0,380.0,0,1,LIMT
2023-12-28,490.0,490.0,490.0,490.0,0,0,LIMT
2023-12-29,380.0,380.0,380.0,380.0,0,1,LIMT
2023-12-29,490.0,490.0,490.0,490.0,0,0,LIMT
2024-01-01,380.0,380.0,380.0,380.0,0,1,LIMT
2024-01-01,490.0,490.0,490.0,490.0,0,0,LIMT
2024-01-02,380.0,380.0,380.0,380.0,0,1,LIMT
2024-01-02,490.0,490.0,490.0,490.0,0,0,LIMT
2024-01-03,380.0,380.0,380.0,380.0,0,1,LIMT
2024-01-03,490.0,490.0,490.0,490.0,0,0,LIMT
2024-01-04,490.0,490.0,490.0,490.0,0,0,LIMT
2024-01-04,380.0,380.0,380.0,380.0,0,1,LIMT
2024-01-05,490.0,490.0,490.0,490.0,0,0,LIMT
2024-01-05,380.0,380.0,380.0,380.0,0,1,LIMT
2024-01-08,490.0,490.0,490.0,490.0,0,0,LIMT
2024-01-08,380.0,380.0,380.0,380.0,0,1,LIMT
2024-01-09,490.0,490.0,490.0,490.0,0,0,LIMT
2024-01-09,380.0,380.0,380.0,380.0,0,1,LIMT
2024-01-10,490.0,490.0,490.0,490.0,0,0,LIMT
2024-01-10,380.0,380.0,380.0,380.0,0,1,LIMT
2024-01-11,490.0,490.0,490.0,490.0,0,0,LIMT
2024-01-11,380.0,380.0,380.0,380.0,100,1,LIMT
2024-01-12,490.0,490.0,490.0,490.0,0,0,LIMT
2024-01-12,380.0,380.0,380.0,380.0,0,1,LIMT
2024-01-15,380.0,380.0,380.0,380.0,0,1,LIMT
2024-01-15,490.0,490.0,490.0,490.0,0,0,LIMT
2024-01-16,380.0,380.0,380.0,380.0,0,1,LIMT
2024-01-16,490.0,490.0,490.0,490.0,0,0,LIMT
2024-01-17,380.0,380.0,380.0,380.0,0,1,LIMT
2024-01-17,490.0,490.0,490.0,490.0,0,0,LIMT
2024-01-18,490.0,490.0,490.0,490.0,0,0,LIMT
2024-01-18,380.0,380.0,380.0,380.0,0,1,LIMT
2024-01-19,490.0,490.0,490.0,490.0,0,0,LIMT
2024-01-19,380.0,380.0,380.0,380.0,0,1,LIMT
2024-01-22,490.0,490.0,490.0,490.0,0,0,LIMT
2024-01-22,380.0,380.0,380.0,380.0,0,1,LIMT
2024-01-23,490.0,490.0,490.0,490.0,0,0,LIMT
2024-01-23,380.0,380.0,380.0,380.0,0,1,LIMT
2024-01-24,490.0,490.0,490.0,490.0,0,0,LIMT
2024-01-24,380.0,380.0,380.0,380.0,0,1,LIMT
2024-01-25,380.0,380.0,380.0,380.0,0,1,LIMT
2024-01-25,490.0,490.0,490.0,490.0,0,0,LIMT
2024-01-26,490.0,490.0,490.0,490.0,0,0,LIMT
2024-01-26,380.0,380.0,380.0,380.0,0,1,LIMT
2024-01-29,380.0,380.0,380.0,380.0,0,1,LIMT
2024-01-29,490.0,490.0,490.0,490.0,0,0,LIMT
2024-01-30,380.0,380.0,380.0,380.0,0,1,LIMT
2024-01-30,490.0,490.0,490.0,490.0,0,0,LIMT
2024-01-31,380.0,380.0,380.0,380.0,0,1,LIMT
2024-01-31,490.0,490.0,490.0,490.0,0,0,LIMT
2024-02-01,490.0,490.0,490.0,490.0,0,0,LIMT
2024-02-01,380.0,380.0,380.0,380.0,0,1,LIMT
2024-02-02,490.0,490.0,490.0,490.0,0,0,LIMT
2024-02-02,380.0,380.0,380.0,380.0,0,1,LIMT
2024-02-05,380.0,380.0,380.0,380.0,0,1,LIMT
2024-02-05,490.0,490.0,490.0,490.0,0,0,LIMT
2024-02-06,490.0,490.0,490.0,490.0,0,0,LIMT
2024-02-06,380.0,380.0,380.0,380.0,0,1,LIMT
2024-02-07,490.0,490.0,490.0,490.0,0,0,LIMT
2024-02-07,380.0,380.0,380.0,380.0,0,1,LIMT
2024-02-08,490.0,490.0,490.0,490.0,0,0,LIMT
2024-02-08,380.0,380.0,380.0,380.0,0,1,LIMT
2024-02-09,490.0,490.0,490.0,490.0,0,0,LIMT
2024-02-09,380.0,380.0,380.0,380.0,0,1,LIMT
2024-02-12,490.0,490.0,490.0,490.0,0,0,LIMT
2024-02-12,380.0,380.0,380.0,380.0,0,1,LIMT
2024-02-13,490.0,490.0,490.0,490.0,0,0,LIMT
2024-02-13,380.0,380.0,380.0,380.0,0,1,LIMT
2024-02-14,490.0,490.0,490.0,490.0,0,0,LIMT
2024-02-14,380.0,380.0,380.0,380.0,0,1,LIMT
2024-02-15,380.0,380.0,380.0,380.0,0,1,LIMT
2024-02-15,490.0,490.0,490.0,490.0,0,0,LIMT
2024-02-16,490.0,490.0,490.0,490.0,0,0,LIMT
2024-02-16,380.0,380.0,380.0,380.0,0,1,LIMT
2024-02-19,490.0,490.0,490.0,490.0,0,0,LIMT
2024-02-19,380.0,380.0,380.0,380.0,0,1,LIMT
2024-02-20,490.0,490.0,490.0,490.0,0,0,LIMT
2024-02-20,380.0,380.0,380.0,380.0,0,1,LIMT
2024-02-21,490.0,490.0,490.0,490.0,0,0,LIMT
2024-02-21,380.0,380.0,380.0,380.0,0,1,LIMT
2024-02-22,490.0,490.0,490.0,490.0,0,0,LIMT
2024-02-22,380.0,380.0,380.0,380.0,0,1,LIMT
2024-02-23,380.0,380.0,380.0,380.0,0,1,LIMT
2024-02-23,490.0,490.0,490.0,490.0,0,0,LIMT
2024-02-26,490.0,490.0,490.0,490.0,0,0,LIMT
2024-02-26,380.0,380.0,380.0,380.0,0,1,LIMT
2024-02-27,490.0,490.0,490.0,490.0,0,0,LIMT
2024-02-27,380.0,380.0,380.0,380.0,0,1,LIMT
2024-02-28,490.0,490.0,490.0,490.0,0,0,LIMT
2024-02-28,380.0,380.0,380.0,380.0,0,1,LIMT
2024-02-29,380.0,380.0,380.0,380.0,0,1,LIMT
2024-02-29,490.0,490.0,490.0,490.0,0,0,LIMT
2024-03-01,490.0,490.0,490.0,490.0,0,0,LIMT
2024-03-01,380.0,380.0,380.0,380.0,100,1,LIMT
2024-03-04,490.0,490.0,490.0,490.0,0,0,LIMT
2024-03-04,380.0,380.0,380.0,380.0,0,1,LIMT
2024-03-05,490.0,490.0,490.0,490.0,0,0,LIMT
2024-03-05,380.0,380.0,380.0,380.0,0,1,LIMT
2024-03-06,380.0,380.0,380.0,380.0,0,1,LIMT
2024-03-06,490.0,490.0,490.0,490.0,0,0,LIMT
2024-03-07,490.0,490.0,490.0,490.0,0,0,LIMT
2024-03-07,380.0,380.0,380.0,380.0,0,1,LIMT
2024-03-08,490.0,490.0,490.0,490.0,0,0,LIMT
2024-03-08,380.0,380.0,380.0,380.0,0,1,LIMT
2024-03-11,490.0,490.0,490.0,490.0,0,0,LIMT
2024-03-11,380.0,380.0,380.0,380.0,0,1,LIMT
2024-03-12,490.0,490.0,490.0,490.0,0,0,LIMT
2024-03-12,380.0,380.0,380.0,380.0,0,1,LIMT
2024-03-13,490.0,490.0,490.0,490.0,0,0,LIMT
2024-03-13,380.0,380.0,380.0,380.0,0,1,LIMT
2024-03-14,490.0,490.0,490.0,490.0,0,0,LIMT
2024-03-14,380.0,380.0,380.0,380.0,0,1,LIMT
2024-03-15,380.0,380.0,380.0,380.0,0,1,LIMT
2024-03-15,490.0,490.0,490.0,490.0,0,0,LIMT
2024-03-18,380.0,380.0,380.0,380.0,0,1,LIMT
2024-03-18,490.0,490.0,490.0,490.0,0,0,LIMT
2024-03-19,490.0,490.0,490.0,490.0,0,0,LIMT
2024-03-19,380.0,380.0,380.0,380.0,0,1,LIMT
2024-03-20,490.0,490.0,490.0,490.0,0,0,LIMT
2024-03-20,380.0,380.0,380.0,380.0,0,1,LIMT
2024-03-21,490.0,490.0,490.0,490.0,0,0,LIMT
2024-03-21,380.0,380.0,380.0,380.0,0,1,LIMT
2024-03-22,380.0,380.0,380.0,380.0,0,1,LIMT
2024-03-22,490.0,490.0,490.0,490.0,0,0,LIMT
2024-03-25,490.0,490.0,490.0,490.0,0,0,LIMT
2024-03-25,380.0,380.0,380.0,380.0,0,1,LIMT
2024-03-26,380.0,380.0,380.0,380.0,0,1,LIMT
2024-03-26,490.0,490.0,490.0,490.0,0,0,LIMT
2024-03-27,490.0,490.0,490.0,490.0,0,0,LIMT
2024-03-27,380.0,380.0,380.0,380.0,0,1,LIMT
2024-03-28,380.0,380.0,380.0,380.0,0,1,LIMT
2024-03-28,490.0,490.0,490.0,490.0,0,0,LIMT
2024-03-29,380.0,380.0,380.0,380.0,0,1,LIMT
2024-03-29,490.0,490.0,490.0,490.0,0,0,LIMT
2024-04-01,490.0,490.0,490.0,490.0,0,0,LIMT
2024-04-01,380.0,380.0,380.0,380.0,0,1,LIMT
2024-04-02,490.0,490.0,490.0,490.0,0,0,LIMT
2024-04-02,380.0,380.0,380.0,380.0,0,1,LIMT
2024-04-03,380.0,380.0,380.0,380.0,0,1,LIMT
2024-04-03,490.0,490.0,490.0,490.0,0,0,LIMT
2024-04-04,490.0,490.0,490.0,490.0,0,0,LIMT
2024-04-04,380.0,380.0,380.0,380.0,0,1,LIMT
2024-04-05,490.0,490.0,490.0,490.0,0,0,LIMT
2024-04-05,380.0,380.0,380.0,380.0,0,1,LIMT
2024-04-08,490.0,490.0,490.0,490.0,0,0,LIMT
2024-04-08,380.0,380.0,380.0,380.0,0,1,LIMT
2024-04-09,490.0,490.0,490.0,490.0,0,0,LIMT
2024-04-09,380.0,380.0,380.0,380.0,0,1,LIMT
2024-04-10,490.0,490.0,490.0,490.0,0,0,LIMT
2024-04-10,380.0,380.0,380.0,380.0,0,1,LIMT
2024-04-11,380.0,380.0,380.0,380.0,0,1,LIMT
2024-04-11,490.0,490.0,490.0,490.0,0,0,LIMT
2024-04-12,380.0,380.0,380.0,380.0,0,1,LIMT
2024-04-12,490.0,490.0,490.0,490.0,0,0,LIMT
2024-04-15,380.0,380.0,380.0,380.0,0,1,LIMT
2024-04-15,490.0,490.0,490.0,490.0,0,0,LIMT
2024-04-16,490.0,490.0,490.0,490.0,0,0,LIMT
2024-04-16,380.0,380.0,380.0,380.0,100,1,LIMT
2024-04-17,380.0,380.0,380.0,380.0,0,1,LIMT
2024-04-17,490.0,490.0,490.0,490.0,0,0,LIMT
2024-04-18,490.0,490.0,490.0,490.0,0,0,LIMT
2024-04-18,380.0,380.0,380.0,380.0,0,1,LIMT
2024-04-19,380.0,380.0,380.0,380.0,200,1,LIMT
2024-04-19,490.0,490.0,490.0,490.0,0,0,LIMT
2024-04-22,380.0,380.0,380.0,380.0,0,1,LIMT
2024-04-22,490.0,490.0,490.0,490.0,0,0,LIMT
2024-04-23,380.0,380.0,380.0,380.0,0,1,LIMT
2024-04-23,490.0,490.0,490.0,490.0,0,0,LIMT
2024-04-24,380.0,380.0,380.0,380.0,0,1,LIMT
2024-04-24,490.0,490.0,490.0,490.0,0,0,LIMT
2024-04-25,380.0,380.0,380.0,380.0,0,1,LIMT
2024-04-25,490.0,490.0,490.0,490.0,0,0,LIMT
2024-04-26,490.0,490.0,490.0,490.0,0,0,LIMT
2024-04-26,380.0,380.0,380.0,380.0,0,1,LIMT
2024-04-29,380.0,380.0,380.0,380.0,0,1,LIMT
2024-04-29,490.0,490.0,490.0,490.0,0,0,LIMT
2024-04-30,380.0,380.0,380.0,380.0,0,1,LIMT
2024-04-30,490.0,490.0,490.0,490.0,0,0,LIMT
2024-05-01,490.0,490.0,490.0,490.0,0,0,LIMT
2024-05-01,380.0,380.0,380.0,380.0,0,1,LIMT
2024-05-02,380.0,380.0,380.0,380.0,0,1,LIMT
2024-05-02,490.0,490.0,490.0,490.0,0,0,LIMT
2024-05-03,380.0,380.0,380.0,380.0,0,1,LIMT
2024-05-03,490.0,490.0,490.0,490.0,0,0,LIMT
2024-05-06,380.0,380.0,380.0,380.0,0,1,LIMT
2024-05-06,490.0,490.0,490.0,490.0,0,0,LIMT
2024-05-07,380.0,380.0,380.0,380.0,0,1,LIMT
2024-05-07,490.0,490.0,490.0,490.0,0,0,LIMT
2024-05-08,380.0,380.0,380.0,380.0,0,1,LIMT
2024-05-08,490.0,490.0,490.0,490.0,0,0,LIMT
2024-05-09,490.0,490.0,490.0,490.0,0,0,LIMT
2024-05-09,380.0,380.0,380.0,380.0,0,1,LIMT
2024-05-10,490.0,490.0,490.0,490.0,0,0,LIMT
2024-05-10,380.0,380.0,380.0,380.0,0,1,LIMT
2024-05-13,490.0,490.0,490.0,490.0,0,0,LIMT
2024-05-13,380.0,380.0,380.0,380.0,0,1,LIMT
2024-05-14,490.0,490.0,490.0,490.0,0,0,LIMT
2024-05-14,380.0,380.0,380.0,380.0,0,1,LIMT
2024-05-15,490.0,490.0,490.0,490.0,0,0,LIMT
2024-05-15,380.0,380.0,380.0,380.0,0,1,LIMT
2024-05-16,490.0,490.0,490.0,490.0,0,0,LIMT
2024-05-16,380.0,380.0,380.0,380.0,0,1,LIMT
2024-05-17,490.0,490.0,490.0,490.0,0,0,LIMT
2024-05-17,380.0,380.0,380.0,380.0,0,1,LIMT
2024-05-20,490.0,490.0,490.0,490.0,0,0,LIMT
2024-05-20,380.0,380.0,380.0,380.0,0,1,LIMT
2024-05-21,490.0,490.0,490.0,490.0,0,0,LIMT
2024-05-21,380.0,380.0,380.0,380.0,0,1,LIMT
2024-05-22,490.0,490.0,490.0,490.0,0,0,LIMT
2024-05-22,380.0,380.0,380.0,380.0,0,1,LIMT
2024-05-23,490.0,490.0,490.0,490.0,0,0,LIMT
2024-05-23,380.0,380.0,380.0,380.0,0,1,LIMT
2024-05-24,380.0,380.0,380.0,380.0,0,1,LIMT
2024-05-24,490.0,490.0,490.0,490.0,0,0,LIMT
2024-05-27,490.0,490.0,490.0,490.0,0,0,LIMT
2024-05-27,380.0,380.0,380.0,380.0,0,1,LIMT
2024-05-28,380.0,380.0,380.0,380.0,0,1,LIMT
2024-05-28,490.0,490.0,490.0,490.0,0,0,LIMT
2024-05-29,380.0,380.0,380.0,380.0,0,1,LIMT
2024-05-29,490.0,490.0,490.0,490.0,0,0,LIMT
2024-05-30,490.0,490.0,490.0,490.0,0,0,LIMT
2024-05-30,380.0,380.0,380.0,380.0,0,1,LIMT
2024-05-31,490.0,490.0,490.0,490.0,0,0,LIMT
2024-05-31,380.0,380.0,380.0,380.0,0,1,LIMT
2024-06-03,490.0,490.0,490.0,490.0,0,0,LIMT
2024-06-03,380.0,380.0,380.0,380.0,0,1,LIMT
2024-06-04,380.0,380.0,380.0,380.0,0,1,LIMT
2024-06-04,490.0,490.0,490.0,490.0,0,0,LIMT
2024-06-05,490.0,490.0,490.0,490.0,0,0,LIMT
2024-06-05,380.0,380.0,380.0,380.0,0,1,LIMT
2024-06-06,380.0,380.0,380.0,380.0,0,1,LIMT
2024-06-06,490.0,490.0,490.0,490.0,0,0,LIMT
2024-06-07,490.0,490.0,490.0,490.0,0,0,LIMT
2024-06-07,380.0,380.0,380.0,380.0,0,1,LIMT
2024-06-10,380.0,380.0,380.0,380.0,0,1,LIMT
2024-06-10,490.0,490.0,490.0,490.0,0,0,LIMT
2024-06-11,380.0,380.0,380.0,380.0,0,1,LIMT
2024-06-11,490.0,490.0,490.0,490.0,0,0,LIMT
2024-06-12,380.0,380.0,380.0,380.0,0,1,LIMT
2024-06-12,490.0,490.0,490.0,490.0,0,0,LIMT
2024-06-13,490.0,490.0,490.0,490.0,0,0,LIMT
2024-06-13,380.0,380.0,380.0,380.0,0,1,LIMT
2024-06-14,490.0,490.0,490.0,490.0,0,0,LIMT
2024-06-14,380.0,380.0,380.0,380.0,0,1,LIMT
2024-06-17,490.0,490.0,490.0,490.0,0,0,LIMT
2024-06-17,380.0,380.0,380.0,380.0,0,1,LIMT
2024-06-18,380.0,380.0,380.0,380.0,0,1,LIMT
2024-06-18,490.0,490.0,490.0,490.0,0,0,LIMT
2024-06-19,380.0,380.0,380.0,380.0,0,1,LIMT
2024-06-19,490.0,490.0,490.0,490.0,0,0,LIMT
2024-06-20,380.0,380.0,380.0,380.0,0,1,LIMT
2024-06-20,490.0,490.0,490.0,490.0,0,0,LIMT
2024-06-21,380.0,380.0,380.0,380.0,0,1,LIMT
2024-06-21,490.0,490.0,490.0,490.0,0,0,LIMT
2024-06-24,490.0,490.0,490.0,490.0,0,0,LIMT
2024-06-24,380.0,380.0,380.0,380.0,0,1,LIMT
2024-06-25,380.0,380.0,380.0,380.0,0,1,LIMT
2024-06-25,490.0,490.0,490.0,490.0,0,0,LIMT
2024-06-26,380.0,380.0,380.0,380.0,0,1,LIMT
2024-06-26,490.0,490.0,490.0,490.0,0,0,LIMT
2024-06-27,380.0,380.0,380.0,380.0,0,1,LIMT
2024-06-27,490.0,490.0,490.0,490.0,0,0,LIMT
2024-06-28,380.0,380.0,380.0,380.0,0,1,LIMT
2024-06-28,490.0,490.0,490.0,490.0,0,0,LIMT
2024-07-01,380.0,380.0,380.0,380.0,0,1,LIMT
2024-07-01,490.0,490.0,490.0,490.0,0,0,LIMT
2024-07-02,490.0,490.0,490.0,490.0,0,0,LIMT
2024-07-02,380.0,380.0,380.0,380.0,0,1,LIMT
2024-07-03,490.0,490.0,490.0,490.0,0,0,LIMT
2024-07-03,380.0,380.0,380.0,380.0,0,1,LIMT
2024-07-04,380.0,380.0,380.0,380.0,0,1,LIMT
2024-07-04,490.0,490.0,490.0,490.0,0,0,LIMT
2024-07-05,490.0,490.0,490.0,490.0,0,0,LIMT
2024-07-05,380.0,380.0,380.0,380.0,0,1,LIMT
2024-07-08,380.0,380.0,380.0,380.0,0,1,LIMT
2024-07-08,490.0,490.0,490.0,490.0,0,0,LIMT
2024-07-09,380.0,380.0,380.0,380.0,0,1,LIMT
2024-07-09,490.0,490.0,490.0,490.0,0,0,LIMT
2024-07-10,490.0,490.0,490.0,490.0,0,0,LIMT
2024-07-10,380.0,380.0,380.0,380.0,0,1,LIMT
2024-07-11,380.0,380.0,380.0,380.0,0,1,LIMT
2024-07-11,490.0,490.0,490.0,490.0,0,0,LIMT
2024-07-12,490.0,490.0,490.0,490.0,0,0,LIMT
2024-07-12,380.0,380.0,380.0,380.0,0,1,LIMT
2024-07-15,490.0,490.0,490.0,490.0,0,0,LIMT
2024-07-15,380.0,380.0,380.0,380.0,0,1,LIMT
2024-07-16,380.0,380.0,380.0,380.0,0,1,LIMT
2024-07-16,490.0,490.0,490.0,490.0,0,0,LIMT
2024-07-17,380.0,380.0,380.0,380.0,0,1,LIMT
2024-07-17,490.0,490.0,490.0,490.0,0,0,LIMT
2024-07-18,380.0,380.0,380.0,380.0,0,1,LIMT
2024-07-18,490.0,490.0,490.0,490.0,0,0,LIMT
2024-07-19,380.0,380.0,380.0,380.0,0,1,LIMT
2024-07-19,490.0,490.0,490.0,490.0,0,0,LIMT
2024-07-22,380.0,380.0,380.0,380.0,0,1,LIMT
2024-07-22,490.0,490.0,490.0,490.0,0,0,LIMT
2024-07-23,490.0,490.0,490.0,490.0,0,0,LIMT
2024-07-23,380.0,380.0,380.0,380.0,0,1,LIMT
2024-07-24,490.0,490.0,490.0,490.0,0,0,LIMT
2024-07-24,380.0,380.0,379.0,379.75,300,1,LIMT
2024-07-25,379.75,379.75,379.75,379.75,0,1,LIMT
2024-07-25,490.0,490.0,490.0,490.0,0,0,LIMT
2024-07-26,490.0,490.0,490.0,490.0,0,0,LIMT
2024-07-26,379.75,379.75,379.75,379.75,0,1,LIMT
2024-07-29,490.0,490.0,490.0,490.0,0,0,LIMT
2024-07-29,379.75,379.75,379.75,379.75,0,1,LIMT
2024-07-30,490.0,490.0,490.0,490.0,0,0,LIMT
2024-07-30,379.75,379.75,379.75,379.75,0,1,LIMT
2024-07-31,490.0,490.0,490.0,490.0,0,0,LIMT
2024-07-31,379.75,379.75,379.75,379.75,0,1,LIMT
2024-08-01,490.0,490.0,490.0,490.0,0,0,LIMT
2024-08-01,379.75,379.75,379.75,379.75,0,1,LIMT
2024-08-02,490.0,490.0,490.0,490.0,0,0,LIMT
2024-08-02,379.75,365.0,365.0,365.0,100,1,LIMT
2024-08-05,490.0,490.0,490.0,490.0,0,0,LIMT
2024-08-05,365.0,365.0,365.0,365.0,0,1,LIMT
2024-08-06,490.0,490.0,490.0,490.0,0,0,LIMT
2024-08-06,365.0,365.0,365.0,365.0,0,1,LIMT
2024-08-07,490.0,490.0,490.0,490.0,0,0,LIMT
2024-08-07,365.0,365.0,365.0,365.0,0,1,LIMT
2024-08-08,365.0,365.0,365.0,365.0,0,1,LIMT
2024-08-08,490.0,490.0,490.0,490.0,0,0,LIMT
2024-08-09,490.0,490.0,490.0,490.0,0,0,LIMT
2024-08-09,365.0,365.0,365.0,365.0,0,1,LIMT
2024-08-12,365.0,365.0,365.0,365.0,0,1,LIMT
2024-08-12,490.0,490.0,490.0,490.0,0,0,LIMT
2024-08-13,490.0,490.0,490.0,490.0,0,0,LIMT
2024-08-13,365.0,365.0,365.0,365.0,0,1,LIMT
2024-08-14,365.0,365.0,365.0,365.0,0,1,LIMT
2024-08-14,490.0,490.0,490.0,490.0,0,0,LIMT
2024-08-15,365.0,365.0,365.0,365.0,0,1,LIMT
2024-08-15,490.0,490.0,490.0,490.0,0,0,LIMT
2024-08-16,365.0,365.0,365.0,365.0,0,1,LIMT
2024-08-16,490.0,490.0,490.0,490.0,0,0,LIMT
2024-08-19,490.0,490.0,490.0,490.0,0,0,LIMT
2024-08-19,365.0,365.0,365.0,365.0,0,1,LIMT
2024-08-20,490.0,490.0,490.0,490.0,0,0,LIMT
2024-08-20,365.0,365.0,365.0,365.0,0,1,LIMT
2024-08-21,490.0,490.0,490.0,490.0,0,0,LIMT
2024-08-21,365.0,365.0,365.0,365.0,0,1,LIMT
2024-08-22,490.0,490.0,490.0,490.0,0,0,LIMT
2024-08-22,365.0,365.0,365.0,365.0,0,1,LIMT
2024-08-23,490.0,490.0,490.0,490.0,0,0,LIMT
2024-08-23,365.0,365.0,365.0,365.0,0,1,LIMT
2024-08-26,490.0,490.0,490.0,490.0,0,0,LIMT
2024-08-26,365.0,365.0,365.0,365.0,0,1,LIMT
2024-08-27,490.0,490.0,490.0,490.0,0,0,LIMT
2024-08-27,365.0,365.0,365.0,365.0,0,1,LIMT
2024-08-28,490.0,490.0,490.0,490.0,0,0,LIMT
2024-08-28,365.0,365.0,365.0,365.0,0,1,LIMT
2024-08-29,490.0,490.0,490.0,490.0,0,0,LIMT
2024-08-29,365.0,365.0,365.0,365.0,0,1,LIMT
2024-08-30,490.0,490.0,490.0,490.0,0,0,LIMT
2024-08-30,365.0,365.0,365.0,365.0,0,1,LIMT
2024-09-02,365.0,365.0,365.0,365.0,0,1,LIMT
2024-09-02,490.0,490.0,490.0,490.0,0,0,LIMT
2024-09-03,490.0,490.0,490.0,490.0,0,0,LIMT
2024-09-03,365.0,365.0,365.0,365.0,0,1,LIMT
2024-09-04,490.0,490.0,490.0,490.0,0,0,LIMT
2024-09-04,365.0,365.0,365.0,365.0,0,1,LIMT
2024-09-05,490.0,490.0,490.0,490.0,0,0,LIMT
2024-09-05,365.0,365.0,365.0,365.0,0,1,LIMT
2024-09-06,490.0,490.0,490.0,490.0,0,0,LIMT
2024-09-06,365.0,365.0,365.0,365.0,0,1,LIMT
2024-09-09,490.0,490.0,490.0,490.0,0,0,LIMT
2024-09-09,365.0,365.0,365.0,365.0,0,1,LIMT
2024-09-10,490.0,490.0,490.0,490.0,0,0,LIMT
2024-09-10,365.0,365.0,365.0,365.0,0,1,LIMT
2024-09-11,490.0,490.0,490.0,490.0,0,0,LIMT
2024-09-11,365.0,365.0,365.0,365.0,0,1,LIMT
2024-09-12,365.0,365.0,365.0,365.0,0,1,LIMT
2024-09-12,490.0,490.0,490.0,490.0,0,0,LIMT
2024-09-13,365.0,365.0,365.0,365.0,0,1,LIMT
2024-09-13,490.0,490.0,490.0,490.0,0,0,LIMT
2024-09-16,490.0,490.0,490.0,490.0,0,0,LIMT
2024-09-16,365.0,365.0,365.0,365.0,0,1,LIMT
2024-09-17,490.0,490.0,490.0,490.0,0,0,LIMT
2024-09-17,365.0,365.0,365.0,365.0,0,1,LIMT
2024-09-18,490.0,490.0,490.0,490.0,0,0,LIMT
2024-09-18,365.0,365.0,365.0,365.0,0,1,LIMT
2024-09-19,490.0,490.0,490.0,490.0,0,0,LIMT
2024-09-19,365.0,365.0,365.0,365.0,0,1,LIMT
2024-09-20,490.0,490.0,490.0,490.0,0,0,LIMT
2024-09-20,365.0,365.0,365.0,365.0,0,1,LIMT
2024-09-23,490.0,490.0,490.0,490.0,0,0,LIMT
2024-09-23,365.0,365.0,365.0,365.0,0,1,LIMT
2024-09-24,490.0,490.0,490.0,490.0,0,0,LIMT
2024-09-24,365.0,365.0,365.0,365.0,0,1,LIMT
2024-09-25,490.0,490.0,490.0,490.0,0,0,LIMT
2024-09-25,365.0,365.0,365.0,365.0,0,1,LIMT
2024-09-26,490.0,490.0,490.0,490.0,0,0,LIMT
2024-09-26,365.0,365.0,365.0,365.0,0,1,LIMT
2024-09-27,365.0,365.0,365.0,365.0,0,1,LIMT
2024-09-27,490.0,490.0,490.0,490.0,0,0,LIMT
2024-09-30,365.0,365.0,365.0,365.0,0,1,LIMT
2024-09-30,490.0,490.0,490.0,490.0,0,0,LIMT
2024-10-01,365.0,365.0,365.0,365.0,0,1,LIMT
2024-10-01,490.0,490.0,490.0,490.0,0,0,LIMT
2024-10-02,365.0,365.0,365.0,365.0,0,1,LIMT
2024-10-02,490.0,490.0,490.0,490.0,0,0,LIMT
2024-10-03,365.0,365.0,365.0,365.0,0,1,LIMT
2024-10-03,490.0,490.0,490.0,490.0,0,0,LIMT
2024-10-04,365.0,365.0,365.0,365.0,0,1,LIMT
2024-10-04,490.0,490.0,490.0,490.0,0,0,LIMT
2024-10-07,490.0,490.0,490.0,490.0,0,0,LIMT
2024-10-07,365.0,365.0,365.0,365.0,0,1,LIMT
2024-10-08,490.0,490.0,490.0,490.0,0,0,LIMT
2024-10-08,365.0,365.0,365.0,365.0,0,1,LIMT
2024-10-09,365.0,365.0,365.0,365.0,0,1,LIMT
2024-10-09,490.0,490.0,490.0,490.0,0,0,LIMT
2024-10-10,365.0,365.0,365.0,365.0,0,1,LIMT
2024-10-10,490.0,490.0,490.0,490.0,0,0,LIMT
2024-10-11,490.0,490.0,490.0,490.0,0,0,LIMT
2024-10-11,365.0,365.0,365.0,365.0,0,1,LIMT
2024-10-14,490.0,490.0,490.0,490.0,0,0,LIMT
2024-10-14,365.0,365.0,365.0,365.0,0,1,LIMT
2024-10-15,490.0,490.0,490.0,490.0,0,0,LIMT
2024-10-15,365.0,365.0,365.0,365.0,0,1,LIMT
2024-10-16,490.0,490.0,490.0,490.0,0,0,LIMT
2024-10-16,365.0,365.0,365.0,365.0,0,1,LIMT
2024-10-17,490.0,490.0,490.0,490.0,0,0,LIMT
2024-10-17,365.0,365.0,365.0,365.0,0,1,LIMT
2024-10-18,365.0,365.0,365.0,365.0,0,1,LIMT
2024-10-18,490.0,490.0,490.0,490.0,0,0,LIMT
2024-10-21,490.0,490.0,490.0,490.0,0,0,LIMT
2024-10-21,365.0,365.0,365.0,365.0,0,1,LIMT
2024-10-22,365.0,365.0,365.0,365.0,0,1,LIMT
2024-10-22,490.0,490.0,490.0,490.0,0,0,LIMT
2024-10-23,365.0,365.0,365.0,365.0,0,1,LIMT
2024-10-23,490.0,490.0,490.0,490.0,0,0,LIMT
2024-10-24,365.0,365.0,365.0,365.0,0,1,LIMT
2024-10-24,490.0,490.0,490.0,490.0,0,0,LIMT
2024-10-25,365.0,365.0,365.0,365.0,0,1,LIMT
2024-10-25,490.0,490.0,490.0,490.0,0,0,LIMT
2024-10-28,490.0,490.0,490.0,490.0,0,0,LIMT
2024-10-28,365.0,365.0,365.0,365.0,0,1,LIMT
2024-10-29,365.0,365.0,365.0,365.0,0,1,LIMT
2024-10-29,490.0,490.0,490.0,490.0,0,0,LIMT
2024-10-30,490.0,490.0,490.0,490.0,0,0,LIMT
2024-10-30,365.0,365.0,365.0,365.0,0,1,LIMT
2024-10-31,365.0,365.0,365.0,365.0,0,1,LIMT
2024-10-31,490.0,490.0,490.0,490.0,0,0,LIMT
2024-11-01,365.0,365.0,365.0,365.0,0,1,LIMT
2024-11-01,490.0,490.0,490.0,490.0,0,0,LIMT
2024-11-04,490.0,490.0,490.0,490.0,0,0,LIMT
2024-11-04,365.0,365.0,365.0,365.0,0,1,LIMT
2024-11-05,490.0,490.0,490.0,490.0,0,0,LIMT
2024-11-05,365.0,365.0,365.0,365.0,0,1,LIMT
2024-11-06,490.0,490.0,490.0,490.0,0,0,LIMT
2024-11-06,365.0,365.0,365.0,365.0,0,1,LIMT
2024-11-07,490.0,490.0,490.0,490.0,0,0,LIMT
2024-11-07,365.0,365.0,365.0,365.0,0,1,LIMT
2024-11-08,365.0,365.0,365.0,365.0,0,1,LIMT
2024-11-08,490.0,490.0,490.0,490.0,0,0,LIMT
2024-11-11,365.0,365.0,365.0,365.0,0,1,LIMT
2024-11-11,490.0,490.0,490.0,490.0,0,0,LIMT
2024-11-12,365.0,365.0,365.0,365.0,0,1,LIMT
2024-11-12,490.0,490.0,490.0,490.0,0,0,LIMT
2024-11-13,365.0,365.0,365.0,365.0,0,1,LIMT
2024-11-13,490.0,490.0,490.0,490.0,0,0,LIMT
2024-11-14,490.0,490.0,490.0,490.0,0,0,LIMT
2024-11-14,365.0,365.0,365.0,365.0,0,1,LIMT
2024-11-15,365.0,365.0,365.0,365.0,0,1,LIMT
2024-11-15,490.0,490.0,490.0,490.0,0,0,LIMT
2024-11-18,490.0,490.0,490.0,490.0,0,0,LIMT
2024-11-18,365.0,365.0,365.0,365.0,0,1,LIMT
2024-11-19,365.0,365.0,365.0,365.0,0,1,LIMT
2024-11-19,490.0,490.0,490.0,490.0,0,0,LIMT
2024-11-20,365.0,365.0,365.0,365.0,0,1,LIMT
2024-11-20,490.0,490.0,490.0,490.0,0,0,LIMT
2024-11-21,490.0,490.0,490.0,490.0,0,0,LIMT
2024-11-21,365.0,365.0,365.0,365.0,0,1,LIMT
2024-11-22,365.0,365.0,365.0,365.0,0,1,LIMT
2024-11-22,490.0,490.0,490.0,490.0,0,0,LIMT
2024-11-25,365.0,365.0,365.0,365.0,0,1,LIMT
2024-11-25,490.0,490.0,490.0,490.0,0,0,LIMT
2024-11-26,490.0,490.0,490.0,490.0,0,0,LIMT
2024-11-26,365.0,365.0,365.0,365.0,0,1,LIMT
2024-11-27,365.0,365.0,365.0,365.0,0,1,LIMT
2024-11-27,490.0,490.0,490.0,490.0,0,0,LIMT
2024-11-28,490.0,490.0,490.0,490.0,0,0,LIMT
2024-11-28,365.0,365.0,365.0,365.0,0,1,LIMT
2024-11-29,490.0,490.0,490.0,490.0,0,0,LIMT
2024-11-29,365.0,365.0,365.0,365.0,0,1,LIMT
2024-12-02,490.0,490.0,490.0,490.0,0,0,LIMT
2024-12-02,365.0,365.0,365.0,365.0,0,1,LIMT
2024-12-03,365.0,350.0,350.0,350.0,100,1,LIMT
2024-12-03,490.0,490.0,490.0,490.0,0,0,LIMT
2024-12-04,490.0,490.0,490.0,490.0,0,0,LIMT
2024-12-04,350.0,350.0,350.0,350.0,0,1,LIMT
2024-12-05,490.0,490.0,490.0,490.0,0,0,LIMT
2024-12-05,350.0,350.0,350.0,350.0,0,1,LIMT
2024-12-06,350.0,350.0,350.0,350.0,0,1,LIMT
2024-12-06,490.0,490.0,490.0,490.0,0,0,LIMT
2024-12-09,350.0,350.0,350.0,350.0,0,1,LIMT
2024-12-09,490.0,490.0,490.0,490.0,0,0,LIMT
2024-12-10,490.0,490.0,490.0,490.0,0,0,LIMT
2024-12-10,350.0,350.0,350.0,350.0,0,1,LIMT
2024-12-11,350.0,350.0,350.0,350.0,0,1,LIMT
2024-12-11,490.0,490.0,490.0,490.0,0,0,LIMT
2024-12-12,350.0,350.0,350.0,350.0,0,1,LIMT
2024-12-12,490.0,490.0,490.0,490.0,0,0,LIMT
2024-12-13,490.0,490.0,490.0,490.0,0,0,LIMT
2024-12-13,350.0,350.0,350.0,350.0,0,1,LIMT
2024-12-16,490.0,490.0,490.0,490.0,0,0,LIMT
2024-12-16,350.0,350.0,350.0,350.0,0,1,LIMT
2024-12-17,350.0,350.0,350.0,350.0,0,1,LIMT
2024-12-17,490.0,490.0,490.0,490.0,0,0,LIMT
2024-12-18,490.0,490.0,490.0,490.0,0,0,LIMT
2024-12-18,350.0,350.0,350.0,350.0,0,1,LIMT
2024-12-19,490.0,490.0,490.0,490.0,0,0,LIMT
2024-12-19,350.0,350.0,350.0,350.0,0,1,LIMT
2024-12-20,350.0,350.0,350.0,350.0,0,1,LIMT
2024-12-20,490.0,490.0,490.0,490.0,0,0,LIMT
2024-12-23,490.0,490.0,490.0,490.0,0,0,LIMT
2024-12-23,350.0,350.0,350.0,350.0,0,1,LIMT
2024-12-24,490.0,490.0,490.0,490.0,0,0,LIMT
2024-12-24,350.0,350.0,350.0,350.0,0,1,LIMT
2024-12-25,490.0,490.0,490.0,490.0,0,0,LIMT
2024-12-25,350.0,350.0,350.0,350.0,0,1,LIMT
2024-12-26,490.0,490.0,490.0,490.0,0,0,LIMT
2024-12-26,350.0,350.0,350.0,350.0,0,1,LIMT
2024-12-27,490.0,490.0,490.0,490.0,0,0,LIMT
2024-12-27,350.0,350.0,350.0,350.0,0,1,LIMT
2024-12-30,350.0,350.0,350.0,350.0,0,1,LIMT
2024-12-30,490.0,490.0,490.0,490.0,0,0,LIMT
2024-12-31,350.0,350.0,350.0,350.0,0,1,LIMT
2024-12-31,490.0,490.0,490.0,490.0,0,0,LIMT
2025-01-01,350.0,350.0,350.0,350.0,0,1,LIMT
2025-01-01,490.0,490.0,490.0,490.0,0,0,LIMT
2025-01-02,350.0,350.0,350.0,350.0,0,1,LIMT
2025-01-02,490.0,490.0,490.0,490.0,0,0,LIMT
2025-01-03,490.0,490.0,490.0,490.0,0,0,LIMT
2025-01-03,350.0,350.0,350.0,350.0,0,1,LIMT
2025-01-06,490.0,490.0,490.0,490.0,0,0,LIMT
2025-01-06,350.0,350.0,350.0,350.0,0,1,LIMT
2025-01-07,350.0,350.0,350.0,350.0,0,1,LIMT
2025-01-07,490.0,490.0,490.0,490.0,0,0,LIMT
2025-01-08,350.0,350.0,350.0,350.0,0,1,LIMT
2025-01-08,490.0,490.0,490.0,490.0,0,0,LIMT
2025-01-09,490.0,490.0,490.0,490.0,0,0,LIMT
2025-01-09,350.0,350.0,350.0,350.0,0,1,LIMT
2025-01-10,350.0,350.0,350.0,350.0,0,1,LIMT
2025-01-10,490.0,490.0,490.0,490.0,0,0,LIMT
2025-01-13,490.0,490.0,490.0,490.0,0,0,LIMT
2025-01-13,350.0,350.0,350.0,350.0,0,1,LIMT
2025-01-14,490.0,490.0,490.0,490.0,0,0,LIMT
2025-01-14,350.0,332.0,332.0,332.0,2800,1,LIMT
2025-01-15,332.0,332.0,332.0,332.0,300,0,LIMT
2025-01-16,332.0,332.0,332.0,332.0,0,1,LIMT
2025-01-16,332.0,332.0,332.0,332.0,0,0,LIMT
2025-01-17,332.0,332.0,332.0,332.0,0,0,LIMT
2025-01-17,332.0,314.0,314.0,314.0,1700,1,LIMT
2025-01-20,314.0,314.0,314.0,314.0,0,1,LIMT
2025-01-20,332.0,332.0,332.0,332.0,0,0,LIMT
2025-01-21,332.0,332.0,332.0,332.0,0,0,LIMT
2025-01-21,314.0,314.0,314.0,314.0,0,1,LIMT
2025-01-22,332.0,332.0,332.0,332.0,0,0,LIMT
2025-01-22,314.0,314.0,314.0,314.0,0,1,LIMT
2025-01-23,332.0,332.0,332.0,332.0,0,0,LIMT
2025-01-23,314.0,314.0,314.0,314.0,0,1,LIMT
2025-01-24,332.0,332.0,332.0,332.0,0,0,LIMT
2025-01-24,314.0,314.0,314.0,314.0,0,1,LIMT
2025-01-27,314.0,314.0,314.0,314.0,0,1,LIMT
2025-01-27,332.0,332.0,332.0,332.0,0,0,LIMT
2025-01-28,332.0,332.0,332.0,332.0,0,0,LIMT
2025-01-28,314.0,314.0,314.0,314.0,0,1,LIMT
2025-01-29,314.0,314.0,314.0,314.0,0,1,LIMT
2025-01-29,332.0,332.0,332.0,332.0,0,0,LIMT
2025-01-30,332.0,332.0,332.0,332.0,0,0,LIMT
2025-01-30,314.0,330.0,330.0,330.0,100,1,LIMT
2025-01-31,330.0,330.0,330.0,330.0,0,1,LIMT
2025-01-31,332.0,332.0,332.0,332.0,0,0,LIMT
2025-02-03,332.0,332.0,332.0,332.0,0,0,LIMT
2025-02-03,330.0,330.0,330.0,330.0,0,1,LIMT
2025-02-04,330.0,330.0,330.0,330.0,0,1,LIMT
2025-02-04,332.0,332.0,332.0,332.0,0,0,LIMT
2025-02-05,330.0,330.0,330.0,330.0,0,1,LIMT
2025-02-05,332.0,332.0,332.0,332.0,0,0,LIMT
2025-02-06,332.0,332.0,332.0,332.0,0,0,LIMT
2025-02-06,330.0,330.0,330.0,330.0,0,1,LIMT
2025-02-07,330.0,301.0,301.0,301.0,200,1,LIMT
2025-02-07,332.0,332.0,332.0,332.0,0,0,LIMT
2025-02-10,301.0,301.0,301.0,301.0,600,0,LIMT
2025-02-11,301.0,301.0,301.0,301.0,0,1,LIMT
2025-02-11,301.0,301.0,301.0,301.0,0,0,LIMT
2025-02-12,301.0,299.0,299.0,299.0,100,1,LIMT
2025-02-12,301.0,301.0,301.0,301.0,0,0,LIMT
2025-02-13,299.0,299.0,299.0,299.0,0,1,LIMT
2025-02-13,301.0,301.0,301.0,301.0,0,0,LIMT
2025-02-14,301.0,301.0,301.0,301.0,0,0,LIMT
2025-02-14,299.0,299.0,299.0,299.0,0,1,LIMT
2025-02-17,301.0,301.0,301.0,301.0,0,0,LIMT
2025-02-17,299.0,299.0,299.0,299.0,0,1,LIMT
2025-02-18,299.0,299.0,299.0,299.0,0,1,LIMT
2025-02-18,301.0,301.0,301.0,301.0,0,0,LIMT
2025-02-19,299.0,320.0,299.0,309.5,1000,1,LIMT
2025-02-19,301.0,301.0,301.0,301.0,0,0,LIMT
2025-02-20,301.0,301.0,301.0,301.0,0,0,LIMT
2025-02-20,309.5,309.5,309.5,309.5,0,1,LIMT
2025-02-21,301.0,301.0,301.0,301.0,0,0,LIMT
2025-02-21,309.5,309.5,309.5,309.5,0,1,LIMT
2025-02-24,301.0,301.0,301.0,301.0,0,0,LIMT
2025-02-24,309.5,309.5,309.5,309.5,0,1,LIMT
2025-02-25,301.0,301.0,301.0,301.0,0,0,LIMT
2025-02-25,309.5,309.5,309.5,309.5,0,1,LIMT
2025-02-26,301.0,301.0,301.0,301.0,0,0,LIMT
2025-02-26,309.5,309.5,309.5,309.5,0,1,LIMT
2025-02-27,309.5,309.5,309.5,309.5,0,1,LIMT
2025-02-27,301.0,301.0,301.0,301.0,0,0,LIMT
2025-02-28,309.5,300.0,300.0,300.0,100,1,LIMT
2025-02-28,301.0,301.0,301.0,301.0,0,0,LIMT
2025-03-03,300.0,300.0,300.0,300.0,0,1,LIMT
2025-03-03,301.0,301.0,301.0,301.0,0,0,LIMT
2025-03-04,300.0,300.0,300.0,300.0,0,1,LIMT
2025-03-04,301.0,301.0,301.0,301.0,0,0,LIMT
2025-03-05,300.0,300.0,300.0,300.0,0,1,LIMT
2025-03-05,301.0,301.0,301.0,301.0,0,0,LIMT
2025-03-06,301.0,301.0,301.0,301.0,0,0,LIMT
2025-03-06,300.0,300.0,300.0,300.0,0,1,LIMT
2025-03-07,300.0,300.0,300.0,300.0,0,1,LIMT
2025-03-07,301.0,301.0,301.0,301.0,0,0,LIMT
2025-03-10,300.0,300.0,300.0,300.0,0,1,LIMT
2025-03-10,301.0,301.0,301.0,301.0,0,0,LIMT
2025-03-11,300.0,320.0,320.0,320.0,100,1,LIMT
2025-03-11,301.0,301.0,301.0,301.0,0,0,LIMT
2025-03-12,320.0,320.0,320.0,320.0,0,1,LIMT
2025-03-12,301.0,301.0,301.0,301.0,0,0,LIMT
2025-03-13,301.0,301.0,301.0,301.0,0,0,LIMT
2025-03-13,320.0,320.0,320.0,320.0,0,1,LIMT
2025-03-14,320.0,320.0,320.0,320.0,0,1,LIMT
2025-03-14,301.0,301.0,301.0,301.0,0,0,LIMT
2025-03-17,320.0,320.0,320.0,320.0,0,1,LIMT
2025-03-17,301.0,301.0,301.0,301.0,0,0,LIMT
2025-03-18,301.0,301.0,301.0,301.0,0,0,LIMT
2025-03-18,320.0,320.0,320.0,320.0,0,1,LIMT
2025-03-19,320.0,320.0,320.0,320.0,0,1,LIMT
2025-03-19,301.0,301.0,301.0,301.0,0,0,LIMT
2025-03-20,320.0,320.0,320.0,320.0,0,1,LIMT
2025-03-20,301.0,301.0,301.0,301.0,0,0,LIMT
2025-03-21,301.0,301.0,301.0,301.0,0,0,LIMT
2025-03-21,320.0,320.0,320.0,320.0,0,1,LIMT
2025-03-24,301.0,301.0,301.0,301.0,0,0,LIMT
2025-03-24,320.0,320.0,320.0,320.0,0,1,LIMT
2025-03-25,301.0,301.0,301.0,301.0,0,0,LIMT
2025-03-25,320.0,320.0,320.0,320.0,0,1,LIMT
2025-03-26,320.0,320.0,320.0,320.0,0,1,LIMT
2025-03-26,301.0,301.0,301.0,301.0,0,0,LIMT
2025-03-27,320.0,320.0,320.0,320.0,0,1,LIMT
2025-03-27,301.0,301.0,301.0,301.0,0,0,LIMT
2025-03-28,301.0,301.0,301.0,301.0,0,0,LIMT
2025-03-28,320.0,320.0,320.0,320.0,0,1,LIMT
2025-03-31,301.0,301.0,301.0,301.0,0,0,LIMT
2025-03-31,320.0,320.0,320.0,320.0,0,1,LIMT
2025-04-01,301.0,301.0,301.0,301.0,0,0,LIMT
2025-04-01,320.0,320.0,320.0,320.0,0,1,LIMT
2025-04-02,320.0,320.0,300.0,300.0,1200,0,LIMT
2025-04-03,300.0,300.0,300.0,300.0,0,0,LIMT
2025-04-04,300.0,310.0,310.0,310.0,100,1,LIMT
2025-04-04,300.0,300.0,300.0,300.0,0,0,LIMT
2025-04-07,310.0,310.0,310.0,310.0,0,0,LIMT
2025-04-08,310.0,310.0,310.0,310.0,0,1,LIMT
2025-04-08,310.0,310.0,310.0,310.0,0,0,LIMT
2025-04-09,310.0,320.0,320.0,320.0,100,1,LIMT
2025-04-09,310.0,310.0,310.0,310.0,0,0,LIMT
2025-04-10,320.0,320.0,320.0,320.0,0,1,LIMT
2025-04-10,310.0,310.0,310.0,310.0,0,0,LIMT
2025-04-11,320.0,320.0,320.0,320.0,0,1,LIMT
2025-04-11,310.0,310.0,310.0,310.0,0,0,LIMT
2025-04-14,310.0,310.0,310.0,310.0,0,0,LIMT
2025-04-14,320.0,320.0,320.0,320.0,0,1,LIMT
2025-04-15,320.0,320.0,320.0,320.0,0,1,LIMT
2025-04-15,310.0,310.0,310.0,310.0,0,0,LIMT
2025-04-16,320.0,320.0,320.0,320.0,0,1,LIMT
2025-04-16,310.0,310.0,310.0,310.0,0,0,LIMT
2025-04-17,320.0,320.0,320.0,320.0,0,1,LIMT
2025-04-17,310.0,310.0,310.0,310.0,0,0,LIMT
2025-04-18,310.0,310.0,310.0,310.0,0,0,LIMT
2025-04-18,320.0,320.0,320.0,320.0,0,1,LIMT
2025-04-21,310.0,310.0,310.0,310.0,0,0,LIMT
2025-04-21,320.0,320.0,320.0,320.0,0,1,LIMT
2025-04-22,310.0,310.0,310.0,310.0,0,0,LIMT
2025-04-22,320.0,320.0,320.0,320.0,0,1,LIMT
2025-04-23,320.0,320.0,320.0,320.0,0,1,LIMT
2025-04-23,310.0,310.0,310.0,310.0,0,0,LIMT
2025-04-24,320.0,320.0,320.0,320.0,0,1,LIMT
2025-04-24,310.0,310.0,310.0,310.0,0,0,LIMT
2025-04-25,310.0,310.0,310.0,310.0,0,0,LIMT
2025-04-25,320.0,320.0,320.0,320.0,0,1,LIMT
2025-04-28,310.0,310.0,310.0,310.0,0,0,LIMT
2025-04-28,320.0,320.0,320.0,320.0,0,1,LIMT
2025-04-29,320.0,320.0,320.0,320.0,0,1,LIMT
2025-04-29,310.0,310.0,310.0,310.0,0,0,LIMT
2025-04-30,310.0,310.0,310.0,310.0,0,0,LIMT
2025-04-30,320.0,320.0,320.0,320.0,0,1,LIMT
2025-05-01,310.0,310.0,310.0,310.0,0,0,LIMT
2025-05-01,320.0,320.0,320.0,320.0,0,1,LIMT
2025-05-02,310.0,310.0,310.0,310.0,0,0,LIMT
2025-05-02,320.0,320.0,320.0,320.0,0,1,LIMT
2025-05-05,320.0,320.0,320.0,320.0,0,1,LIMT
2025-05-05,310.0,310.0,310.0,310.0,0,0,LIMT
2025-05-06,310.0,310.0,310.0,310.0,0,0,LIMT
2025-05-06,320.0,320.0,320.0,320.0,0,1,LIMT
2025-05-07,310.0,310.0,310.0,310.0,0,0,LIMT
2025-05-07,320.0,320.0,320.0,320.0,0,1,LIMT
2025-05-08,310.0,310.0,310.0,310.0,0,0,LIMT
2025-05-08,320.0,320.0,320.0,320.0,0,1,LIMT
2025-05-09,320.0,320.0,320.0,320.0,0,1,LIMT
2025-05-09,310.0,310.0,310.0,310.0,0,0,LIMT
2025-05-12,320.0,320.0,320.0,320.0,0,1,LIMT
2025-05-12,310.0,310.0,310.0,310.0,0,0,LIMT
2025-05-13,320.0,320.0,320.0,320.0,0,1,LIMT
2025-05-13,310.0,310.0,310.0,310.0,0,0,LIMT
2025-05-14,320.0,320.0,320.0,320.0,0,1,LIMT
2025-05-14,310.0,310.0,310.0,310.0,0,0,LIMT
2025-05-15,320.0,320.0,320.0,320.0,0,1,LIMT
2025-05-15,310.0,310.0,310.0,310.0,0,0,LIMT
2025-05-16,310.0,310.0,310.0,310.0,0,0,LIMT
2025-05-16,320.0,320.0,320.0,320.0,0,1,LIMT
2025-05-19,310.0,310.0,310.0,310.0,0,0,LIMT
2025-05-19,320.0,320.0,320.0,320.0,0,1,LIMT
2025-05-20,320.0,320.0,320.0,320.0,0,1,LIMT
2025-05-20,310.0,310.0,310.0,310.0,0,0,LIMT
2025-05-21,320.0,320.0,320.0,320.0,0,1,LIMT
2025-05-21,310.0,310.0,310.0,310.0,0,0,LIMT
2025-05-22,320.0,320.0,320.0,320.0,0,1,LIMT
2025-05-22,310.0,310.0,310.0,310.0,0,0,LIMT
2025-05-23,320.0,320.0,320.0,320.0,0,1,LIMT
2025-05-23,310.0,310.0,310.0,310.0,0,0,LIMT
2025-05-26,320.0,320.0,320.0,320.0,0,1,LIMT
2025-05-26,310.0,310.0,310.0,310.0,0,0,LIMT
2025-05-27,310.0,310.0,310.0,310.0,0,0,LIMT
2025-05-27,320.0,320.0,320.0,320.0,0,1,LIMT
2025-05-28,310.0,310.0,310.0,310.0,0,0,LIMT
2025-05-28,320.0,320.0,320.0,320.0,0,1,LIMT
2025-05-29,310.0,310.0,310.0,310.0,0,0,LIMT
2025-05-29,320.0,320.0,320.0,320.0,0,1,LIMT
2025-05-30,320.0,320.0,320.0,320.0,100,1,LIMT
2025-05-30,310.0,310.0,310.0,310.0,0,0,LIMT
2025-06-02,310.0,310.0,310.0,310.0,0,0,LIMT
2025-06-02,320.0,320.0,320.0,320.0,100,1,LIMT
2025-06-03,320.0,320.0,320.0,320.0,0,1,LIMT
2025-06-03,310.0,310.0,310.0,310.0,0,0,LIMT
2025-06-04,320.0,320.0,320.0,320.0,0,1,LIMT
2025-06-04,310.0,310.0,310.0,310.0,0,0,LIMT
2025-06-05,320.0,320.0,320.0,320.0,0,1,LIMT
2025-06-05,310.0,310.0,310.0,310.0,0,0,LIMT
2025-06-06,320.0,320.0,320.0,320.0,0,1,LIMT
2025-06-06,310.0,310.0,310.0,310.0,0,0,LIMT
2025-06-09,320.0,320.0,320.0,320.0,0,1,LIMT
2025-06-09,310.0,310.0,310.0,310.0,0,0,LIMT
2025-06-10,320.0,320.0,320.0,320.0,0,1,LIMT
2025-06-10,310.0,310.0,310.0,310.0,0,0,LIMT
2025-06-11,320.0,320.0,320.0,320.0,0,1,LIMT
2025-06-11,310.0,310.0,310.0,310.0,0,0,LIMT
2025-06-12,320.0,320.0,320.0,320.0,0,1,LIMT
2025-06-12,310.0,310.0,310.0,310.0,0,0,LIMT
2025-06-13,320.0,320.0,320.0,320.0,0,1,LIMT
2025-06-13,310.0,310.0,310.0,310.0,0,0,LIMT
2025-06-16,310.0,310.0,310.0,310.0,0,0,LIMT
2025-06-16,320.0,320.0,320.0,320.0,0,1,LIMT
2025-06-17,320.0,320.0,320.0,320.0,0,1,LIMT
2025-06-17,310.0,310.0,310.0,310.0,0,0,LIMT
2025-06-18,310.0,310.0,310.0,310.0,0,0,LIMT
2025-06-18,320.0,320.0,320.0,320.0,0,1,LIMT
2025-06-19,310.0,310.0,310.0,310.0,0,0,LIMT
2025-06-19,320.0,320.0,320.0,320.0,0,1,LIMT
2025-06-20,320.0,295.0,295.0,295.0,200,1,LIMT
2025-06-20,310.0,310.0,310.0,310.0,0,0,LIMT
2025-06-23,295.0,295.0,295.0,295.0,0,1,LIMT
2025-06-23,310.0,310.0,310.0,310.0,0,0,LIMT
2025-06-24,295.0,295.0,295.0,295.0,0,1,LIMT
2025-06-24,310.0,310.0,310.0,310.0,0,0,LIMT
2025-06-25,310.0,310.0,310.0,310.0,0,0,LIMT
2025-06-25,295.0,295.0,295.0,295.0,0,1,LIMT
2025-06-26,310.0,310.0,310.0,310.0,0,0,LIMT
2025-06-26,295.0,295.0,295.0,295.0,0,1,LIMT
2025-06-27,295.0,295.0,295.0,295.0,0,1,LIMT
2025-06-27,310.0,310.0,310.0,310.0,0,0,LIMT
2025-06-30,295.0,310.0,310.0,310.0,100,1,LIMT
2025-06-30,310.0,310.0,310.0,310.0,0,0,LIMT
2025-07-01,310.0,310.0,310.0,310.0,0,0,LIMT
2025-07-01,310.0,310.0,310.0,310.0,0,1,LIMT
2025-07-02,310.0,310.0,310.0,310.0,0,1,LIMT
2025-07-02,310.0,310.0,310.0,310.0,0,0,LIMT
2025-07-03,310.0,310.0,310.0,310.0,0,1,LIMT
2025-07-03,310.0,310.0,310.0,310.0,0,0,LIMT
2025-07-04,310.0,310.0,310.0,310.0,0,1,LIMT
2025-07-04,310.0,310.0,310.0,310.0,0,0,LIMT
2025-07-07,310.0,310.0,310.0,310.0,0,1,LIMT
2025-07-07,310.0,310.0,310.0,310.0,0,0,LIMT
2025-07-08,310.0,310.0,310.0,310.0,0,1,LIMT
2025-07-08,310.0,310.0,310.0,310.0,0,0,LIMT
2025-07-09,310.0,310.0,310.0,310.0,0,1,LIMT
2025-07-09,310.0,310.0,310.0,310.0,0,0,LIMT
2025-07-10,310.0,310.0,310.0,310.0,0,1,LIMT
2025-07-10,310.0,310.0,310.0,310.0,0,0,LIMT
2025-07-11,310.0,310.0,310.0,310.0,0,1,LIMT
2025-07-11,310.0,310.0,310.0,310.0,0,0,LIMT
2025-07-14,310.0,310.0,310.0,310.0,0,0,LIMT
2025-07-14,310.0,310.0,310.0,310.0,0,1,LIMT
2025-07-15,310.0,310.0,310.0,310.0,100,1,LIMT
2025-07-15,310.0,310.0,310.0,310.0,0,0,LIMT
2025-07-16,310.0,310.0,310.0,310.0,0,1,LIMT
2025-07-16,310.0,310.0,310.0,310.0,0,0,LIMT
2025-07-17,310.0,310.0,310.0,310.0,0,1,LIMT
2025-07-17,310.0,310.0,310.0,310.0,0,0,LIMT
2025-07-18,310.0,310.0,310.0,310.0,0,1,LIMT
2025-07-18,310.0,310.0,310.0,310.0,0,0,LIMT
2025-07-21,310.0,310.0,310.0,310.0,0,0,LIMT
2025-07-21,310.0,310.0,310.0,310.0,0,1,LIMT
2025-07-22,310.0,310.0,310.0,310.0,0,0,LIMT
2025-07-22,310.0,310.0,310.0,310.0,0,1,LIMT
2025-07-23,310.0,310.0,310.0,310.0,0,0,LIMT
2025-07-23,310.0,310.0,310.0,310.0,0,1,LIMT
2025-07-24,310.0,310.0,310.0,310.0,0,0,LIMT
2025-07-24,310.0,310.0,310.0,310.0,0,1,LIMT
2025-07-25,310.0,310.0,310.0,310.0,0,0,LIMT
2025-07-25,310.0,310.0,310.0,310.0,0,1,LIMT
2025-07-28,310.0,310.0,310.0,310.0,0,0,LIMT
2025-07-28,310.0,310.0,310.0,310.0,200,1,LIMT
2025-07-29,310.0,310.0,310.0,310.0,0,0,LIMT
2025-07-29,310.0,310.0,310.0,310.0,0,1,LIMT
2025-07-30,310.0,310.0,310.0,310.0,0,1,LIMT
2025-07-30,310.0,310.0,310.0,310.0,0,0,LIMT
2025-07-31,310.0,310.0,310.0,310.0,0,0,LIMT
2025-07-31,310.0,310.0,310.0,310.0,0,1,LIMT
2025-08-01,310.0,310.0,310.0,310.0,0,1,LIMT
2025-08-01,310.0,310.0,310.0,310.0,0,0,LIMT
2025-08-04,310.0,310.0,310.0,310.0,0,1,LIMT
2025-08-04,310.0,310.0,310.0,310.0,0,0,LIMT
2025-08-05,310.0,310.0,310.0,310.0,0,0,LIMT
2025-08-05,310.0,310.0,310.0,310.0,0,1,LIMT
2025-08-06,310.0,310.0,310.0,310.0,0,0,LIMT
2025-08-06,310.0,310.0,310.0,310.0,600,1,LIMT
2025-08-07,310.0,310.0,310.0,310.0,0,1,LIMT
2025-08-07,310.0,310.0,310.0,310.0,0,0,LIMT
2025-08-08,310.0,310.0,310.0,310.0,0,1,LIMT
2025-08-08,310.0,310.0,310.0,310.0,0,0,LIMT
2025-08-11,310.0,310.0,310.0,310.0,0,1,LIMT
2025-08-11,310.0,310.0,310.0,310.0,0,0,LIMT
2025-08-12,310.0,311.0,310.0,310.25,300,1,LIMT
2025-08-12,310.0,310.0,310.0,310.0,0,0,LIMT
2025-08-13,310.25,310.25,310.25,310.25,0,1,LIMT
2025-08-13,310.0,310.0,310.0,310.0,0,0,LIMT
2025-08-14,310.0,310.0,310.0,310.0,0,0,LIMT
2025-08-14,310.25,310.25,310.25,310.25,0,1,LIMT
2025-08-15,310.0,310.0,310.0,310.0,0,0,LIMT
2025-08-15,310.25,310.25,310.25,310.25,0,1,LIMT
2025-08-18,310.0,310.0,310.0,310.0,0,0,LIMT
2025-08-18,310.25,310.25,310.25,310.25,0,1,LIMT
2025-08-19,310.0,310.0,310.0,310.0,0,0,LIMT
2025-08-19,310.25,310.25,310.25,310.25,0,1,LIMT
2025-08-20,310.0,310.0,310.0,310.0,0,0,LIMT
2025-08-20,310.25,310.25,310.25,310.25,21,1,LIMT
2025-08-21,310.25,310.25,310.25,310.25,0,1,LIMT
2025-08-21,310.0,310.0,310.0,310.0,0,0,LIMT
2025-08-22,310.25,310.25,310.25,310.25,0,1,LIMT
2025-08-22,310.0,310.0,310.0,310.0,0,0,LIMT
2025-08-25,310.0,310.0,310.0,310.0,0,0,LIMT
2025-08-25,310.25,310.25,310.25,310.25,0,1,LIMT
2025-08-26,310.0,310.0,310.0,310.0,0,0,LIMT
2025-08-26,310.25,310.25,310.25,310.25,0,1,LIMT
2025-08-27,310.0,310.0,310.0,310.0,0,0,LIMT
2025-08-27,310.25,310.25,310.25,310.25,0,1,LIMT
2025-08-28,310.0,310.0,310.0,310.0,0,0,LIMT
2025-08-28,310.25,310.25,310.25,310.25,0,1,LIMT
2025-08-29,310.25,310.25,310.25,310.25,0,1,LIMT
2025-08-29,310.0,310.0,310.0,310.0,0,0,LIMT
2025-09-01,310.25,310.25,310.25,310.25,0,1,LIMT
2025-09-01,310.0,310.0,310.0,310.0,0,0,LIMT
2025-09-02,310.0,310.0,310.0,310.0,0,0,LIMT
2025-09-02,310.25,310.25,310.25,310.25,0,1,LIMT
2025-09-03,310.0,310.0,310.0,310.0,0,0,LIMT
2025-09-03,310.25,311.0,310.0,310.0,400,1,LIMT
2025-09-04,310.0,310.0,310.0,310.0,0,0,LIMT
2025-09-04,310.0,310.0,310.0,310.0,0,1,LIMT
2025-09-05,310.0,310.0,310.0,310.0,0,0,LIMT
2025-09-05,310.0,310.0,310.0,310.0,0,1,LIMT
2025-09-08,310.0,310.0,310.0,310.0,0,0,LIMT
2025-09-08,310.0,310.0,310.0,310.0,0,1,LIMT
2025-09-09,310.0,310.0,310.0,310.0,0,0,LIMT
2025-09-09,310.0,310.0,310.0,310.0,0,1,LIMT
2025-09-10,310.0,310.0,310.0,310.0,0,1,LIMT
2025-09-10,310.0,310.0,310.0,310.0,0,0,LIMT
2025-09-11,310.0,310.0,310.0,310.0,0,0,LIMT
2025-09-11,310.0,310.0,310.0,310.0,0,1,LIMT
2025-09-12,310.0,310.0,310.0,310.0,0,0,LIMT
2025-09-12,310.0,310.0,310.0,310.0,0,1,LIMT
2025-09-15,310.0,310.0,310.0,310.0,0,1,LIMT
2025-09-15,310.0,310.0,310.0,310.0,0,0,LIMT
2025-09-16,310.0,320.0,310.0,320.0,10,0,LIMT
2025-09-17,320.0,320.0,310.0,310.0,0,0,LIMT
2025-09-18,310.0,341.0,310.0,341.0,1,0,LIMT
2025-09-19,341.0,341.0,340.0,340.75,599,0,LIMT
2025-09-22,340.75,340.75,340.75,340.75,0,0,LIMT
2025-09-22,340.75,374.75,374.75,374.75,300,1,LIMT
2025-09-23,374.75,374.75,374.75,374.75,0,0,LIMT
2025-09-24,374.75,374.75,374.75,374.75,0,1,LIMT
2025-09-24,374.75,374.75,374.75,374.75,0,0,LIMT
2025-09-25,374.75,380.0,374.75,380.0,29,0,LIMT
2025-09-26,380.0,380.0,350.0,376.0,588,0,LIMT
2025-09-29,376.0,380.0,380.0,380.0,244,1,LIMT
2025-09-29,376.0,376.0,376.0,376.0,0,0,LIMT
2025-09-30,380.0,380.0,380.0,380.0,714,1,LIMT
2025-09-30,376.0,376.0,376.0,376.0,0,0,LIMT
2025-10-01,380.0,380.0,379.0,380.0,257,1,LIMT
2025-10-01,376.0,376.0,376.0,376.0,0,0,LIMT
2025-10-02,376.0,376.0,376.0,376.0,0,0,LIMT
2025-10-02,380.0,380.0,380.0,380.0,1609,1,LIMT
2025-10-03,380.0,380.0,375.0,379.0,56,0,LIMT
2025-10-06,379.0,380.0,379.0,380.0,157,0,LIMT
2025-10-07,380.0,380.0,375.0,380.0,787,0,LIMT
2025-10-08,380.0,380.0,350.0,376.75,139,0,LIMT
2025-10-09,376.75,380.0,376.75,380.0,7,0,LIMT
2025-10-10,380.0,380.0,380.0,380.0,0,0,LIMT
2025-10-10,376.75,380.0,380.0,380.0,7,1,LIMT
2025-10-13,380.0,380.0,339.25,339.5,25,0,LIMT
2025-10-14,339.5,380.0,339.5,380.0,10,0,LIMT
2025-10-15,380.0,380.0,376.75,376.75,0,0,LIMT
2025-10-16,376.75,376.75,376.75,376.75,0,0,LIMT
2025-10-16,376.75,380.0,380.0,380.0,1,1,LIMT
2025-10-17,376.75,376.75,376.75,376.75,0,0,LIMT
2025-10-17,376.75,380.0,380.0,380.0,1,1,LIMT
2025-10-20,376.75,376.75,376.75,376.75,0,0,LIMT
2025-10-20,376.75,380.0,380.0,380.0,1,1,LIMT
2025-10-21,376.75,376.75,376.75,376.75,0,0,LIMT
2025-10-21,380.0,380.0,380.0,380.0,9,1,LIMT
2025-10-22,380.0,380.0,376.75,376.75,0,0,LIMT
2025-10-23,376.75,376.75,376.75,376.75,0,0,LIMT
2025-10-24,376.75,376.75,376.75,376.75,0,0,LIMT
2025-10-24,376.75,375.0,375.0,375.0,200,1,LIMT
2025-10-27,376.75,376.75,376.75,376.75,0,0,LIMT
2025-10-27,375.0,375.0,375.0,375.0,0,1,LIMT
2025-10-28,376.75,376.75,376.75,376.75,0,0,LIMT
2025-10-28,375.0,375.0,375.0,375.0,0,1,LIMT
2025-10-29,376.75,376.75,376.75,376.75,0,0,LIMT
2025-10-29,375.0,375.0,375.0,375.0,0,1,LIMT
2025-10-30,376.75,376.75,376.75,376.75,0,0,LIMT
2025-10-30,375.0,385.0,385.0,385.0,100,1,LIMT
2025-10-31,385.0,385.0,385.0,385.0,0,1,LIMT
2025-10-31,376.75,376.75,376.75,376.75,0,0,LIMT
2025-11-03,385.0,385.0,385.0,385.0,0,1,LIMT
2025-11-03,376.75,376.75,376.75,376.75,0,0,LIMT
2025-11-04,385.0,385.0,385.0,385.0,0,1,LIMT
2025-11-04,376.75,376.75,376.75,376.75,0,0,LIMT
2025-11-05,385.0,385.0,385.0,385.0,0,1,LIMT
2025-11-05,376.75,376.75,376.75,376.75,0,0,LIMT
2025-11-06,385.0,385.0,385.0,385.0,0,1,LIMT
2025-11-06,376.75,376.75,376.75,376.75,0,0,LIMT
2025-11-07,376.75,376.75,376.75,376.75,0,0,LIMT
2025-11-07,385.0,385.0,385.0,385.0,0,1,LIMT
2025-11-10,385.0,385.0,385.0,385.0,0,1,LIMT
2025-11-10,376.75,376.75,376.75,376.75,0,0,LIMT
2025-11-11,376.75,376.75,376.75,376.75,0,0,LIMT
2025-11-11,385.0,385.0,385.0,385.0,0,1,LIMT
2025-11-12,385.0,385.0,385.0,385.0,0,1,LIMT
2025-11-12,376.75,376.75,376.75,376.75,0,0,LIMT
2025-11-13,385.0,385.0,385.0,385.0,0,1,LIMT
2025-11-13,376.75,376.75,376.75,376.75,0,0,LIMT
2025-11-14,376.75,376.75,376.75,376.75,0,0,LIMT
2025-11-14,385.0,385.0,385.0,385.0,0,1,LIMT
2025-11-17,385.0,385.0,385.0,385.0,0,1,LIMT
2025-11-17,376.75,376.75,376.75,376.75,0,0,LIMT
2025-11-18,385.0,385.0,385.0,385.0,0,1,LIMT
2025-11-18,376.75,376.75,376.75,376.75,0,0,LIMT
2025-11-19,385.0,385.0,385.0,385.0,0,1,LIMT
2025-11-19,376.75,376.75,376.75,376.75,0,0,LIMT
2025-11-20,376.75,376.75,376.75,376.75,0,0,LIMT
2025-11-20,385.0,385.0,385.0,385.0,0,1,LIMT
2025-11-21,376.75,376.75,376.75,376.75,0,0,LIMT
2025-11-21,385.0,385.0,385.0,385.0,0,1,LIMT
2025-11-24,376.75,376.75,376.75,376.75,0,0,LIMT
2025-11-24,385.0,385.0,385.0,385.0,0,1,LIMT
2025-11-25,385.0,385.0,385.0,385.0,0,1,LIMT
2025-11-25,376.75,376.75,376.75,376.75,0,0,LIMT
2025-11-26,385.0,385.0,385.0,385.0,0,1,LIMT
2025-11-26,376.75,376.75,376.75,376.75,0,0,LIMT
2025-11-27,376.75,376.75,376.75,376.75,0,0,LIMT
2025-11-27,385.0,385.0,385.0,385.0,0,1,LIMT
2025-11-28,376.75,376.75,376.75,376.75,0,0,LIMT
2025-11-28,385.0,385.0,385.0,385.0,0,1,LIMT
2025-12-01,376.75,376.75,376.75,376.75,0,0,LIMT
2025-12-01,385.0,385.0,385.0,385.0,0,1,LIMT
2025-12-02,376.75,376.75,376.75,376.75,0,0,LIMT
2025-12-02,385.0,385.0,385.0,385.0,0,1,LIMT
2025-12-03,385.0,385.0,385.0,385.0,0,1,LIMT
2025-12-03,376.75,376.75,376.75,376.75,0,0,LIMT
2025-12-04,376.75,376.75,376.75,376.75,0,0,LIMT
2025-12-04,385.0,385.0,385.0,385.0,0,1,LIMT
2025-12-05,376.75,376.75,376.75,376.75,0,0,LIMT
2025-12-05,385.0,385.0,385.0,385.0,0,1,LIMT
2025-12-08,385.0,385.0,385.0,385.0,0,1,LIMT
2025-12-08,376.75,376.75,376.75,376.75,0,0,LIMT
2025-12-09,376.75,376.75,376.75,376.75,0,0,LIMT
2025-12-09,385.0,385.0,385.0,385.0,0,1,LIMT
2025-12-10,385.0,385.0,385.0,385.0,0,1,LIMT
2025-12-10,376.75,376.75,376.75,376.75,0,0,LIMT
2025-12-11,376.75,376.75,376.75,376.75,0,0,LIMT
2025-12-11,385.0,385.0,385.0,385.0,0,1,LIMT
2025-12-12,376.75,376.75,376.75,376.75,0,0,LIMT
2025-12-12,385.0,385.0,385.0,385.0,0,1,LIMT
2025-12-15,376.75,376.75,376.75,376.75,0,0,LIMT
2025-12-15,385.0,385.0,385.0,385.0,0,1,LIMT
2025-12-16,376.75,376.75,376.75,376.75,0,0,LIMT
2025-12-16,385.0,385.0,385.0,385.0,0,1,LIMT
2025-12-17,376.75,376.75,376.75,376.75,0,0,LIMT
2025-12-17,385.0,385.0,385.0,385.0,0,1,LIMT
2025-12-18,376.75,376.75,376.75,376.75,0,0,LIMT
2025-12-18,385.0,385.0,385.0,385.0,0,1,LIMT
2025-12-19,376.75,376.75,376.75,376.75,0,0,LIMT
2025-12-19,385.0,385.0,385.0,385.0,0,1,LIMT
2025-12-22,385.0,385.0,385.0,385.0,0,1,LIMT
2025-12-22,376.75,376.75,376.75,376.75,0,0,LIMT
2025-12-23,385.0,385.0,385.0,385.0,0,1,LIMT
2025-12-23,376.75,376.75,376.75,376.75,0,0,LIMT
2025-12-24,385.0,385.0,385.0,385.0,0,1,LIMT
2025-12-24,376.75,376.75,376.75,376.75,0,0,LIMT
2025-12-25,385.0,385.0,385.0,385.0,0,1,LIMT
2025-12-25,376.75,376.75,376.75,376.75,0,0,LIMT
2025-12-26,385.0,385.0,385.0,385.0,0,1,LIMT
2025-12-26,376.75,376.75,376.75,376.75,0,0,LIMT
2025-12-29,385.0,385.0,385.0,385.0,0,1,LIMT
2025-12-29,376.75,376.75,376.75,376.75,0,0,LIMT
2025-12-30,385.0,385.0,385.0,385.0,0,1,LIMT
2025-12-30,376.75,376.75,376.75,376.75,0,0,LIMT
2025-12-31,385.0,385.0,385.0,385.0,0,1,LIMT
2025-12-31,376.75,376.75,376.75,376.75,0,0,LIMT
2026-01-01,385.0,385.0,385.0,385.0,0,1,LIMT
2026-01-01,376.75,376.75,376.75,376.75,0,1,LIMT
2026-01-02,385.0,385.0,385.0,385.0,0,1,LIMT
2026-01-02,376.75,376.75,376.75,376.75,0,0,LIMT
2026-01-05,460.0,460.0,460.0,460.0,0,0,LIMT
2026-01-06,460.0,460.0,460.0,460.0,0,0,LIMT
2026-01-07,514.0,538.0,496.0,538.0,3,1,LIMT
2026-01-07,460.0,460.0,460.0,460.0,0,0,LIMT
2026-01-08,460.0,460.0,460.0,460.0,3,0,LIMT
2026-01-09,460.0,460.0,440.0,460.0,3,0,LIMT
2026-01-12,460.0,460.0,440.0,460.0,3,0,LIMT
2026-01-13,538.0,460.0,460.0,460.0,4,1,LIMT
2026-01-13,460.0,460.0,460.0,460.0,0,0,LIMT
2026-01-14,460.0,460.0,460.0,460.0,0,0,LIMT
2026-01-14,538.0,460.0,460.0,460.0,4,1,LIMT
2026-01-15,460.0,460.0,460.0,460.0,0,0,LIMT
2026-01-15,538.0,460.0,460.0,460.0,4,1,LIMT
2026-01-16,538.0,460.0,460.0,460.0,4,1,LIMT
2026-01-16,460.0,460.0,460.0,460.0,0,0,LIMT
2026-01-19,538.0,460.0,460.0,460.0,4,1,LIMT
2026-01-19,460.0,460.0,460.0,460.0,0,0,LIMT
2026-01-20,460.0,460.0,460.0,460.0,0,0,LIMT
2026-01-20,538.0,460.0,460.0,460.0,4,1,LIMT
2026-01-21,538.0,460.0,460.0,460.0,4,1,LIMT
2026-01-21,460.0,460.0,460.0,460.0,0,0,LIMT
2026-01-22,460.0,460.0,460.0,460.0,102,1,LIMT
2026-01-22,460.0,460.0,460.0,460.0,0,0,LIMT
2026-01-23,460.0,460.0,460.0,460.0,2,1,LIMT
2026-01-23,460.0,460.0,460.0,460.0,0,0,LIMT
2026-01-26,460.0,460.0,460.0,460.0,2,1,LIMT
2026-01-26,460.0,460.0,460.0,460.0,0,0,LIMT
2026-01-27,460.0,460.0,460.0,460.0,2,1,LIMT
2026-01-27,460.0,460.0,460.0,460.0,0,0,LIMT
2026-01-28,460.0,460.0,460.0,460.0,0,0,LIMT
2026-01-28,460.0,460.0,460.0,460.0,2,1,LIMT
2026-01-29,460.0,460.0,460.0,460.0,0,0,LIMT
2026-01-29,460.0,460.0,460.0,460.0,74,1,LIMT
2026-01-30,460.0,460.0,460.0,460.0,0,0,LIMT
2026-01-30,460.0,460.0,460.0,460.0,54,1,LIMT
2026-02-02,460.0,460.0,460.0,460.0,0,0,LIMT
2026-02-02,460.0,460.0,460.0,460.0,30,1,LIMT
2026-02-03,445.26,460.0,445.0,445.26,208,0,LIMT
2026-02-04,542.0,542.0,500.0,514.0,5,1,LIMT
2026-02-05,542.0,540.0,500.0,514.0,5,1,LIMT
2026-02-05,514.0,514.0,514.0,514.0,0,0,LIMT
2026-02-06,446.0,446.0,446.0,446.0,1,0,LIMT
2026-02-09,446.0,490.0,446.0,446.0,1,0,LIMT
2026-02-10,490.0,490.0,490.0,490.0,1,0,LIMT
2026-02-11,490.0,539.0,490.0,490.0,1,0,LIMT
2026-02-12,524.0,535.0,510.0,524.0,1,0,LIMT
2026-02-13,538.0,538.0,508.0,510.0,572,0,LIMT
2026-02-16,510.0,510.0,508.0,508.0,539,0,LIMT
2026-02-17,508.0,550.0,461.0,508.0,7,0,LIMT
2026-02-18,508.0,508.0,508.0,508.0,0,0,LIMT
2026-02-18,508.0,550.0,461.0,531.0,156,1,LIMT
2026-02-19,531.0,550.0,500.0,531.0,24,0,LIMT
2026-02-20,531.0,531.0,531.0,531.0,0,0,LIMT
2026-02-20,531.0,550.0,505.0,531.0,22,1,LIMT
2026-02-23,531.0,555.0,500.0,517.0,318,0,LIMT
2026-02-24,517.0,550.0,517.0,550.0,122,0,LIMT
2026-02-25,550.0,550.0,517.0,550.0,32,0,LIMT
2026-02-26,550.0,550.0,550.0,550.0,0,0,LIMT
2026-02-27,0.0,550.0,505.0,550.0,24,0,LIMT
2026-03-02,542.0,550.0,501.0,542.0,816,0,LIMT
2026-03-03,542.0,542.0,542.0,542.0,0,0,LIMT
2026-03-03,445.26,550.0,540.0,542.0,22,1,LIMT
2026-03-04,512.0,542.0,510.0,512.0,22,0,LIMT
2026-03-05,512.0,542.0,510.0,512.0,22,0,LIMT
2026-03-06,512.0,512.0,510.0,512.0,229,0,LIMT
2026-03-09,511.0,542.0,510.0,511.0,229,0,LIMT
2026-03-10,511.0,542.0,501.0,511.0,229,0,LIMT
2026-03-11,511.0,542.0,501.0,511.0,229,0,LIMT
2026-03-12,511.0,542.0,502.0,511.0,229,0,LIMT
2026-03-13,538.0,542.0,503.0,511.0,62,1,LIMT
2026-03-13,511.0,511.0,511.0,511.0,0,0,LIMT
2026-03-16,511.0,541.0,503.0,511.0,30,1,LIMT
2026-03-16,511.0,511.0,511.0,511.0,0,0,LIMT
2026-03-17,511.0,511.0,511.0,511.0,0,0,LIMT
2026-03-17,511.0,541.0,511.0,511.0,37,1,LIMT
2026-03-18,511.0,511.0,511.0,511.0,0,0,LIMT
2026-03-18,511.0,541.0,511.0,511.0,10,1,LIMT
2026-03-19,511.0,511.0,511.0,511.0,0,0,LIMT
2026-03-19,511.0,500.0,500.0,500.0,100,1,LIMT
2026-03-20,511.0,500.0,500.0,500.0,100,1,LIMT
2026-03-20,511.0,511.0,511.0,511.0,0,0,LIMT
2026-03-23,511.0,511.0,511.0,511.0,0,0,LIMT
2026-03-23,500.0,541.0,500.0,500.0,67,1,LIMT
2026-03-24,500.0,541.0,500.0,514.0,113,1,LIMT
2026-03-24,511.0,511.0,511.0,511.0,0,0,LIMT
2026-03-25,514.0,540.0,514.0,514.0,53,1,LIMT
2026-03-25,511.0,511.0,511.0,511.0,0,0,LIMT
2026-03-26,514.0,540.0,500.0,514.0,38,1,LIMT
2026-03-26,511.0,511.0,511.0,511.0,0,0,LIMT
2026-03-27,514.0,540.0,500.0,514.0,38,1,LIMT
2026-03-27,511.0,511.0,511.0,511.0,0,0,LIMT
2026-03-30,511.0,511.0,511.0,511.0,0,0,LIMT
2026-03-30,514.0,540.0,500.0,514.0,7,1,LIMT
2026-03-31,511.0,511.0,511.0,511.0,0,0,LIMT
2026-03-31,514.0,540.0,500.0,514.0,7,1,LIMT
2026-04-01,511.0,511.0,511.0,511.0,0,0,LIMT
2026-04-01,514.0,540.0,500.0,514.0,7,1,LIMT
2026-04-02,514.0,540.0,500.0,514.0,7,1,LIMT
2026-04-02,511.0,511.0,511.0,511.0,0,0,LIMT
2026-04-03,514.0,542.0,510.0,512.0,17,1,LIMT
2026-04-06,512.0,484.5,446.75,446.75,35,1,LIMT
2026-04-06,512.0,512.0,512.0,512.0,0,1,LIMT
2026-04-07,514.0,539.0,500.0,514.0,35,0,LIMT
2026-04-08,514.0,530.0,500.0,514.0,35,0,LIMT
2026-04-09,514.0,530.0,500.0,514.0,35,0,LIMT
2026-04-10,514.0,529.0,502.0,514.0,35,0,LIMT
2026-04-13,446.75,520.0,446.75,511.0,17,0,LIMT
2026-04-14,511.0,520.0,515.0,519.0,140,1,LIMT
2026-04-14,511.0,511.0,511.0,511.0,0,0,LIMT
2026-04-15,511.0,511.0,511.0,511.0,0,0,LIMT
2026-04-15,511.0,520.0,515.0,519.0,140,1,LIMT
2026-04-16,511.0,520.0,515.0,519.0,140,1,LIMT
2026-04-16,511.0,511.0,511.0,511.0,0,0,LIMT
2026-04-17,519.0,518.0,510.0,510.0,102,1,LIMT
2026-04-17,511.0,511.0,511.0,511.0,0,0,LIMT
2026-04-20,511.0,511.0,511.0,511.0,0,0,LIMT
2026-04-20,510.0,510.0,477.0,510.0,16,1,LIMT
2026-04-21,510.0,510.0,477.0,510.0,16,1,LIMT
2026-04-21,511.0,511.0,511.0,511.0,0,0,LIMT
2026-04-22,510.0,510.0,477.0,510.0,72,1,LIMT
2026-04-22,511.0,511.0,511.0,511.0,0,0,LIMT
2026-04-23,510.0,510.0,478.0,510.0,84,1,LIMT
2026-04-23,511.0,511.0,511.0,511.0,0,0,LIMT
2026-04-24,511.0,511.0,511.0,511.0,0,0,LIMT
2026-04-24,510.0,510.0,500.0,510.0,65,1,LIMT
2026-04-27,511.0,511.0,511.0,511.0,0,0,LIMT
2026-04-27,510.0,510.0,478.0,510.0,5,1,LIMT
2026-04-28,510.0,540.0,480.0,510.0,7,1,LIMT
2026-04-28,511.0,511.0,511.0,511.0,0,0,LIMT
2026-04-29,510.0,540.0,480.0,510.0,7,1,LIMT
2026-04-29,511.0,511.0,511.0,511.0,0,0,LIMT
2026-04-30,510.0,510.0,510.0,510.0,100,1,LIMT
2026-04-30,511.0,511.0,511.0,511.0,0,0,LIMT
2026-05-01,510.0,510.0,460.0,460.0,100,1,LIMT
2026-05-04,460.0,460.0,460.0,460.0,0,0,LIMT
2026-05-04,510.0,460.0,460.0,460.0,100,1,LIMT
2026-05-05,460.0,460.0,460.0,460.0,0,0,LIMT
2026-05-05,512.0,510.0,480.0,510.0,60,1,LIMT
2026-05-06,460.0,460.0,460.0,460.0,0,0,LIMT
2026-05-06,512.0,510.0,480.0,510.0,60,1,LIMT
2026-05-07,512.0,510.0,480.0,510.0,60,1,LIMT
2026-05-07,460.0,460.0,460.0,460.0,0,0,LIMT
2026-05-08,507.0,509.0,480.0,507.0,60,0,LIMT
2026-05-11,480.0,480.0,480.0,480.0,60,0,LIMT
2026-05-12,480.0,490.0,480.0,480.0,60,0,LIMT
2026-05-13,480.0,480.0,480.0,480.0,0,0,LIMT
2026-05-13,510.0,490.0,480.0,480.0,6,1,LIMT
2026-05-14,480.0,480.0,480.0,480.0,4,0,LIMT
2026-05-15,480.0,485.0,480.0,480.0,74,1,LIMT
2026-05-15,480.0,480.0,480.0,480.0,0,0,LIMT
2026-05-18,480.0,480.0,480.0,480.0,0,0,LIMT
2026-05-18,480.0,485.0,480.0,482.5,204,1,LIMT
2026-05-19,482.5,484.75,465.75,482.5,10,1,LIMT
2026-05-19,480.0,480.0,480.0,480.0,0,0,LIMT
2026-05-20,480.0,480.0,480.0,480.0,0,0,LIMT
2026-05-20,482.5,484.75,482.5,482.5,26,1,LIMT
2026-05-21,482.5,482.5,480.0,482.5,2,1,LIMT
2026-05-21,480.0,480.0,480.0,480.0,0,0,LIMT
2026-05-22,482.5,482.5,480.0,482.5,8,1,LIMT
2026-05-22,480.0,480.0,480.0,480.0,0,0,LIMT
2026-05-25,482.5,484.75,480.0,482.5,43,1,LIMT
2026-05-25,480.0,480.0,480.0,480.0,0,0,LIMT
2026-05-26,482.5,482.5,460.0,482.5,5,1,LIMT
2026-05-26,480.0,480.0,480.0,480.0,0,0,LIMT
2026-05-27,480.0,480.0,480.0,480.0,0,0,LIMT
2026-05-27,482.5,482.5,460.0,482.5,5,1,LIMT
2026-05-28,480.0,480.0,480.0,480.0,0,0,LIMT
2026-05-28,482.5,484.75,482.5,482.5,2,1,LIMT
2026-05-29,480.0,480.0,480.0,480.0,0,0,LIMT
2026-05-29,482.5,484.75,482.5,482.5,2,1,LIMT
2026-06-01,482.5,482.5,460.0,460.0,301,1,LIMT
2026-06-02,484.75,484.75,440.0,484.75,1365,0,LIMT
2026-06-03,446.75,484.75,442.0,446.75,5,0,LIMT
2026-06-04,446.75,484.5,446.75,446.75,5,0,LIMT
2026-06-05,512.0,510.0,480.0,510.0,9,1,LIMT
2026-06-05,446.75,446.75,446.75,446.75,0,0,LIMT
2026-06-08,446.75,484.5,446.75,446.75,9,0,LIMT
2026-06-09,446.75,484.0,446.75,446.75,9,0,LIMT
2026-06-10,446.75,484.0,446.75,446.75,9,0,LIMT
2026-06-11,446.75,446.75,446.75,446.75,0,0,LIMT
2026-06-11,512.0,510.0,480.0,510.0,9,1,LIMT
2026-06-12,446.75,470.0,446.75,446.75,9,0,LIMT
2026-06-15,446.75,446.75,446.75,446.75,0,0,LIMT
2026-06-15,538.0,484.0,445.0,449.0,195,1,LIMT
2026-06-16,446.75,446.75,446.75,446.75,0,0,LIMT
2026-06-16,449.0,449.0,445.0,449.0,9,1,LIMT
2026-06-17,446.75,446.75,446.75,446.75,0,0,LIMT
2026-06-17,449.0,490.0,449.0,449.0,9,1,LIMT
2026-06-18,449.0,490.0,449.0,449.0,19,1,LIMT
2026-06-18,446.75,446.75,446.75,446.75,0,0,LIMT
2026-06-19,446.75,446.75,446.75,446.75,0,0,LIMT
2026-06-19,449.0,489.5,449.0,449.0,1,1,LIMT
2026-06-22,446.75,446.75,446.75,446.75,0,0,LIMT
2026-06-22,449.0,489.5,449.0,449.0,1,1,LIMT
2026-06-23,449.0,493.0,449.0,490.0,547,0,LIMT
2026-06-24,490.0,493.75,485.5,493.75,590,0,LIMT
2026-06-25,493.75,539.0,478.5,493.75,25,0,LIMT
2026-06-26,493.75,539.0,537.0,538.0,223,1,LIMT
2026-06-26,493.75,493.75,493.75,493.75,0,0,LIMT
2026-06-29,493.75,493.75,493.75,493.75,0,0,LIMT
2026-06-29,493.75,539.0,537.0,538.0,223,1,LIMT
2026-06-30,538.0,539.0,485.0,538.0,138,1,LIMT
2026-06-30,493.75,493.75,493.75,493.75,0,0,LIMT
2026-07-01,538.0,539.0,485.0,538.0,138,1,LIMT
2026-07-01,493.75,493.75,493.75,493.75,0,0,LIMT
2026-07-02,538.0,539.0,485.0,538.0,138,1,LIMT
2026-07-02,493.75,493.75,493.75,493.75,0,0,LIMT
2026-07-03,493.75,493.75,493.75,493.75,0,0,LIMT
2026-07-03,538.0,539.0,485.0,538.0,138,1,LIMT
2026-07-06,493.75,493.75,493.75,493.75,0,0,LIMT
2026-07-06,538.0,539.0,485.0,538.0,138,1,LIMT
2026-07-07,510.0,538.0,500.0,538.0,40,1,LIMT
2026-07-07,493.75,493.75,493.75,493.75,0,0,LIMT
2026-07-08,493.75,493.75,493.75,493.75,0,0,LIMT
2026-07-08,510.0,538.0,500.0,538.0,40,1,LIMT
2026-07-09,493.75,493.75,493.75,493.75,0,0,LIMT
2026-07-09,510.0,538.0,500.0,538.0,40,1,LIMT
2026-07-10,510.0,538.0,500.0,538.0,40,1,LIMT
2026-07-10,493.75,493.75,493.75,493.75,0,0,LIMT
2026-07-13,538.0,538.0,485.0,538.0,19,1,LIMT
2026-07-13,493.75,493.75,493.75,493.75,0,0,LIMT
2026-07-14,493.75,493.75,493.75,493.75,0,0,LIMT
2026-07-14,538.0,538.0,525.0,538.0,2,1,LIMT
2026-07-15,538.0,538.0,525.0,538.0,2,1,LIMT
2026-07-15,493.75,493.75,493.75,493.75,0,0,LIMT
2026-07-16,493.75,493.75,493.75,493.75,0,0,LIMT
2026-07-16,538.0,538.0,525.0,538.0,2,1,LIMT
2026-07-17,538.0,538.0,495.0,538.0,0,1,LIMT
2026-07-17,493.75,493.75,493.75,493.75,0,0,LIMT
2026-07-20,493.75,493.75,493.75,493.75,0,0,LIMT
2026-07-21,538.0,538.0,530.0,538.0,6,0,LIMT
2026-07-22,538.0,538.0,495.0,538.0,20,0,LIMT
2026-07-23,538.0,538.0,495.0,538.0,23,0,LIMT
2026-07-24,538.0,538.0,538.0,538.0,0,0,LIMT
