Date,Open,High,Low,Close,Volume,Is_Stale,Ticker
2007-01-02,130.0,138.0,130.0,130.0,2700.0,0,WTK
2007-01-03,130.0,130.0,130.0,130.0,0.0,0,WTK
2007-01-03,130.0,145.0,145.0,145.0,5800.0,1,WTK
2007-01-04,130.0,145.0,145.0,145.0,5800.0,1,WTK
2007-01-04,130.0,130.0,130.0,130.0,0.0,0,WTK
2007-01-05,130.0,145.0,145.0,145.0,5800.0,1,WTK
2007-01-05,130.0,130.0,130.0,130.0,0.0,0,WTK
2007-01-08,130.0,130.0,130.0,130.0,0.0,0,WTK
2007-01-08,130.0,145.0,145.0,145.0,5800.0,1,WTK
2007-01-09,130.0,130.0,130.0,130.0,0.0,0,WTK
2007-01-09,130.0,145.0,145.0,145.0,5800.0,1,WTK
2007-01-10,145.0,145.0,107.0,108.0,1100.0,0,WTK
2007-01-11,108.0,120.0,108.0,117.0,11600.0,0,WTK
2007-01-12,108.0,120.0,115.0,117.0,11600.0,1,WTK
2007-01-12,117.0,117.0,117.0,117.0,0.0,0,WTK
2007-01-15,117.0,130.0,117.0,126.0,1300.0,0,WTK
2007-01-16,126.0,126.0,122.0,122.0,1700.0,0,WTK
2007-01-17,122.0,130.0,122.0,126.0,2000.0,0,WTK
2007-01-18,126.0,130.0,126.0,130.0,100.0,0,WTK
2007-01-19,130.0,140.0,128.0,129.0,19600.0,0,WTK
2007-01-22,129.0,140.0,129.0,140.0,100.0,0,WTK
2007-01-23,140.0,150.0,140.0,147.0,1100.0,0,WTK
2007-01-24,147.0,160.0,147.0,159.0,21500.0,0,WTK
2007-01-25,159.0,165.0,159.0,160.0,9600.0,0,WTK
2007-01-26,160.0,160.0,160.0,160.0,500.0,0,WTK
2007-01-29,160.0,160.0,158.0,158.0,2000.0,0,WTK
2007-01-30,158.0,158.0,143.0,143.0,100.0,0,WTK
2007-01-31,143.0,143.0,129.0,136.0,700.0,0,WTK
2007-02-01,136.0,136.0,120.0,120.0,10000.0,0,WTK
2007-02-02,120.0,135.0,120.0,128.0,900.0,0,WTK
2007-02-05,128.0,131.0,128.0,131.0,1300.0,0,WTK
2007-02-06,128.0,131.0,131.0,131.0,1300.0,1,WTK
2007-02-06,131.0,131.0,131.0,131.0,0.0,0,WTK
2007-02-07,131.0,132.0,131.0,132.0,5800.0,0,WTK
2007-02-08,132.0,120.0,120.0,120.0,1000.0,1,WTK
2007-02-08,132.0,132.0,132.0,132.0,0.0,0,WTK
2007-02-09,132.0,120.0,120.0,120.0,1000.0,1,WTK
2007-02-09,132.0,132.0,132.0,132.0,0.0,0,WTK
2007-02-12,132.0,120.0,120.0,120.0,1000.0,1,WTK
2007-02-12,132.0,132.0,132.0,132.0,0.0,0,WTK
2007-02-13,125.0,160.0,125.0,159.0,55600.0,0,WTK
2007-02-14,159.0,160.0,145.0,159.0,39600.0,0,WTK
2007-02-15,159.0,145.0,145.0,145.0,200.0,1,WTK
2007-02-15,159.0,159.0,159.0,159.0,0.0,0,WTK
2007-02-16,145.0,145.0,145.0,145.0,100.0,0,WTK
2007-02-19,145.0,145.0,145.0,145.0,0.0,0,WTK
2007-02-19,145.0,145.0,145.0,145.0,100.0,1,WTK
2007-02-20,145.0,150.0,145.0,149.0,3000.0,0,WTK
2007-02-21,149.0,160.0,149.0,155.0,10000.0,0,WTK
2007-02-22,155.0,160.0,155.0,158.0,16800.0,0,WTK
2007-02-23,158.0,160.0,155.0,159.0,23600.0,0,WTK
2007-02-26,159.0,165.0,159.0,160.0,41400.0,0,WTK
2007-02-27,160.0,160.0,145.0,147.0,1200.0,0,WTK
2007-02-28,147.0,150.0,145.0,146.0,900.0,0,WTK
2007-03-01,146.0,146.0,120.0,120.0,2000.0,0,WTK
2007-03-02,146.0,120.0,120.0,120.0,2000.0,1,WTK
2007-03-02,120.0,120.0,120.0,120.0,0.0,0,WTK
2007-03-05,134.0,134.0,131.0,131.0,10000.0,0,WTK
2007-03-06,131.0,131.0,131.0,131.0,0.0,0,WTK
2007-03-06,134.0,131.0,131.0,131.0,10000.0,1,WTK
2007-03-07,131.0,132.0,120.0,130.0,3300.0,0,WTK
2007-03-08,130.0,130.0,127.0,127.0,100.0,0,WTK
2007-03-09,127.0,127.0,127.0,127.0,0.0,0,WTK
2007-03-09,130.0,127.0,127.0,127.0,100.0,1,WTK
2007-03-12,108.0,112.0,108.0,112.0,9900.0,0,WTK
2007-03-13,108.0,112.0,112.0,112.0,9900.0,1,WTK
2007-03-13,112.0,112.0,112.0,112.0,0.0,0,WTK
2007-03-14,112.0,150.0,150.0,150.0,1000.0,1,WTK
2007-03-14,112.0,112.0,112.0,112.0,0.0,0,WTK
2007-03-15,150.0,150.0,150.0,150.0,800.0,1,WTK
2007-03-15,112.0,112.0,112.0,112.0,0.0,0,WTK
2007-03-16,150.0,150.0,150.0,150.0,800.0,1,WTK
2007-03-16,112.0,112.0,112.0,112.0,0.0,0,WTK
2007-03-19,150.0,150.0,150.0,150.0,800.0,1,WTK
2007-03-19,112.0,112.0,112.0,112.0,0.0,0,WTK
2007-03-20,150.0,150.0,135.0,135.0,200.0,0,WTK
2007-03-21,135.0,135.0,130.0,130.0,100.0,0,WTK
2007-03-22,130.0,130.0,120.0,120.0,1100.0,0,WTK
2007-03-23,120.0,112.0,108.0,111.0,5500.0,1,WTK
2007-03-23,120.0,120.0,120.0,120.0,0.0,0,WTK
2007-03-26,120.0,120.0,120.0,120.0,0.0,0,WTK
2007-03-26,120.0,112.0,108.0,111.0,5500.0,1,WTK
2007-03-27,120.0,120.0,120.0,120.0,0.0,0,WTK
2007-03-27,120.0,112.0,108.0,111.0,5500.0,1,WTK
2007-03-28,120.0,112.0,108.0,111.0,5500.0,1,WTK
2007-03-28,120.0,120.0,120.0,120.0,0.0,0,WTK
2007-03-29,111.0,118.0,111.0,117.0,300.0,0,WTK
2007-03-30,117.0,117.0,117.0,117.0,0.0,0,WTK
2007-03-30,117.0,128.0,128.0,128.0,100.0,1,WTK
2007-04-02,117.0,117.0,117.0,117.0,0.0,0,WTK
2007-04-02,117.0,128.0,128.0,128.0,100.0,1,WTK
2007-04-03,117.0,128.0,128.0,128.0,100.0,1,WTK
2007-04-03,117.0,117.0,117.0,117.0,0.0,0,WTK
2007-04-04,117.0,117.0,117.0,117.0,0.0,0,WTK
2007-04-04,112.0,140.0,121.0,133.0,9000.0,1,WTK
2007-04-05,112.0,140.0,121.0,133.0,9000.0,1,WTK
2007-04-05,117.0,117.0,117.0,117.0,0.0,0,WTK
2007-04-06,112.0,140.0,121.0,133.0,9000.0,1,WTK
2007-04-06,117.0,117.0,117.0,117.0,0.0,0,WTK
2007-04-09,133.0,133.0,106.0,106.0,600.0,0,WTK
2007-04-10,106.0,118.0,106.0,116.0,500.0,0,WTK
2007-04-11,106.0,118.0,115.0,116.0,500.0,1,WTK
2007-04-11,116.0,116.0,116.0,116.0,0.0,0,WTK
2007-04-12,116.0,116.0,116.0,116.0,0.0,0,WTK
2007-04-12,116.0,112.0,112.0,112.0,200.0,1,WTK
2007-04-13,116.0,116.0,116.0,116.0,0.0,0,WTK
2007-04-13,116.0,112.0,112.0,112.0,200.0,1,WTK
2007-04-16,116.0,116.0,116.0,116.0,0.0,0,WTK
2007-04-16,116.0,112.0,112.0,112.0,200.0,1,WTK
2007-04-17,116.0,116.0,116.0,116.0,0.0,0,WTK
2007-04-17,116.0,112.0,112.0,112.0,200.0,1,WTK
2007-04-18,116.0,116.0,116.0,116.0,0.0,0,WTK
2007-04-18,112.0,130.0,130.0,130.0,2400.0,1,WTK
2007-04-19,116.0,116.0,116.0,116.0,0.0,0,WTK
2007-04-19,130.0,130.0,130.0,130.0,500.0,1,WTK
2007-04-20,130.0,130.0,130.0,130.0,500.0,1,WTK
2007-04-20,116.0,116.0,116.0,116.0,0.0,0,WTK
2007-04-23,116.0,116.0,116.0,116.0,0.0,0,WTK
2007-04-23,130.0,130.0,130.0,130.0,500.0,1,WTK
2007-04-24,130.0,140.0,125.0,129.0,11100.0,0,WTK
2007-04-25,130.0,140.0,125.0,129.0,11100.0,1,WTK
2007-04-25,129.0,129.0,129.0,129.0,0.0,0,WTK
2007-04-26,129.0,140.0,129.0,140.0,1000.0,0,WTK
2007-04-27,140.0,140.0,130.0,130.0,3300.0,0,WTK
2007-04-30,130.0,140.0,130.0,140.0,100.0,0,WTK
2007-05-01,140.0,140.0,112.0,112.0,900.0,0,WTK
2007-05-02,112.0,130.0,112.0,128.0,10600.0,0,WTK
2007-05-03,128.0,150.0,128.0,150.0,500.0,0,WTK
2007-05-04,150.0,150.0,135.0,135.0,100.0,0,WTK
2007-05-07,135.0,135.0,135.0,135.0,0.0,0,WTK
2007-05-07,135.0,118.0,118.0,118.0,2000.0,1,WTK
2007-05-08,135.0,135.0,135.0,135.0,0.0,0,WTK
2007-05-08,135.0,118.0,118.0,118.0,2000.0,1,WTK
2007-05-09,135.0,118.0,118.0,118.0,2000.0,1,WTK
2007-05-09,135.0,135.0,135.0,135.0,0.0,0,WTK
2007-05-10,135.0,118.0,118.0,118.0,2000.0,1,WTK
2007-05-10,135.0,135.0,135.0,135.0,0.0,0,WTK
2007-05-11,135.0,135.0,135.0,135.0,0.0,0,WTK
2007-05-11,135.0,118.0,118.0,118.0,2000.0,1,WTK
2007-05-14,118.0,130.0,130.0,130.0,2000.0,1,WTK
2007-05-14,135.0,135.0,135.0,135.0,0.0,0,WTK
2007-05-15,130.0,130.0,130.0,130.0,11000.0,0,WTK
2007-05-16,130.0,130.0,130.0,130.0,400.0,1,WTK
2007-05-16,130.0,130.0,130.0,130.0,0.0,0,WTK
2007-05-17,130.0,143.0,143.0,143.0,100.0,1,WTK
2007-05-17,130.0,130.0,130.0,130.0,0.0,0,WTK
2007-05-18,130.0,143.0,143.0,143.0,100.0,1,WTK
2007-05-18,130.0,130.0,130.0,130.0,0.0,0,WTK
2007-05-21,130.0,130.0,130.0,130.0,0.0,0,WTK
2007-05-21,130.0,143.0,143.0,143.0,100.0,1,WTK
2007-05-22,130.0,130.0,130.0,130.0,0.0,0,WTK
2007-05-22,130.0,143.0,143.0,143.0,100.0,1,WTK
2007-05-23,130.0,130.0,130.0,130.0,0.0,0,WTK
2007-05-23,130.0,143.0,143.0,143.0,100.0,1,WTK
2007-05-24,130.0,130.0,130.0,130.0,0.0,0,WTK
2007-05-24,143.0,143.0,143.0,143.0,5800.0,1,WTK
2007-05-25,143.0,143.0,143.0,143.0,5800.0,1,WTK
2007-05-25,130.0,130.0,130.0,130.0,0.0,0,WTK
2007-05-28,143.0,143.0,135.0,137.0,600.0,0,WTK
2007-05-29,137.0,137.0,137.0,137.0,0.0,0,WTK
2007-05-29,137.0,143.0,125.0,132.0,1000.0,1,WTK
2007-05-30,137.0,137.0,137.0,137.0,0.0,0,WTK
2007-05-30,137.0,143.0,125.0,132.0,1000.0,1,WTK
2007-05-31,137.0,137.0,137.0,137.0,0.0,0,WTK
2007-05-31,137.0,143.0,125.0,132.0,1000.0,1,WTK
2007-06-01,137.0,137.0,137.0,137.0,0.0,0,WTK
2007-06-01,137.0,143.0,125.0,132.0,1000.0,1,WTK
2007-06-04,137.0,137.0,137.0,137.0,0.0,0,WTK
2007-06-04,137.0,143.0,125.0,132.0,1000.0,1,WTK
2007-06-05,137.0,137.0,137.0,137.0,0.0,0,WTK
2007-06-05,137.0,143.0,125.0,132.0,1000.0,1,WTK
2007-06-06,137.0,143.0,125.0,132.0,1000.0,1,WTK
2007-06-06,137.0,137.0,137.0,137.0,0.0,0,WTK
2007-06-07,137.0,137.0,137.0,137.0,0.0,0,WTK
2007-06-07,137.0,143.0,125.0,132.0,1000.0,1,WTK
2007-06-08,129.0,129.0,116.0,116.0,3800.0,0,WTK
2007-06-11,116.0,116.0,116.0,116.0,0.0,0,WTK
2007-06-11,129.0,127.0,116.0,116.0,3800.0,1,WTK
2007-06-12,115.0,113.0,101.0,103.0,57000.0,1,WTK
2007-06-12,116.0,116.0,116.0,116.0,0.0,0,WTK
2007-06-13,115.0,113.0,101.0,103.0,57000.0,1,WTK
2007-06-13,116.0,116.0,116.0,116.0,0.0,0,WTK
2007-06-14,116.0,116.0,116.0,116.0,0.0,0,WTK
2007-06-14,115.0,113.0,101.0,103.0,57000.0,1,WTK
2007-06-15,116.0,116.0,116.0,116.0,0.0,0,WTK
2007-06-15,115.0,113.0,101.0,103.0,57000.0,1,WTK
2007-06-18,115.0,113.0,101.0,103.0,57000.0,1,WTK
2007-06-18,116.0,116.0,116.0,116.0,0.0,0,WTK
2007-06-19,103.0,130.0,103.0,130.0,500.0,0,WTK
2007-06-20,130.0,130.0,130.0,130.0,2200.0,0,WTK
2007-06-21,130.0,130.0,128.0,128.0,500.0,0,WTK
2007-06-22,128.0,130.0,130.0,130.0,200.0,1,WTK
2007-06-22,128.0,128.0,128.0,128.0,0.0,0,WTK
2007-06-25,128.0,130.0,130.0,130.0,200.0,1,WTK
2007-06-25,128.0,128.0,128.0,128.0,0.0,0,WTK
2007-06-26,128.0,128.0,128.0,128.0,0.0,0,WTK
2007-06-26,128.0,130.0,130.0,130.0,200.0,1,WTK
2007-06-27,128.0,128.0,128.0,128.0,0.0,0,WTK
2007-06-27,128.0,130.0,130.0,130.0,200.0,1,WTK
2007-06-28,128.0,128.0,128.0,128.0,0.0,0,WTK
2007-06-28,130.0,130.0,130.0,130.0,100.0,1,WTK
2007-06-29,130.0,130.0,125.0,129.0,1100.0,0,WTK
2007-07-02,129.0,130.0,130.0,130.0,6000.0,1,WTK
2007-07-02,129.0,129.0,129.0,129.0,0.0,0,WTK
2007-07-03,129.0,129.0,129.0,129.0,0.0,0,WTK
2007-07-03,129.0,130.0,130.0,130.0,6000.0,1,WTK
2007-07-04,129.0,130.0,130.0,130.0,6000.0,1,WTK
2007-07-04,129.0,129.0,129.0,129.0,0.0,0,WTK
2007-07-05,129.0,129.0,129.0,129.0,0.0,0,WTK
2007-07-05,130.0,130.0,130.0,130.0,1700.0,1,WTK
2007-07-06,129.0,129.0,129.0,129.0,0.0,0,WTK
2007-07-06,130.0,130.0,130.0,130.0,2000.0,1,WTK
2007-07-09,129.0,129.0,129.0,129.0,0.0,0,WTK
2007-07-09,130.0,130.0,130.0,130.0,2000.0,1,WTK
2007-07-10,129.0,129.0,129.0,129.0,0.0,0,WTK
2007-07-10,130.0,130.0,130.0,130.0,2000.0,1,WTK
2007-07-11,130.0,130.0,130.0,130.0,2000.0,1,WTK
2007-07-11,129.0,129.0,129.0,129.0,0.0,0,WTK
2007-07-12,130.0,130.0,130.0,130.0,2000.0,1,WTK
2007-07-12,129.0,129.0,129.0,129.0,0.0,0,WTK
2007-07-13,130.0,130.0,120.0,120.0,200.0,0,WTK
2007-07-16,120.0,120.0,119.0,119.0,400.0,0,WTK
2007-07-17,119.0,119.0,119.0,119.0,0.0,0,WTK
2007-07-17,120.0,120.0,119.0,119.0,400.0,1,WTK
2007-07-18,119.0,119.0,117.0,118.0,1500.0,0,WTK
2007-07-19,118.0,118.0,118.0,118.0,0.0,0,WTK
2007-07-19,119.0,119.0,117.0,118.0,1500.0,1,WTK
2007-07-20,118.0,120.0,118.0,120.0,300.0,0,WTK
2007-07-23,120.0,115.0,115.0,115.0,600.0,1,WTK
2007-07-23,120.0,120.0,120.0,120.0,0.0,0,WTK
2007-07-24,120.0,120.0,120.0,120.0,0.0,0,WTK
2007-07-24,120.0,115.0,115.0,115.0,600.0,1,WTK
2007-07-25,120.0,115.0,115.0,115.0,600.0,1,WTK
2007-07-25,120.0,120.0,120.0,120.0,0.0,0,WTK
2007-07-26,120.0,115.0,115.0,115.0,600.0,1,WTK
2007-07-26,120.0,120.0,120.0,120.0,0.0,0,WTK
2007-07-27,120.0,120.0,120.0,120.0,0.0,0,WTK
2007-07-27,120.0,115.0,115.0,115.0,600.0,1,WTK
2007-07-30,115.0,116.0,115.0,116.0,700.0,0,WTK
2007-07-31,116.0,116.0,116.0,116.0,0.0,0,WTK
2007-07-31,115.0,116.0,116.0,116.0,700.0,1,WTK
2007-08-01,116.0,116.0,113.0,113.0,200.0,0,WTK
2007-08-02,113.0,135.0,113.0,132.0,15400.0,0,WTK
2007-08-03,132.0,150.0,150.0,150.0,2700.0,1,WTK
2007-08-03,132.0,132.0,132.0,132.0,0.0,0,WTK
2007-08-06,132.0,132.0,132.0,132.0,0.0,0,WTK
2007-08-06,132.0,150.0,150.0,150.0,2700.0,1,WTK
2007-08-07,132.0,150.0,150.0,150.0,2700.0,1,WTK
2007-08-07,132.0,132.0,132.0,132.0,0.0,0,WTK
2007-08-08,132.0,150.0,150.0,150.0,2700.0,1,WTK
2007-08-08,132.0,132.0,132.0,132.0,0.0,0,WTK
2007-08-09,132.0,132.0,132.0,132.0,0.0,0,WTK
2007-08-09,132.0,150.0,150.0,150.0,2700.0,1,WTK
2007-08-10,132.0,150.0,150.0,150.0,2700.0,1,WTK
2007-08-10,132.0,132.0,132.0,132.0,0.0,0,WTK
2007-08-13,132.0,150.0,150.0,150.0,2700.0,1,WTK
2007-08-13,132.0,132.0,132.0,132.0,0.0,0,WTK
2007-08-14,132.0,150.0,150.0,150.0,2700.0,1,WTK
2007-08-14,132.0,132.0,132.0,132.0,0.0,0,WTK
2007-08-15,132.0,132.0,132.0,132.0,0.0,0,WTK
2007-08-15,130.0,116.0,116.0,116.0,800.0,1,WTK
2007-08-16,116.0,116.0,116.0,116.0,3000.0,1,WTK
2007-08-16,132.0,132.0,132.0,132.0,0.0,0,WTK
2007-08-17,116.0,116.0,116.0,116.0,2500.0,1,WTK
2007-08-17,132.0,132.0,132.0,132.0,0.0,0,WTK
2007-08-20,132.0,132.0,132.0,132.0,0.0,0,WTK
2007-08-20,116.0,116.0,116.0,116.0,2500.0,1,WTK
2007-08-21,116.0,115.0,115.0,115.0,800.0,1,WTK
2007-08-21,132.0,132.0,132.0,132.0,0.0,0,WTK
2007-08-22,132.0,132.0,132.0,132.0,0.0,0,WTK
2007-08-22,116.0,115.0,115.0,115.0,800.0,1,WTK
2007-08-23,116.0,115.0,115.0,115.0,800.0,1,WTK
2007-08-23,132.0,132.0,132.0,132.0,0.0,0,WTK
2007-08-24,132.0,132.0,132.0,132.0,0.0,0,WTK
2007-08-24,115.0,115.0,115.0,115.0,1000.0,1,WTK
2007-08-27,115.0,115.0,115.0,115.0,1000.0,1,WTK
2007-08-27,132.0,132.0,132.0,132.0,0.0,0,WTK
2007-08-28,132.0,132.0,132.0,132.0,0.0,0,WTK
2007-08-28,115.0,115.0,105.0,106.0,1200.0,1,WTK
2007-08-29,132.0,132.0,132.0,132.0,0.0,0,WTK
2007-08-29,115.0,115.0,105.0,106.0,1200.0,1,WTK
2007-08-30,115.0,115.0,105.0,106.0,1200.0,1,WTK
2007-08-30,132.0,132.0,132.0,132.0,0.0,0,WTK
2007-08-31,115.0,115.0,105.0,106.0,1200.0,1,WTK
2007-08-31,132.0,132.0,132.0,132.0,0.0,0,WTK
2007-09-03,115.0,115.0,105.0,106.0,1200.0,1,WTK
2007-09-03,132.0,132.0,132.0,132.0,0.0,0,WTK
2007-09-04,132.0,132.0,132.0,132.0,0.0,0,WTK
2007-09-04,115.0,115.0,105.0,106.0,1200.0,1,WTK
2007-09-05,132.0,132.0,132.0,132.0,0.0,0,WTK
2007-09-05,115.0,115.0,105.0,106.0,1200.0,1,WTK
2007-09-06,132.0,132.0,132.0,132.0,0.0,0,WTK
2007-09-06,115.0,115.0,105.0,106.0,1200.0,1,WTK
2007-09-07,143.0,143.0,117.0,117.0,800.0,0,WTK
2007-09-10,117.0,117.0,117.0,117.0,0.0,0,WTK
2007-09-10,143.0,117.0,117.0,117.0,800.0,1,WTK
2007-09-11,116.0,122.0,116.0,122.0,300.0,0,WTK
2007-09-12,122.0,122.0,122.0,122.0,0.0,0,WTK
2007-09-12,116.0,122.0,122.0,122.0,300.0,1,WTK
2007-09-13,122.0,122.0,105.0,105.0,500.0,0,WTK
2007-09-14,105.0,106.0,105.0,106.0,200.0,0,WTK
2007-09-17,106.0,106.0,106.0,106.0,1000.0,0,WTK
2007-09-18,106.0,106.0,104.0,104.0,900.0,0,WTK
2007-09-19,104.0,106.0,104.0,106.0,600.0,0,WTK
2007-09-20,106.0,106.0,106.0,106.0,0.0,0,WTK
2007-09-20,106.0,107.0,107.0,107.0,1700.0,1,WTK
2007-09-21,107.0,107.0,107.0,107.0,300.0,0,WTK
2007-09-24,107.0,107.0,107.0,107.0,0.0,0,WTK
2007-09-24,107.0,107.0,107.0,107.0,500.0,1,WTK
2007-09-25,107.0,108.0,107.0,108.0,1000.0,0,WTK
2007-09-26,108.0,108.0,106.0,106.0,1900.0,0,WTK
2007-09-27,106.0,107.0,106.0,107.0,2300.0,0,WTK
2007-09-28,106.0,107.0,107.0,107.0,2300.0,1,WTK
2007-09-28,107.0,107.0,107.0,107.0,0.0,0,WTK
2007-10-01,107.0,107.0,107.0,107.0,0.0,0,WTK
2007-10-01,107.0,112.0,112.0,112.0,500.0,1,WTK
2007-10-02,107.0,107.0,107.0,107.0,0.0,0,WTK
2007-10-02,107.0,112.0,112.0,112.0,500.0,1,WTK
2007-10-03,107.0,107.0,107.0,107.0,0.0,0,WTK
2007-10-03,107.0,112.0,112.0,112.0,500.0,1,WTK
2007-10-04,112.0,140.0,112.0,140.0,1400.0,0,WTK
2007-10-05,140.0,140.0,130.0,130.0,1600.0,0,WTK
2007-10-08,130.0,130.0,130.0,130.0,0.0,0,WTK
2007-10-08,140.0,130.0,130.0,130.0,1600.0,1,WTK
2007-10-09,130.0,130.0,130.0,130.0,0.0,0,WTK
2007-10-09,130.0,106.0,106.0,106.0,1800.0,1,WTK
2007-10-10,130.0,130.0,130.0,130.0,0.0,0,WTK
2007-10-10,130.0,106.0,106.0,106.0,1800.0,1,WTK
2007-10-11,130.0,130.0,130.0,130.0,0.0,0,WTK
2007-10-11,130.0,106.0,106.0,106.0,1800.0,1,WTK
2007-10-12,106.0,113.0,106.0,113.0,900.0,0,WTK
2007-10-15,113.0,113.0,113.0,113.0,0.0,0,WTK
2007-10-15,106.0,113.0,113.0,113.0,900.0,1,WTK
2007-10-16,113.0,107.0,107.0,107.0,400.0,1,WTK
2007-10-16,113.0,113.0,113.0,113.0,0.0,0,WTK
2007-10-17,113.0,113.0,113.0,113.0,0.0,0,WTK
2007-10-17,107.0,107.0,107.0,107.0,4800.0,1,WTK
2007-10-18,113.0,113.0,113.0,113.0,0.0,0,WTK
2007-10-18,107.0,107.0,107.0,107.0,4800.0,1,WTK
2007-10-19,113.0,113.0,113.0,113.0,0.0,0,WTK
2007-10-19,107.0,107.0,107.0,107.0,4800.0,1,WTK
2007-10-22,107.0,117.0,115.0,116.0,47800.0,1,WTK
2007-10-22,113.0,113.0,113.0,113.0,0.0,0,WTK
2007-10-23,107.0,117.0,115.0,116.0,47800.0,1,WTK
2007-10-23,113.0,113.0,113.0,113.0,0.0,0,WTK
2007-10-24,107.0,117.0,115.0,116.0,47800.0,1,WTK
2007-10-24,113.0,113.0,113.0,113.0,0.0,0,WTK
2007-10-25,116.0,116.0,107.0,107.0,100.0,0,WTK
2007-10-26,116.0,107.0,107.0,107.0,100.0,1,WTK
2007-10-26,107.0,107.0,107.0,107.0,0.0,0,WTK
2007-10-29,107.0,115.0,107.0,112.0,2400.0,0,WTK
2007-10-30,112.0,112.0,112.0,112.0,0.0,0,WTK
2007-10-30,107.0,115.0,108.0,112.0,2400.0,1,WTK
2007-10-31,112.0,120.0,108.0,110.0,13000.0,0,WTK
2007-11-01,110.0,110.0,110.0,110.0,0.0,0,WTK
2007-11-01,110.0,115.0,115.0,115.0,500.0,1,WTK
2007-11-02,110.0,110.0,110.0,110.0,0.0,0,WTK
2007-11-02,110.0,115.0,115.0,115.0,500.0,1,WTK
2007-11-05,110.0,115.0,115.0,115.0,500.0,1,WTK
2007-11-05,110.0,110.0,110.0,110.0,0.0,0,WTK
2007-11-06,110.0,110.0,110.0,110.0,0.0,0,WTK
2007-11-06,110.0,115.0,115.0,115.0,500.0,1,WTK
2007-11-07,110.0,110.0,110.0,110.0,0.0,0,WTK
2007-11-07,110.0,115.0,115.0,115.0,500.0,1,WTK
2007-11-08,110.0,115.0,115.0,115.0,500.0,1,WTK
2007-11-08,110.0,110.0,110.0,110.0,0.0,0,WTK
2007-11-09,139.0,139.0,106.0,106.0,300.0,0,WTK
2007-11-12,107.0,113.0,107.0,113.0,200.0,0,WTK
2007-11-13,113.0,122.0,113.0,122.0,100.0,0,WTK
2007-11-14,113.0,122.0,122.0,122.0,100.0,1,WTK
2007-11-14,122.0,122.0,122.0,122.0,0.0,0,WTK
2007-11-15,122.0,122.0,116.0,116.0,1500.0,0,WTK
2007-11-16,116.0,122.0,116.0,121.0,1100.0,0,WTK
2007-11-19,121.0,122.0,121.0,122.0,100.0,0,WTK
2007-11-20,122.0,129.0,122.0,128.0,3600.0,0,WTK
2007-11-21,128.0,129.0,128.0,129.0,1000.0,0,WTK
2007-11-22,129.0,129.0,129.0,129.0,0.0,0,WTK
2007-11-22,128.0,129.0,129.0,129.0,1000.0,1,WTK
2007-11-23,129.0,140.0,129.0,139.0,1100.0,0,WTK
2007-11-26,139.0,148.0,128.0,131.0,1200.0,0,WTK
2007-11-27,131.0,138.0,131.0,138.0,1000.0,0,WTK
2007-11-28,138.0,138.0,127.0,127.0,1000.0,0,WTK
2007-11-29,127.0,122.0,122.0,122.0,100.0,1,WTK
2007-11-29,127.0,127.0,127.0,127.0,0.0,0,WTK
2007-11-30,127.0,127.0,127.0,127.0,0.0,0,WTK
2007-11-30,127.0,122.0,122.0,122.0,100.0,1,WTK
2007-12-03,127.0,122.0,122.0,122.0,100.0,1,WTK
2007-12-03,127.0,127.0,127.0,127.0,0.0,0,WTK
2007-12-04,127.0,122.0,122.0,122.0,100.0,1,WTK
2007-12-04,127.0,127.0,127.0,127.0,0.0,0,WTK
2007-12-05,127.0,127.0,127.0,127.0,0.0,0,WTK
2007-12-05,127.0,122.0,122.0,122.0,100.0,1,WTK
2007-12-06,127.0,122.0,122.0,122.0,100.0,1,WTK
2007-12-06,127.0,127.0,127.0,127.0,0.0,0,WTK
2007-12-07,127.0,122.0,122.0,122.0,100.0,1,WTK
2007-12-07,127.0,127.0,127.0,127.0,0.0,0,WTK
2007-12-10,106.0,107.0,107.0,107.0,200.0,1,WTK
2007-12-10,127.0,127.0,127.0,127.0,0.0,0,WTK
2007-12-11,127.0,127.0,127.0,127.0,0.0,0,WTK
2007-12-11,106.0,107.0,107.0,107.0,200.0,1,WTK
2007-12-12,106.0,107.0,107.0,107.0,200.0,1,WTK
2007-12-12,127.0,127.0,127.0,127.0,0.0,0,WTK
2007-12-13,127.0,127.0,127.0,127.0,0.0,0,WTK
2007-12-13,106.0,107.0,107.0,107.0,200.0,1,WTK
2007-12-14,107.0,107.0,103.0,103.0,1000.0,0,WTK
2007-12-17,103.0,110.0,110.0,110.0,100.0,1,WTK
2007-12-17,103.0,103.0,103.0,103.0,0.0,0,WTK
2007-12-18,103.0,110.0,110.0,110.0,100.0,1,WTK
2007-12-18,103.0,103.0,103.0,103.0,0.0,0,WTK
2007-12-19,103.0,110.0,110.0,110.0,100.0,1,WTK
2007-12-19,103.0,103.0,103.0,103.0,0.0,0,WTK
2007-12-20,110.0,110.0,100.0,101.0,9800.0,0,WTK
2007-12-21,101.0,110.0,110.0,110.0,2400.0,1,WTK
2007-12-21,101.0,101.0,101.0,101.0,0.0,0,WTK
2007-12-24,101.0,110.0,110.0,110.0,2400.0,1,WTK
2007-12-24,101.0,101.0,101.0,101.0,0.0,0,WTK
2007-12-25,101.0,110.0,110.0,110.0,2400.0,1,WTK
2007-12-25,101.0,101.0,101.0,101.0,0.0,0,WTK
2007-12-26,101.0,101.0,101.0,101.0,0.0,0,WTK
2007-12-26,101.0,110.0,110.0,110.0,2400.0,1,WTK
2007-12-27,101.0,110.0,110.0,110.0,2400.0,1,WTK
2007-12-27,101.0,101.0,101.0,101.0,0.0,0,WTK
2007-12-28,101.0,101.0,101.0,101.0,0.0,0,WTK
2007-12-28,101.0,110.0,110.0,110.0,2400.0,1,WTK
2007-12-31,101.0,110.0,110.0,110.0,2400.0,1,WTK
2007-12-31,101.0,101.0,101.0,101.0,0.0,0,WTK
2008-01-01,101.0,101.0,101.0,101.0,0.0,0,WTK
2008-01-01,101.0,110.0,110.0,110.0,2400.0,1,WTK
2008-01-02,110.0,110.0,90.0,90.0,1500.0,0,WTK
2008-01-03,90.0,90.0,90.0,90.0,0.0,0,WTK
2008-01-03,110.0,90.0,90.0,90.0,1500.0,1,WTK
2008-01-04,90.0,90.0,80.0,80.0,500.0,0,WTK
2008-01-07,80.0,80.0,80.0,80.0,0.0,0,WTK
2008-01-07,90.0,80.0,80.0,80.0,500.0,1,WTK
2008-01-08,80.0,80.0,80.0,80.0,0.0,0,WTK
2008-01-08,80.0,75.0,74.5,74.5,175500.0,1,WTK
2008-01-09,80.0,75.0,74.5,74.5,175500.0,1,WTK
2008-01-09,80.0,80.0,80.0,80.0,0.0,0,WTK
2008-01-10,80.0,75.0,74.5,74.5,175500.0,1,WTK
2008-01-10,80.0,80.0,80.0,80.0,0.0,0,WTK
2008-01-11,80.0,75.0,74.5,74.5,175500.0,1,WTK
2008-01-11,80.0,80.0,80.0,80.0,0.0,0,WTK
2008-01-14,74.5,100.0,74.5,100.0,300.0,0,WTK
2008-01-15,100.0,110.0,100.0,108.0,10200.0,0,WTK
2008-01-16,108.0,110.0,110.0,110.0,200.0,1,WTK
2008-01-16,108.0,108.0,108.0,108.0,0.0,0,WTK
2008-01-17,108.0,110.0,110.0,110.0,200.0,1,WTK
2008-01-17,108.0,108.0,108.0,108.0,0.0,0,WTK
2008-01-18,108.0,110.0,110.0,110.0,200.0,1,WTK
2008-01-18,108.0,108.0,108.0,108.0,0.0,0,WTK
2008-01-21,108.0,108.0,108.0,108.0,0.0,0,WTK
2008-01-21,108.0,110.0,110.0,110.0,200.0,1,WTK
2008-01-22,108.0,108.0,108.0,108.0,0.0,0,WTK
2008-01-22,108.0,110.0,110.0,110.0,200.0,1,WTK
2008-01-23,108.0,108.0,108.0,108.0,0.0,0,WTK
2008-01-23,110.0,100.0,100.0,100.0,500.0,1,WTK
2008-01-24,100.0,100.0,100.0,100.0,1100.0,1,WTK
2008-01-24,108.0,108.0,108.0,108.0,0.0,0,WTK
2008-01-25,108.0,108.0,108.0,108.0,0.0,0,WTK
2008-01-25,100.0,100.0,100.0,100.0,1100.0,1,WTK
2008-01-28,108.0,108.0,108.0,108.0,0.0,0,WTK
2008-01-28,100.0,100.0,100.0,100.0,5000.0,1,WTK
2008-01-29,100.0,100.0,100.0,100.0,5000.0,1,WTK
2008-01-29,108.0,108.0,108.0,108.0,0.0,0,WTK
2008-01-30,100.0,100.0,100.0,100.0,5000.0,1,WTK
2008-01-30,108.0,108.0,108.0,108.0,0.0,0,WTK
2008-01-31,100.0,100.0,100.0,100.0,5000.0,1,WTK
2008-01-31,108.0,108.0,108.0,108.0,0.0,0,WTK
2008-02-01,108.0,108.0,108.0,108.0,0.0,0,WTK
2008-02-01,100.0,100.0,100.0,100.0,5000.0,1,WTK
2008-02-04,100.0,100.0,100.0,100.0,5000.0,1,WTK
2008-02-04,108.0,108.0,108.0,108.0,0.0,0,WTK
2008-02-05,100.0,100.0,88.0,88.0,1000.0,0,WTK
2008-02-06,100.0,88.0,88.0,88.0,1000.0,1,WTK
2008-02-06,88.0,88.0,88.0,88.0,0.0,0,WTK
2008-02-07,88.0,80.0,80.0,80.0,200.0,1,WTK
2008-02-07,88.0,88.0,88.0,88.0,0.0,0,WTK
2008-02-08,88.0,88.0,88.0,88.0,0.0,0,WTK
2008-02-08,88.0,80.0,80.0,80.0,200.0,1,WTK
2008-02-11,88.0,80.0,80.0,80.0,200.0,1,WTK
2008-02-11,88.0,88.0,88.0,88.0,0.0,0,WTK
2008-02-12,88.0,88.0,88.0,88.0,0.0,0,WTK
2008-02-12,88.0,80.0,80.0,80.0,200.0,1,WTK
2008-02-13,74.5,85.0,85.0,85.0,500.0,1,WTK
2008-02-13,88.0,88.0,88.0,88.0,0.0,0,WTK
2008-02-14,88.0,88.0,88.0,88.0,0.0,0,WTK
2008-02-14,74.5,85.0,85.0,85.0,500.0,1,WTK
2008-02-15,74.5,85.0,85.0,85.0,500.0,1,WTK
2008-02-15,88.0,88.0,88.0,88.0,0.0,0,WTK
2008-02-18,74.5,85.0,85.0,85.0,500.0,1,WTK
2008-02-18,88.0,88.0,88.0,88.0,0.0,0,WTK
2008-02-19,88.0,88.0,88.0,88.0,0.0,0,WTK
2008-02-19,74.5,85.0,85.0,85.0,500.0,1,WTK
2008-02-20,85.0,93.0,90.0,90.5,700.0,1,WTK
2008-02-20,88.0,88.0,88.0,88.0,0.0,0,WTK
2008-02-21,88.0,88.0,88.0,88.0,0.0,0,WTK
2008-02-21,85.0,93.0,90.0,90.5,700.0,1,WTK
2008-02-22,85.0,93.0,90.0,90.5,700.0,1,WTK
2008-02-22,88.0,88.0,88.0,88.0,0.0,0,WTK
2008-02-25,90.5,88.0,88.0,88.0,1100.0,1,WTK
2008-02-25,88.0,88.0,88.0,88.0,0.0,0,WTK
2008-02-26,88.0,88.0,88.0,88.0,0.0,0,WTK
2008-02-26,90.5,88.0,88.0,88.0,1100.0,1,WTK
2008-02-27,88.0,88.0,88.0,88.0,0.0,0,WTK
2008-02-27,90.5,88.0,88.0,88.0,1100.0,1,WTK
2008-02-28,88.0,88.0,88.0,88.0,200.0,1,WTK
2008-02-28,88.0,88.0,88.0,88.0,0.0,0,WTK
2008-02-29,88.0,88.0,80.0,82.5,10100.0,1,WTK
2008-02-29,88.0,88.0,88.0,88.0,0.0,0,WTK
2008-03-03,82.5,82.5,82.5,82.5,800.0,1,WTK
2008-03-03,88.0,88.0,88.0,88.0,0.0,0,WTK
2008-03-04,82.5,82.5,82.5,82.5,800.0,1,WTK
2008-03-04,88.0,88.0,88.0,88.0,0.0,0,WTK
2008-03-05,88.0,88.0,88.0,88.0,0.0,0,WTK
2008-03-05,82.5,82.5,82.5,82.5,800.0,1,WTK
2008-03-06,88.0,88.0,88.0,88.0,0.0,0,WTK
2008-03-06,82.5,82.5,82.5,82.5,800.0,1,WTK
2008-03-07,82.5,82.5,82.5,82.5,800.0,1,WTK
2008-03-07,88.0,88.0,88.0,88.0,0.0,0,WTK
2008-03-10,82.5,82.5,82.5,82.5,800.0,1,WTK
2008-03-10,88.0,88.0,88.0,88.0,0.0,0,WTK
2008-03-11,82.5,82.5,82.5,82.5,800.0,1,WTK
2008-03-11,88.0,88.0,88.0,88.0,0.0,0,WTK
2008-03-12,70.0,62.0,62.0,62.0,600.0,1,WTK
2008-03-13,62.0,62.0,62.0,62.0,0.0,1,WTK
2008-03-13,62.0,80.0,80.0,80.0,20900.0,1,WTK
2008-03-14,62.0,80.0,80.0,80.0,20900.0,1,WTK
2008-03-14,62.0,62.0,62.0,62.0,0.0,1,WTK
2008-03-17,62.0,62.0,62.0,62.0,0.0,1,WTK
2008-03-17,62.0,80.0,80.0,80.0,20900.0,1,WTK
2008-03-18,80.0,80.0,80.0,80.0,1600.0,1,WTK
2008-03-18,62.0,62.0,62.0,62.0,0.0,1,WTK
2008-03-19,62.0,62.0,62.0,62.0,0.0,1,WTK
2008-03-19,80.0,80.0,80.0,80.0,1600.0,1,WTK
2008-03-20,62.0,62.0,62.0,62.0,0.0,1,WTK
2008-03-20,80.0,80.0,80.0,80.0,5800.0,1,WTK
2008-03-21,80.0,80.0,80.0,80.0,5800.0,1,WTK
2008-03-21,62.0,62.0,62.0,62.0,0.0,1,WTK
2008-03-24,80.0,80.0,80.0,80.0,5800.0,1,WTK
2008-03-24,62.0,62.0,62.0,62.0,0.0,1,WTK
2008-03-25,80.0,80.0,80.0,80.0,5900.0,1,WTK
2008-03-25,62.0,62.0,62.0,62.0,0.0,1,WTK
2008-03-26,62.0,62.0,62.0,62.0,0.0,1,WTK
2008-03-26,80.0,80.0,80.0,80.0,5900.0,1,WTK
2008-03-27,62.0,62.0,62.0,62.0,0.0,1,WTK
2008-03-27,80.0,80.0,80.0,80.0,2200.0,1,WTK
2008-03-28,62.0,62.0,62.0,62.0,0.0,1,WTK
2008-03-28,80.0,80.0,80.0,80.0,100.0,1,WTK
2008-03-31,80.0,81.0,80.0,80.5,8600.0,0,WTK
2008-04-01,80.5,80.5,80.5,80.5,0.0,0,WTK
2008-04-01,80.0,81.0,80.0,80.5,8600.0,1,WTK
2008-04-02,80.5,81.0,80.5,81.0,4000.0,0,WTK
2008-04-03,81.0,88.0,81.0,86.0,23000.0,0,WTK
2008-04-04,86.0,86.0,86.0,86.0,0.0,0,WTK
2008-04-04,81.0,88.0,83.0,86.0,23000.0,1,WTK
2008-04-07,80.0,80.0,80.0,80.0,200.0,0,WTK
2008-04-08,80.0,74.5,74.5,74.5,100.0,1,WTK
2008-04-08,80.0,80.0,80.0,80.0,0.0,0,WTK
2008-04-09,80.0,80.0,80.0,80.0,0.0,0,WTK
2008-04-09,80.0,74.5,74.5,74.5,100.0,1,WTK
2008-04-10,80.0,80.0,80.0,80.0,0.0,0,WTK
2008-04-10,80.0,74.5,74.5,74.5,100.0,1,WTK
2008-04-11,80.0,80.0,80.0,80.0,0.0,0,WTK
2008-04-11,80.0,74.5,74.5,74.5,100.0,1,WTK
2008-04-14,60.0,87.5,87.5,87.5,200.0,1,WTK
2008-04-14,80.0,80.0,80.0,80.0,0.0,0,WTK
2008-04-15,80.0,80.0,80.0,80.0,0.0,0,WTK
2008-04-15,60.0,87.5,87.5,87.5,200.0,1,WTK
2008-04-16,80.0,80.0,80.0,80.0,0.0,0,WTK
2008-04-16,60.0,87.5,87.5,87.5,200.0,1,WTK
2008-04-17,87.5,88.0,87.5,88.0,1200.0,0,WTK
2008-04-18,88.0,88.0,85.0,85.0,200.0,0,WTK
2008-04-21,85.0,85.0,85.0,85.0,0.0,0,WTK
2008-04-21,85.0,88.0,88.0,88.0,200.0,1,WTK
2008-04-22,88.0,88.0,88.0,88.0,100.0,1,WTK
2008-04-22,85.0,85.0,85.0,85.0,0.0,0,WTK
2008-04-23,85.0,85.0,85.0,85.0,0.0,0,WTK
2008-04-23,88.0,88.0,88.0,88.0,100.0,1,WTK
2008-04-24,88.0,88.0,88.0,88.0,100.0,1,WTK
2008-04-24,85.0,85.0,85.0,85.0,0.0,0,WTK
2008-04-25,85.0,85.0,85.0,85.0,0.0,0,WTK
2008-04-25,88.0,88.0,88.0,88.0,100.0,1,WTK
2008-04-28,88.0,88.0,88.0,88.0,400.0,1,WTK
2008-04-28,85.0,85.0,85.0,85.0,0.0,0,WTK
2008-04-29,85.0,85.0,85.0,85.0,0.0,0,WTK
2008-04-29,88.0,88.0,87.5,87.5,1300.0,1,WTK
2008-04-30,85.0,85.0,85.0,85.0,0.0,0,WTK
2008-04-30,88.0,88.0,87.5,87.5,1300.0,1,WTK
2008-05-01,88.0,88.0,87.5,87.5,1300.0,1,WTK
2008-05-01,85.0,85.0,85.0,85.0,0.0,0,WTK
2008-05-02,87.5,87.5,81.0,81.0,500.0,0,WTK
2008-05-05,81.5,88.0,87.0,87.5,2000.0,1,WTK
2008-05-05,81.0,81.0,81.0,81.0,0.0,0,WTK
2008-05-06,81.5,88.0,87.0,87.5,2000.0,1,WTK
2008-05-06,81.0,81.0,81.0,81.0,0.0,0,WTK
2008-05-07,81.0,81.0,81.0,81.0,0.0,0,WTK
2008-05-07,81.5,88.0,87.0,87.5,2000.0,1,WTK
2008-05-08,81.5,88.0,87.0,87.5,2000.0,1,WTK
2008-05-08,81.0,81.0,81.0,81.0,0.0,0,WTK
2008-05-09,81.0,81.0,81.0,81.0,0.0,0,WTK
2008-05-09,81.5,88.0,87.0,87.5,2000.0,1,WTK
2008-05-12,81.5,88.0,87.0,87.5,2000.0,1,WTK
2008-05-12,81.0,81.0,81.0,81.0,0.0,0,WTK
2008-05-13,81.5,88.0,87.0,87.5,2000.0,1,WTK
2008-05-13,81.0,81.0,81.0,81.0,0.0,0,WTK
2008-05-14,81.0,81.0,81.0,81.0,0.0,0,WTK
2008-05-14,81.5,88.0,87.0,87.5,2000.0,1,WTK
2008-05-15,87.5,85.0,85.0,85.0,500.0,1,WTK
2008-05-15,81.0,81.0,81.0,81.0,0.0,0,WTK
2008-05-16,81.0,81.0,81.0,81.0,0.0,0,WTK
2008-05-16,87.5,85.0,85.0,85.0,500.0,1,WTK
2008-05-19,81.0,81.0,81.0,81.0,0.0,0,WTK
2008-05-19,87.5,85.0,85.0,85.0,500.0,1,WTK
2008-05-20,87.5,85.0,85.0,85.0,500.0,1,WTK
2008-05-20,81.0,81.0,81.0,81.0,0.0,0,WTK
2008-05-21,87.5,85.0,85.0,85.0,500.0,1,WTK
2008-05-21,81.0,81.0,81.0,81.0,0.0,0,WTK
2008-05-22,81.0,81.0,81.0,81.0,0.0,0,WTK
2008-05-22,85.0,85.0,85.0,85.0,200.0,1,WTK
2008-05-23,81.0,81.0,81.0,81.0,0.0,0,WTK
2008-05-23,85.0,85.0,85.0,85.0,200.0,1,WTK
2008-05-26,85.0,85.0,85.0,85.0,200.0,1,WTK
2008-05-26,81.0,81.0,81.0,81.0,0.0,0,WTK
2008-05-27,85.0,85.0,85.0,85.0,200.0,1,WTK
2008-05-27,81.0,81.0,81.0,81.0,0.0,0,WTK
2008-05-28,85.0,85.0,85.0,85.0,200.0,1,WTK
2008-05-28,81.0,81.0,81.0,81.0,0.0,0,WTK
2008-05-29,85.0,85.0,79.0,79.0,400.0,0,WTK
2008-05-30,85.0,79.0,79.0,79.0,400.0,1,WTK
2008-05-30,79.0,79.0,79.0,79.0,0.0,0,WTK
2008-06-02,79.0,81.0,79.0,81.0,1100.0,0,WTK
2008-06-03,81.0,83.0,80.0,80.0,16700.0,0,WTK
2008-06-04,81.0,83.0,80.0,80.0,16700.0,1,WTK
2008-06-04,80.0,80.0,80.0,80.0,0.0,0,WTK
2008-06-05,80.0,80.0,80.0,80.0,0.0,0,WTK
2008-06-05,80.0,88.0,88.0,88.0,1000.0,1,WTK
2008-06-06,80.0,88.0,88.0,88.0,1000.0,1,WTK
2008-06-06,80.0,80.0,80.0,80.0,0.0,0,WTK
2008-06-09,80.0,80.0,80.0,80.0,0.0,0,WTK
2008-06-09,80.0,88.0,88.0,88.0,1000.0,1,WTK
2008-06-10,80.0,80.0,80.0,80.0,0.0,0,WTK
2008-06-10,80.0,88.0,88.0,88.0,1000.0,1,WTK
2008-06-11,80.0,88.0,88.0,88.0,1000.0,1,WTK
2008-06-11,80.0,80.0,80.0,80.0,0.0,0,WTK
2008-06-12,80.0,80.0,80.0,80.0,0.0,0,WTK
2008-06-12,80.0,88.0,88.0,88.0,1000.0,1,WTK
2008-06-13,80.0,80.0,80.0,80.0,0.0,0,WTK
2008-06-13,80.0,88.0,88.0,88.0,1000.0,1,WTK
2008-06-16,80.0,80.0,80.0,80.0,0.0,0,WTK
2008-06-16,80.0,88.0,88.0,88.0,1000.0,1,WTK
2008-06-17,80.0,88.0,88.0,88.0,1000.0,1,WTK
2008-06-17,80.0,80.0,80.0,80.0,0.0,0,WTK
2008-06-18,80.0,88.0,88.0,88.0,1000.0,1,WTK
2008-06-18,80.0,80.0,80.0,80.0,0.0,0,WTK
2008-06-19,80.0,80.0,80.0,80.0,0.0,0,WTK
2008-06-19,88.0,82.0,80.0,80.0,3100.0,1,WTK
2008-06-20,80.0,80.0,80.0,80.0,0.0,0,WTK
2008-06-20,88.0,82.0,80.0,80.0,3100.0,1,WTK
2008-06-23,88.0,82.0,80.0,80.0,3100.0,1,WTK
2008-06-23,80.0,80.0,80.0,80.0,0.0,0,WTK
2008-06-24,88.0,82.0,80.0,80.0,3100.0,1,WTK
2008-06-24,80.0,80.0,80.0,80.0,0.0,0,WTK
2008-06-25,80.0,80.0,80.0,80.0,0.0,0,WTK
2008-06-25,88.0,82.0,80.0,80.0,3100.0,1,WTK
2008-06-26,80.0,80.0,80.0,80.0,0.0,0,WTK
2008-06-26,88.0,82.0,80.0,80.0,3100.0,1,WTK
2008-06-27,80.0,80.0,80.0,80.0,0.0,0,WTK
2008-06-27,88.0,82.0,80.0,80.0,3100.0,1,WTK
2008-06-30,80.0,80.0,80.0,80.0,0.0,0,WTK
2008-06-30,88.0,82.0,80.0,80.0,3100.0,1,WTK
2008-07-01,80.0,110.0,110.0,110.0,300.0,1,WTK
2008-07-02,110.0,75.0,75.0,75.0,7400.0,0,WTK
2008-07-03,75.0,80.0,75.0,80.0,16800.0,0,WTK
2008-07-04,75.0,80.0,80.0,80.0,16800.0,1,WTK
2008-07-04,80.0,80.0,80.0,80.0,0.0,0,WTK
2008-07-07,88.0,80.0,72.0,73.0,600.0,1,WTK
2008-07-07,80.0,80.0,80.0,80.0,0.0,0,WTK
2008-07-08,88.0,80.0,72.0,73.0,600.0,1,WTK
2008-07-08,80.0,80.0,80.0,80.0,0.0,0,WTK
2008-07-09,88.0,80.0,72.0,73.0,600.0,1,WTK
2008-07-09,80.0,80.0,80.0,80.0,0.0,0,WTK
2008-07-10,88.0,80.0,72.0,73.0,600.0,1,WTK
2008-07-10,80.0,80.0,80.0,80.0,0.0,0,WTK
2008-07-11,88.0,80.0,72.0,73.0,600.0,1,WTK
2008-07-11,80.0,80.0,80.0,80.0,0.0,0,WTK
2008-07-14,73.0,73.0,67.0,67.0,500.0,0,WTK
2008-07-15,67.0,67.0,67.0,67.0,6000.0,0,WTK
2008-07-16,67.0,67.0,67.0,67.0,0.0,0,WTK
2008-07-16,67.0,73.0,73.0,73.0,300.0,1,WTK
2008-07-17,67.0,67.0,67.0,67.0,0.0,0,WTK
2008-07-17,67.0,73.0,73.0,73.0,300.0,1,WTK
2008-07-18,67.0,67.0,67.0,67.0,0.0,0,WTK
2008-07-18,67.0,73.0,73.0,73.0,300.0,1,WTK
2008-07-21,67.0,67.0,67.0,67.0,0.0,0,WTK
2008-07-21,67.0,73.0,73.0,73.0,300.0,1,WTK
2008-07-22,73.0,75.0,73.0,75.0,200.0,0,WTK
2008-07-23,75.0,75.0,75.0,75.0,0.0,0,WTK
2008-07-23,73.0,75.0,75.0,75.0,200.0,1,WTK
2008-07-24,75.0,75.5,75.0,75.5,800.0,0,WTK
2008-07-25,75.5,75.5,75.5,75.5,0.0,0,WTK
2008-07-25,75.5,75.0,75.0,75.0,1000.0,1,WTK
2008-07-28,75.0,75.0,75.0,75.0,200.0,1,WTK
2008-07-28,75.5,75.5,75.5,75.5,0.0,0,WTK
2008-07-29,75.5,75.5,75.5,75.5,0.0,0,WTK
2008-07-29,75.0,75.0,75.0,75.0,100.0,1,WTK
2008-07-30,75.5,75.5,75.5,75.5,0.0,0,WTK
2008-07-30,75.0,75.0,75.0,75.0,100.0,1,WTK
2008-07-31,75.5,75.5,75.5,75.5,0.0,0,WTK
2008-07-31,75.0,75.0,75.0,75.0,100.0,1,WTK
2008-08-01,75.5,75.5,75.5,75.5,0.0,0,WTK
2008-08-01,75.0,75.0,75.0,75.0,100.0,1,WTK
2008-08-04,75.0,75.0,75.0,75.0,100.0,1,WTK
2008-08-04,75.5,75.5,75.5,75.5,0.0,0,WTK
2008-08-05,78.5,88.0,78.5,87.5,1100.0,0,WTK
2008-08-06,78.5,88.0,87.0,87.5,1100.0,1,WTK
2008-08-06,87.5,87.5,87.5,87.5,0.0,0,WTK
2008-08-07,87.5,73.0,73.0,73.0,100.0,1,WTK
2008-08-07,87.5,87.5,87.5,87.5,0.0,0,WTK
2008-08-08,87.5,87.5,87.5,87.5,0.0,0,WTK
2008-08-08,87.5,73.0,73.0,73.0,100.0,1,WTK
2008-08-11,87.5,87.5,87.5,87.5,0.0,0,WTK
2008-08-11,87.5,73.0,73.0,73.0,100.0,1,WTK
2008-08-12,87.5,87.5,87.5,87.5,0.0,0,WTK
2008-08-12,87.5,73.0,73.0,73.0,100.0,1,WTK
2008-08-13,87.5,73.0,73.0,73.0,100.0,1,WTK
2008-08-13,87.5,87.5,87.5,87.5,0.0,0,WTK
2008-08-14,87.5,73.0,73.0,73.0,100.0,1,WTK
2008-08-14,87.5,87.5,87.5,87.5,0.0,0,WTK
2008-08-15,87.5,73.0,73.0,73.0,100.0,1,WTK
2008-08-15,87.5,87.5,87.5,87.5,0.0,0,WTK
2008-08-18,87.5,73.0,73.0,73.0,100.0,1,WTK
2008-08-18,87.5,87.5,87.5,87.5,0.0,0,WTK
2008-08-19,87.5,87.5,87.5,87.5,0.0,0,WTK
2008-08-19,87.5,73.0,73.0,73.0,100.0,1,WTK
2008-08-20,87.5,87.5,87.5,87.5,0.0,0,WTK
2008-08-20,87.5,73.0,73.0,73.0,100.0,1,WTK
2008-08-21,87.5,87.5,87.5,87.5,0.0,0,WTK
2008-08-21,87.5,73.0,73.0,73.0,100.0,1,WTK
2008-08-22,87.5,73.0,73.0,73.0,100.0,1,WTK
2008-08-22,87.5,87.5,87.5,87.5,0.0,0,WTK
2008-08-25,87.5,87.5,87.5,87.5,0.0,0,WTK
2008-08-25,87.5,73.0,73.0,73.0,100.0,1,WTK
2008-08-26,87.5,87.5,87.5,87.5,0.0,0,WTK
2008-08-26,87.5,73.0,73.0,73.0,100.0,1,WTK
2008-08-27,87.5,87.5,87.5,87.5,0.0,0,WTK
2008-08-27,87.5,73.0,73.0,73.0,100.0,1,WTK
2008-08-28,87.5,87.5,87.5,87.5,0.0,0,WTK
2008-08-28,87.5,73.0,73.0,73.0,100.0,1,WTK
2008-08-29,87.5,87.5,87.5,87.5,0.0,0,WTK
2008-08-29,87.5,73.0,73.0,73.0,100.0,1,WTK
2008-09-01,87.5,87.5,87.5,87.5,0.0,0,WTK
2008-09-01,87.5,73.0,73.0,73.0,100.0,1,WTK
2008-09-02,87.5,87.5,87.5,87.5,0.0,0,WTK
2008-09-02,87.5,73.0,73.0,73.0,100.0,1,WTK
2008-09-03,87.5,87.5,87.5,87.5,0.0,0,WTK
2008-09-03,87.5,73.0,73.0,73.0,100.0,1,WTK
2008-09-04,87.5,87.5,87.5,87.5,0.0,0,WTK
2008-09-04,87.5,73.0,73.0,73.0,100.0,1,WTK
2008-09-05,63.0,88.0,63.0,87.5,4300.0,0,WTK
2008-09-08,87.5,87.5,87.5,87.5,0.0,0,WTK
2008-09-08,63.0,88.0,87.5,87.5,4300.0,1,WTK
2008-09-09,87.5,87.5,87.5,87.5,0.0,0,WTK
2008-09-09,68.0,70.0,70.0,70.0,800.0,1,WTK
2008-09-10,68.0,70.0,70.0,70.0,800.0,1,WTK
2008-09-10,87.5,87.5,87.5,87.5,0.0,0,WTK
2008-09-11,68.0,70.0,70.0,70.0,800.0,1,WTK
2008-09-11,87.5,87.5,87.5,87.5,0.0,0,WTK
2008-09-12,87.5,87.5,87.5,87.5,0.0,0,WTK
2008-09-12,68.0,70.0,70.0,70.0,800.0,1,WTK
2008-09-15,68.0,70.0,70.0,70.0,800.0,1,WTK
2008-09-15,87.5,87.5,87.5,87.5,0.0,0,WTK
2008-09-16,87.5,87.5,87.5,87.5,0.0,0,WTK
2008-09-16,68.0,70.0,70.0,70.0,800.0,1,WTK
2008-09-17,87.5,87.5,87.5,87.5,0.0,0,WTK
2008-09-17,68.0,70.0,70.0,70.0,800.0,1,WTK
2008-09-18,70.0,63.0,63.0,63.0,400.0,1,WTK
2008-09-18,87.5,87.5,87.5,87.5,0.0,0,WTK
2008-09-19,63.0,63.0,63.0,63.0,800.0,1,WTK
2008-09-19,87.5,87.5,87.5,87.5,0.0,0,WTK
2008-09-22,87.5,87.5,87.5,87.5,0.0,0,WTK
2008-09-22,63.0,63.0,63.0,63.0,800.0,1,WTK
2008-09-23,87.5,87.5,87.5,87.5,0.0,0,WTK
2008-09-23,63.0,63.0,63.0,63.0,800.0,1,WTK
2008-09-24,63.0,63.0,63.0,63.0,800.0,1,WTK
2008-09-24,87.5,87.5,87.5,87.5,0.0,0,WTK
2008-09-25,87.5,87.5,87.5,87.5,0.0,0,WTK
2008-09-25,63.0,63.0,63.0,63.0,800.0,1,WTK
2008-09-26,87.5,87.5,87.5,87.5,0.0,0,WTK
2008-09-26,63.0,63.0,63.0,63.0,800.0,1,WTK
2008-09-29,63.0,63.0,63.0,63.0,800.0,1,WTK
2008-09-29,87.5,87.5,87.5,87.5,0.0,0,WTK
2008-09-30,87.5,87.5,87.5,87.5,0.0,0,WTK
2008-09-30,63.0,63.0,63.0,63.0,800.0,1,WTK
2008-10-01,63.0,63.0,63.0,63.0,800.0,1,WTK
2008-10-01,87.5,87.5,87.5,87.5,0.0,0,WTK
2008-10-02,87.5,87.5,87.5,87.5,0.0,0,WTK
2008-10-02,63.0,63.0,63.0,63.0,800.0,1,WTK
2008-10-03,63.0,80.0,63.0,80.0,39000.0,0,WTK
2008-10-06,63.0,80.0,80.0,80.0,39000.0,1,WTK
2008-10-06,80.0,80.0,80.0,80.0,0.0,0,WTK
2008-10-07,85.0,66.0,66.0,66.0,300.0,1,WTK
2008-10-07,80.0,80.0,80.0,80.0,0.0,0,WTK
2008-10-08,80.0,80.0,80.0,80.0,0.0,0,WTK
2008-10-08,85.0,66.0,66.0,66.0,300.0,1,WTK
2008-10-09,85.0,66.0,66.0,66.0,300.0,1,WTK
2008-10-09,80.0,80.0,80.0,80.0,0.0,0,WTK
2008-10-10,85.0,66.0,66.0,66.0,300.0,1,WTK
2008-10-10,80.0,80.0,80.0,80.0,0.0,0,WTK
2008-10-13,80.0,80.0,80.0,80.0,0.0,0,WTK
2008-10-13,85.0,66.0,66.0,66.0,300.0,1,WTK
2008-10-14,80.0,80.0,80.0,80.0,0.0,0,WTK
2008-10-14,85.0,66.0,66.0,66.0,300.0,1,WTK
2008-10-15,63.0,63.0,63.0,63.0,100.0,1,WTK
2008-10-15,80.0,80.0,80.0,80.0,0.0,0,WTK
2008-10-16,80.0,80.0,80.0,80.0,0.0,0,WTK
2008-10-16,63.0,63.0,63.0,63.0,100.0,1,WTK
2008-10-17,80.0,80.0,80.0,80.0,0.0,0,WTK
2008-10-17,63.0,63.0,63.0,63.0,100.0,1,WTK
2008-10-20,63.0,63.0,63.0,63.0,100.0,1,WTK
2008-10-20,80.0,80.0,80.0,80.0,0.0,0,WTK
2008-10-21,63.0,63.0,63.0,63.0,100.0,1,WTK
2008-10-21,80.0,80.0,80.0,80.0,0.0,0,WTK
2008-10-22,80.0,80.0,80.0,80.0,0.0,0,WTK
2008-10-22,63.0,63.0,63.0,63.0,100.0,1,WTK
2008-10-23,63.0,63.0,63.0,63.0,100.0,1,WTK
2008-10-23,80.0,80.0,80.0,80.0,0.0,0,WTK
2008-10-24,80.0,80.0,80.0,80.0,0.0,0,WTK
2008-10-24,63.0,63.0,63.0,63.0,100.0,1,WTK
2008-10-27,80.0,80.0,80.0,80.0,0.0,0,WTK
2008-10-27,63.0,63.0,63.0,63.0,1500.0,1,WTK
2008-10-28,80.0,80.0,80.0,80.0,0.0,0,WTK
2008-10-28,63.0,63.0,63.0,63.0,1500.0,1,WTK
2008-10-29,80.0,80.0,80.0,80.0,0.0,0,WTK
2008-10-29,63.0,62.0,62.0,62.0,100.0,1,WTK
2008-10-30,63.0,62.0,62.0,62.0,100.0,1,WTK
2008-10-30,80.0,80.0,80.0,80.0,0.0,0,WTK
2008-10-31,63.0,62.0,62.0,62.0,100.0,1,WTK
2008-10-31,80.0,80.0,80.0,80.0,0.0,0,WTK
2008-11-03,110.0,110.0,80.0,80.0,19400.0,0,WTK
2008-11-04,80.0,88.0,84.0,87.5,1100.0,1,WTK
2008-11-04,80.0,80.0,80.0,80.0,0.0,0,WTK
2008-11-05,80.0,80.0,80.0,80.0,0.0,0,WTK
2008-11-05,80.0,88.0,84.0,87.5,1100.0,1,WTK
2008-11-06,80.0,80.0,80.0,80.0,0.0,0,WTK
2008-11-06,80.0,88.0,84.0,87.5,1100.0,1,WTK
2008-11-07,80.0,80.0,80.0,80.0,0.0,0,WTK
2008-11-07,80.0,88.0,84.0,87.5,1100.0,1,WTK
2008-11-10,80.0,80.0,80.0,80.0,0.0,0,WTK
2008-11-10,80.0,88.0,84.0,87.5,1100.0,1,WTK
2008-11-11,80.0,88.0,84.0,87.5,1100.0,1,WTK
2008-11-11,80.0,80.0,80.0,80.0,0.0,0,WTK
2008-11-12,87.5,59.0,59.0,59.0,500.0,1,WTK
2008-11-12,80.0,80.0,80.0,80.0,0.0,0,WTK
2008-11-13,80.0,80.0,80.0,80.0,0.0,0,WTK
2008-11-13,87.5,59.0,59.0,59.0,500.0,1,WTK
2008-11-14,80.0,80.0,80.0,80.0,0.0,0,WTK
2008-11-14,87.5,59.0,59.0,59.0,500.0,1,WTK
2008-11-17,87.5,59.0,59.0,59.0,500.0,1,WTK
2008-11-17,80.0,80.0,80.0,80.0,0.0,0,WTK
2008-11-18,59.0,62.0,62.0,62.0,300.0,1,WTK
2008-11-18,80.0,80.0,80.0,80.0,0.0,0,WTK
2008-11-19,59.0,62.0,62.0,62.0,300.0,1,WTK
2008-11-19,80.0,80.0,80.0,80.0,0.0,0,WTK
2008-11-20,80.0,80.0,80.0,80.0,0.0,0,WTK
2008-11-20,59.0,62.0,62.0,62.0,300.0,1,WTK
2008-11-21,80.0,80.0,80.0,80.0,0.0,0,WTK
2008-11-21,59.0,62.0,62.0,62.0,300.0,1,WTK
2008-11-24,59.0,62.0,62.0,62.0,300.0,1,WTK
2008-11-24,80.0,80.0,80.0,80.0,0.0,0,WTK
2008-11-25,59.0,62.0,62.0,62.0,300.0,1,WTK
2008-11-25,80.0,80.0,80.0,80.0,0.0,0,WTK
2008-11-26,80.0,80.0,80.0,80.0,0.0,0,WTK
2008-11-26,59.0,62.0,62.0,62.0,300.0,1,WTK
2008-11-27,80.0,80.0,80.0,80.0,0.0,0,WTK
2008-11-27,59.0,62.0,62.0,62.0,300.0,1,WTK
2008-11-28,80.0,80.0,80.0,80.0,0.0,0,WTK
2008-11-28,59.0,62.0,62.0,62.0,300.0,1,WTK
2008-12-01,80.0,80.0,80.0,80.0,0.0,0,WTK
2008-12-01,59.0,62.0,62.0,62.0,300.0,1,WTK
2008-12-02,80.0,80.0,80.0,80.0,0.0,0,WTK
2008-12-02,59.0,62.0,62.0,62.0,300.0,1,WTK
2008-12-03,80.0,80.0,80.0,80.0,0.0,0,WTK
2008-12-03,59.0,62.0,62.0,62.0,300.0,1,WTK
2008-12-04,59.0,62.0,62.0,62.0,300.0,1,WTK
2008-12-04,80.0,80.0,80.0,80.0,0.0,0,WTK
2008-12-05,59.0,62.0,62.0,62.0,300.0,1,WTK
2008-12-05,80.0,80.0,80.0,80.0,0.0,0,WTK
2008-12-08,80.0,80.0,80.0,80.0,0.0,0,WTK
2008-12-08,59.0,62.0,62.0,62.0,300.0,1,WTK
2008-12-09,59.0,62.0,62.0,62.0,300.0,1,WTK
2008-12-09,80.0,80.0,80.0,80.0,0.0,0,WTK
2008-12-10,59.0,62.0,62.0,62.0,300.0,1,WTK
2008-12-10,80.0,80.0,80.0,80.0,0.0,0,WTK
2008-12-11,80.0,80.0,80.0,80.0,0.0,0,WTK
2008-12-11,62.0,63.0,63.0,63.0,400.0,1,WTK
2008-12-12,62.0,63.0,63.0,63.0,400.0,1,WTK
2008-12-12,80.0,80.0,80.0,80.0,0.0,0,WTK
2008-12-15,62.0,63.0,63.0,63.0,400.0,1,WTK
2008-12-15,80.0,80.0,80.0,80.0,0.0,0,WTK
2008-12-16,80.0,80.0,80.0,80.0,0.0,0,WTK
2008-12-16,62.0,63.0,63.0,63.0,400.0,1,WTK
2008-12-17,63.0,59.0,59.0,59.0,2000.0,1,WTK
2008-12-17,80.0,80.0,80.0,80.0,0.0,0,WTK
2008-12-18,59.0,59.0,59.0,59.0,2000.0,0,WTK
2008-12-19,59.0,59.0,59.0,59.0,0.0,0,WTK
2008-12-19,59.0,59.0,59.0,59.0,2000.0,1,WTK
2008-12-22,59.0,57.0,57.0,57.0,5000.0,1,WTK
2008-12-22,59.0,59.0,59.0,59.0,0.0,0,WTK
2008-12-23,59.0,59.0,59.0,59.0,0.0,0,WTK
2008-12-23,59.0,57.0,57.0,57.0,5000.0,1,WTK
2008-12-24,59.0,57.0,57.0,57.0,5000.0,1,WTK
2008-12-24,59.0,59.0,59.0,59.0,0.0,0,WTK
2008-12-25,59.0,59.0,59.0,59.0,0.0,0,WTK
2008-12-25,59.0,57.0,57.0,57.0,5000.0,1,WTK
2008-12-26,59.0,57.0,57.0,57.0,5000.0,1,WTK
2008-12-26,59.0,59.0,59.0,59.0,0.0,0,WTK
2008-12-29,57.0,57.0,52.0,52.0,4400.0,0,WTK
2008-12-30,52.0,52.5,52.0,52.5,100.0,0,WTK
2008-12-31,52.5,52.5,52.5,52.5,0.0,0,WTK
2008-12-31,52.5,57.5,57.5,57.5,1000.0,1,WTK
2009-01-01,52.5,52.5,52.5,52.5,0.0,0,WTK
2009-01-01,52.5,57.5,57.5,57.5,1000.0,1,WTK
2009-01-02,52.5,57.5,57.5,57.5,1000.0,1,WTK
2009-01-02,52.5,52.5,52.5,52.5,0.0,0,WTK
2009-01-05,52.5,52.5,52.5,52.5,0.0,0,WTK
2009-01-05,52.5,57.5,57.5,57.5,1000.0,1,WTK
2009-01-06,52.5,57.5,57.5,57.5,1000.0,1,WTK
2009-01-06,52.5,52.5,52.5,52.5,0.0,0,WTK
2009-01-07,47.0,57.0,47.0,57.0,6200.0,0,WTK
2009-01-08,47.0,57.0,57.0,57.0,6200.0,1,WTK
2009-01-08,57.0,57.0,57.0,57.0,0.0,0,WTK
2009-01-09,57.0,80.0,57.0,80.0,0.0,0,WTK
2009-01-12,85.0,169.0,169.0,169.0,0.0,1,WTK
2009-01-12,80.0,80.0,80.0,80.0,0.0,0,WTK
2009-01-13,85.0,169.0,169.0,169.0,0.0,1,WTK
2009-01-13,80.0,80.0,80.0,80.0,0.0,0,WTK
2009-01-14,80.0,80.0,80.0,80.0,0.0,0,WTK
2009-01-14,85.0,169.0,169.0,169.0,0.0,1,WTK
2009-01-15,85.0,169.0,169.0,169.0,0.0,1,WTK
2009-01-15,80.0,80.0,80.0,80.0,0.0,0,WTK
2009-01-16,85.0,169.0,169.0,169.0,0.0,1,WTK
2009-01-16,80.0,80.0,80.0,80.0,0.0,0,WTK
2009-01-19,80.0,80.0,80.0,80.0,0.0,0,WTK
2009-01-19,85.0,169.0,169.0,169.0,0.0,1,WTK
2009-01-20,85.0,169.0,169.0,169.0,0.0,1,WTK
2009-01-20,80.0,80.0,80.0,80.0,0.0,0,WTK
2009-01-21,85.0,169.0,169.0,169.0,0.0,1,WTK
2009-01-21,80.0,80.0,80.0,80.0,0.0,0,WTK
2009-01-22,169.0,54.0,54.0,54.0,1000.0,1,WTK
2009-01-22,80.0,80.0,80.0,80.0,0.0,0,WTK
2009-01-23,169.0,54.0,54.0,54.0,1000.0,1,WTK
2009-01-23,80.0,80.0,80.0,80.0,0.0,0,WTK
2009-01-26,169.0,54.0,54.0,54.0,1000.0,1,WTK
2009-01-26,80.0,80.0,80.0,80.0,0.0,0,WTK
2009-01-27,80.0,80.0,80.0,80.0,0.0,0,WTK
2009-01-27,169.0,54.0,54.0,54.0,1000.0,1,WTK
2009-01-28,169.0,54.0,54.0,54.0,1000.0,1,WTK
2009-01-28,80.0,80.0,80.0,80.0,0.0,0,WTK
2009-01-29,80.0,80.0,80.0,80.0,0.0,0,WTK
2009-01-29,169.0,54.0,54.0,54.0,1000.0,1,WTK
2009-01-30,80.0,80.0,80.0,80.0,0.0,0,WTK
2009-01-30,169.0,54.0,54.0,54.0,1000.0,1,WTK
2009-02-02,52.0,54.0,54.0,54.0,0.0,1,WTK
2009-02-02,80.0,80.0,80.0,80.0,0.0,0,WTK
2009-02-03,54.0,54.0,49.0,49.0,0.0,0,WTK
2009-02-04,49.0,52.0,49.0,52.0,0.0,0,WTK
2009-02-05,49.0,52.0,52.0,52.0,0.0,1,WTK
2009-02-05,52.0,52.0,52.0,52.0,0.0,0,WTK
2009-02-06,52.0,52.0,49.0,49.0,1000.0,0,WTK
2009-02-09,62.5,80.0,62.5,80.0,0.0,0,WTK
2009-02-10,80.0,93.5,80.0,92.5,2700.0,0,WTK
2009-02-11,92.5,92.5,88.0,88.0,0.0,0,WTK
2009-02-12,88.0,169.0,169.0,169.0,0.0,0,WTK
2009-02-13,169.0,52.0,52.0,52.0,0.0,0,WTK
2009-02-16,52.0,50.0,50.0,50.0,2500.0,1,WTK
2009-02-16,52.0,52.0,52.0,52.0,0.0,0,WTK
2009-02-17,52.0,52.0,52.0,52.0,0.0,0,WTK
2009-02-17,50.0,50.0,50.0,50.0,0.0,1,WTK
2009-02-18,52.0,52.0,52.0,52.0,0.0,0,WTK
2009-02-18,50.0,50.0,50.0,50.0,500.0,1,WTK
2009-02-19,50.0,50.0,50.0,50.0,0.0,1,WTK
2009-02-19,52.0,52.0,52.0,52.0,0.0,0,WTK
2009-02-20,52.0,52.0,52.0,52.0,0.0,0,WTK
2009-02-20,50.0,50.0,50.0,50.0,0.0,1,WTK
2009-02-23,52.0,52.0,52.0,52.0,0.0,0,WTK
2009-02-23,50.0,49.0,49.0,49.0,500.0,1,WTK
2009-02-24,52.0,52.0,52.0,52.0,0.0,0,WTK
2009-02-24,49.0,49.0,49.0,49.0,0.0,1,WTK
2009-02-25,49.0,49.0,49.0,49.0,0.0,1,WTK
2009-02-25,52.0,52.0,52.0,52.0,0.0,0,WTK
2009-02-26,49.0,49.0,49.0,49.0,0.0,1,WTK
2009-02-26,52.0,52.0,52.0,52.0,0.0,0,WTK
2009-02-27,49.0,49.0,49.0,49.0,500.0,1,WTK
2009-02-27,52.0,52.0,52.0,52.0,0.0,0,WTK
2009-03-02,49.0,52.0,49.0,52.0,200.0,0,WTK
2009-03-03,52.0,52.0,49.0,49.0,0.0,0,WTK
2009-03-04,49.0,49.0,47.0,47.0,6500.0,0,WTK
2009-03-05,49.0,47.0,47.0,47.0,6500.0,1,WTK
2009-03-05,47.0,47.0,47.0,47.0,0.0,0,WTK
2009-03-06,47.0,49.0,47.0,49.0,0.0,0,WTK
2009-03-09,92.0,92.0,80.0,80.0,0.0,0,WTK
2009-03-10,80.0,80.0,80.0,80.0,0.0,0,WTK
2009-03-10,92.0,80.0,80.0,80.0,0.0,1,WTK
2009-03-11,80.0,88.0,80.0,88.0,0.0,0,WTK
2009-03-12,88.0,169.0,169.0,169.0,0.0,0,WTK
2009-03-13,169.0,49.0,49.0,49.0,0.0,1,WTK
2009-03-13,169.0,169.0,169.0,169.0,0.0,0,WTK
2009-03-16,49.0,49.0,49.0,49.0,0.0,0,WTK
2009-03-17,49.0,49.0,49.0,49.0,0.0,0,WTK
2009-03-17,49.0,49.0,49.0,49.0,0.0,1,WTK
2009-03-18,49.0,49.0,49.0,49.0,0.0,0,WTK
2009-03-18,49.0,47.5,47.5,47.5,1000.0,1,WTK
2009-03-19,47.5,47.5,47.5,47.5,0.0,1,WTK
2009-03-19,49.0,49.0,49.0,49.0,0.0,0,WTK
2009-03-20,47.5,47.5,47.5,47.5,0.0,1,WTK
2009-03-20,49.0,49.0,49.0,49.0,0.0,0,WTK
2009-03-23,47.5,47.5,47.5,47.5,0.0,1,WTK
2009-03-23,49.0,49.0,49.0,49.0,0.0,0,WTK
2009-03-24,47.5,47.5,47.5,47.5,0.0,1,WTK
2009-03-24,49.0,49.0,49.0,49.0,0.0,0,WTK
2009-03-25,47.5,47.0,47.0,47.0,300.0,1,WTK
2009-03-25,49.0,49.0,49.0,49.0,0.0,0,WTK
2009-03-26,47.0,47.0,47.0,47.0,0.0,1,WTK
2009-03-26,49.0,49.0,49.0,49.0,0.0,0,WTK
2009-03-27,47.0,47.0,47.0,47.0,0.0,1,WTK
2009-03-27,49.0,49.0,49.0,49.0,0.0,0,WTK
2009-03-30,49.0,49.0,49.0,49.0,0.0,0,WTK
2009-03-30,47.0,47.0,47.0,47.0,0.0,1,WTK
2009-03-31,47.0,47.0,47.0,47.0,200.0,1,WTK
2009-03-31,49.0,49.0,49.0,49.0,0.0,0,WTK
2009-04-01,47.0,47.0,47.0,47.0,200.0,1,WTK
2009-04-01,49.0,49.0,49.0,49.0,0.0,0,WTK
2009-04-02,47.0,47.0,47.0,47.0,200.0,1,WTK
2009-04-02,49.0,49.0,49.0,49.0,0.0,0,WTK
2009-04-03,47.0,49.0,49.0,49.0,0.0,1,WTK
2009-04-03,49.0,49.0,49.0,49.0,0.0,0,WTK
2009-04-06,48.75,49.0,49.0,49.0,0.0,1,WTK
2009-04-07,49.0,49.0,49.0,49.0,0.0,1,WTK
2009-04-07,48.75,49.0,49.0,49.0,0.0,1,WTK
2009-04-08,49.0,89.0,88.0,88.5,3400.0,1,WTK
2009-04-09,88.5,80.0,80.0,80.0,0.0,1,WTK
2009-04-09,88.5,88.5,88.5,88.5,0.0,1,WTK
2009-04-10,88.5,80.0,80.0,80.0,0.0,1,WTK
2009-04-10,88.5,88.5,88.5,88.5,0.0,1,WTK
2009-04-13,88.5,88.5,88.5,88.5,0.0,1,WTK
2009-04-13,88.5,80.0,80.0,80.0,0.0,1,WTK
2009-04-14,169.0,47.0,47.0,47.0,0.0,1,WTK
2009-04-14,88.5,88.5,88.5,88.5,0.0,1,WTK
2009-04-15,47.0,47.0,47.0,47.0,0.0,1,WTK
2009-04-15,88.5,88.5,88.5,88.5,0.0,1,WTK
2009-04-16,88.5,88.5,88.5,88.5,0.0,1,WTK
2009-04-16,47.0,47.0,47.0,47.0,0.0,1,WTK
2009-04-17,88.5,88.5,88.5,88.5,0.0,1,WTK
2009-04-17,47.0,47.0,47.0,47.0,0.0,1,WTK
2009-04-20,47.0,47.0,47.0,47.0,0.0,1,WTK
2009-04-20,88.5,88.5,88.5,88.5,0.0,1,WTK
2009-04-21,88.5,88.5,88.5,88.5,0.0,1,WTK
2009-04-21,47.0,47.0,47.0,47.0,0.0,1,WTK
2009-04-22,47.0,47.0,47.0,47.0,0.0,1,WTK
2009-04-22,88.5,88.5,88.5,88.5,0.0,1,WTK
2009-04-23,88.5,88.5,88.5,88.5,0.0,1,WTK
2009-04-23,47.0,47.0,47.0,47.0,0.0,1,WTK
2009-04-24,88.5,88.5,88.5,88.5,0.0,1,WTK
2009-04-24,47.0,47.0,47.0,47.0,0.0,1,WTK
2009-04-27,88.5,88.5,88.5,88.5,0.0,1,WTK
2009-04-27,47.0,47.0,47.0,47.0,0.0,1,WTK
2009-04-28,47.0,47.0,47.0,47.0,0.0,1,WTK
2009-04-28,88.5,88.5,88.5,88.5,0.0,1,WTK
2009-04-29,88.5,88.5,88.5,88.5,0.0,1,WTK
2009-04-29,47.0,47.0,47.0,47.0,0.0,1,WTK
2009-04-30,47.0,49.0,47.0,48.75,9900.0,0,WTK
2009-05-01,48.75,52.5,48.75,52.0,18500.0,0,WTK
2009-05-04,48.75,52.5,52.0,52.0,18500.0,1,WTK
2009-05-04,52.0,52.0,52.0,52.0,0.0,0,WTK
2009-05-05,49.0,49.0,48.75,48.75,0.0,0,WTK
2009-05-06,48.75,49.0,48.75,49.0,200.0,0,WTK
2009-05-07,49.0,49.0,49.0,49.0,0.0,0,WTK
2009-05-07,48.75,49.0,49.0,49.0,200.0,1,WTK
2009-05-08,49.0,95.0,85.0,88.5,16900.0,0,WTK
2009-05-11,97.5,97.5,86.5,86.5,4400.0,0,WTK
2009-05-12,97.5,87.0,86.5,86.5,4400.0,1,WTK
2009-05-12,86.5,86.5,86.5,86.5,0.0,0,WTK
2009-05-13,86.5,86.5,86.5,86.5,0.0,0,WTK
2009-05-13,86.5,48.0,48.0,48.0,0.0,1,WTK
2009-05-14,48.0,48.0,48.0,48.0,0.0,1,WTK
2009-05-14,86.5,86.5,86.5,86.5,0.0,0,WTK
2009-05-15,86.5,86.5,86.5,86.5,0.0,0,WTK
2009-05-15,48.0,48.0,48.0,48.0,500.0,1,WTK
2009-05-18,86.5,86.5,86.5,86.5,0.0,0,WTK
2009-05-18,48.0,48.0,48.0,48.0,14800.0,1,WTK
2009-05-19,48.0,48.0,48.0,48.0,1000.0,1,WTK
2009-05-19,86.5,86.5,86.5,86.5,0.0,0,WTK
2009-05-20,48.0,48.0,48.0,48.0,5000.0,1,WTK
2009-05-20,86.5,86.5,86.5,86.5,0.0,0,WTK
2009-05-21,48.0,48.0,48.0,48.0,500.0,1,WTK
2009-05-21,86.5,86.5,86.5,86.5,0.0,0,WTK
2009-05-22,48.0,48.0,48.0,48.0,9400.0,1,WTK
2009-05-22,86.5,86.5,86.5,86.5,0.0,0,WTK
2009-05-25,86.5,86.5,86.5,86.5,0.0,0,WTK
2009-05-25,48.0,48.0,48.0,48.0,0.0,1,WTK
2009-05-26,48.0,48.0,48.0,48.0,0.0,1,WTK
2009-05-26,86.5,86.5,86.5,86.5,0.0,0,WTK
2009-05-27,48.0,48.0,48.0,48.0,0.0,1,WTK
2009-05-27,86.5,86.5,86.5,86.5,0.0,0,WTK
2009-05-28,86.5,86.5,86.5,86.5,0.0,0,WTK
2009-05-28,48.0,48.0,48.0,48.0,0.0,1,WTK
2009-05-29,48.0,48.0,46.0,46.0,700.0,0,WTK
2009-06-01,46.0,53.0,46.0,52.0,2200.0,0,WTK
2009-06-02,52.0,52.0,52.0,52.0,0.0,0,WTK
2009-06-03,52.0,52.0,49.0,49.0,100.0,0,WTK
2009-06-04,49.0,49.0,47.0,47.0,0.0,0,WTK
2009-06-05,47.0,48.75,47.0,48.25,9000.0,0,WTK
2009-06-08,70.0,84.5,70.0,84.5,200.0,0,WTK
2009-06-09,84.5,84.5,84.5,84.5,0.0,0,WTK
2009-06-09,70.0,84.5,84.5,84.5,200.0,1,WTK
2009-06-10,84.5,97.5,84.5,97.5,0.0,0,WTK
2009-06-11,97.5,97.5,86.5,86.5,100.0,0,WTK
2009-06-12,86.5,86.5,86.5,86.5,0.0,0,WTK
2009-06-12,97.5,86.5,86.5,86.5,100.0,1,WTK
2009-06-15,86.5,48.0,48.0,48.0,0.0,1,WTK
2009-06-15,86.5,86.5,86.5,86.5,0.0,0,WTK
2009-06-16,86.5,86.5,86.5,86.5,0.0,0,WTK
2009-06-16,48.0,48.0,48.0,48.0,200.0,1,WTK
2009-06-17,86.5,86.5,86.5,86.5,0.0,0,WTK
2009-06-17,48.0,48.0,48.0,48.0,200.0,1,WTK
2009-06-18,86.5,86.5,86.5,86.5,0.0,0,WTK
2009-06-18,48.0,48.0,48.0,48.0,500.0,1,WTK
2009-06-19,86.5,86.5,86.5,86.5,0.0,0,WTK
2009-06-19,48.0,48.0,48.0,48.0,16600.0,1,WTK
2009-06-22,86.5,86.5,86.5,86.5,0.0,0,WTK
2009-06-22,48.0,49.0,48.0,48.0,15800.0,1,WTK
2009-06-23,86.5,86.5,86.5,86.5,0.0,0,WTK
2009-06-23,48.0,48.0,48.0,48.0,11700.0,1,WTK
2009-06-24,86.5,86.5,86.5,86.5,0.0,0,WTK
2009-06-24,48.0,48.0,48.0,48.0,3600.0,1,WTK
2009-06-25,48.0,48.0,48.0,48.0,0.0,1,WTK
2009-06-25,86.5,86.5,86.5,86.5,0.0,0,WTK
2009-06-26,48.0,48.0,48.0,48.0,0.0,1,WTK
2009-06-26,86.5,86.5,86.5,86.5,0.0,0,WTK
2009-06-29,48.0,48.0,48.0,48.0,0.0,1,WTK
2009-06-29,86.5,86.5,86.5,86.5,0.0,0,WTK
2009-06-30,48.0,52.0,52.0,52.0,4700.0,1,WTK
2009-06-30,86.5,86.5,86.5,86.5,0.0,0,WTK
2009-07-01,86.5,86.5,86.5,86.5,0.0,0,WTK
2009-07-01,52.0,52.0,52.0,52.0,1000.0,1,WTK
2009-07-02,86.5,86.5,86.5,86.5,0.0,0,WTK
2009-07-02,52.0,52.0,52.0,52.0,1000.0,1,WTK
2009-07-03,86.5,86.5,86.5,86.5,0.0,0,WTK
2009-07-03,52.0,52.0,52.0,52.0,1000.0,1,WTK
2009-07-06,52.0,52.0,52.0,52.0,1000.0,1,WTK
2009-07-06,86.5,86.5,86.5,86.5,0.0,0,WTK
2009-07-07,48.0,72.5,68.5,69.5,2200.0,1,WTK
2009-07-08,69.5,84.5,69.5,84.5,0.0,0,WTK
2009-07-09,84.5,84.5,80.0,80.0,0.0,0,WTK
2009-07-10,80.0,97.5,80.0,97.5,0.0,0,WTK
2009-07-13,154.0,70.0,70.0,70.0,2700.0,0,WTK
2009-07-14,70.0,70.0,70.0,70.0,0.0,0,WTK
2009-07-14,70.0,70.0,67.5,69.0,1600.0,1,WTK
2009-07-15,70.0,70.0,70.0,70.0,0.0,0,WTK
2009-07-15,69.0,69.0,69.0,69.0,0.0,1,WTK
2009-07-16,70.0,70.0,70.0,70.0,0.0,0,WTK
2009-07-16,69.0,69.0,69.0,69.0,0.0,1,WTK
2009-07-17,70.0,70.0,70.0,70.0,0.0,0,WTK
2009-07-17,69.0,69.0,69.0,69.0,0.0,1,WTK
2009-07-20,69.0,69.0,69.0,69.0,600.0,1,WTK
2009-07-20,70.0,70.0,70.0,70.0,0.0,0,WTK
2009-07-21,69.0,70.0,69.0,69.5,1900.0,0,WTK
2009-07-22,69.5,70.0,70.0,70.0,8100.0,1,WTK
2009-07-22,69.5,69.5,69.5,69.5,0.0,0,WTK
2009-07-23,70.0,70.0,70.0,70.0,0.0,0,WTK
2009-07-24,70.0,70.0,70.0,70.0,0.0,0,WTK
2009-07-24,70.0,71.0,70.0,70.0,22100.0,1,WTK
2009-07-27,70.0,75.0,70.0,75.0,1000.0,0,WTK
2009-07-28,75.0,82.0,75.0,78.0,11100.0,0,WTK
2009-07-29,78.0,80.0,71.0,78.0,5000.0,0,WTK
2009-07-30,78.0,85.0,78.0,84.5,47800.0,0,WTK
2009-07-31,84.5,91.0,84.5,89.5,8300.0,0,WTK
2009-08-03,84.5,91.0,85.0,89.5,8300.0,1,WTK
2009-08-03,89.5,89.5,89.5,89.5,0.0,0,WTK
2009-08-04,52.0,52.0,47.0,47.0,0.0,0,WTK
2009-08-05,47.0,48.0,47.0,48.0,2000.0,0,WTK
2009-08-06,48.0,48.0,48.0,48.0,3700.0,0,WTK
2009-08-07,48.0,70.0,48.0,70.0,1500.0,0,WTK
2009-08-10,80.0,84.5,80.0,84.5,0.0,0,WTK
2009-08-11,80.0,84.5,84.5,84.5,0.0,1,WTK
2009-08-11,84.5,84.5,84.5,84.5,0.0,0,WTK
2009-08-12,84.5,154.0,154.0,154.0,0.0,1,WTK
2009-08-13,154.0,154.0,154.0,154.0,0.0,1,WTK
2009-08-13,154.0,90.0,86.0,89.0,5800.0,1,WTK
2009-08-14,154.0,154.0,154.0,154.0,0.0,1,WTK
2009-08-14,89.0,89.0,89.0,89.0,0.0,1,WTK
2009-08-17,89.0,89.0,89.0,89.0,0.0,1,WTK
2009-08-17,154.0,154.0,154.0,154.0,0.0,1,WTK
2009-08-18,89.0,89.0,89.0,89.0,0.0,1,WTK
2009-08-18,154.0,154.0,154.0,154.0,0.0,1,WTK
2009-08-19,89.0,89.0,85.0,85.0,4700.0,0,WTK
2009-08-20,85.0,85.0,80.5,83.0,1000.0,0,WTK
2009-08-21,83.0,83.0,83.0,83.0,0.0,0,WTK
2009-08-21,83.0,80.5,80.0,80.0,200.0,1,WTK
2009-08-24,83.0,83.0,83.0,83.0,0.0,0,WTK
2009-08-24,80.0,80.0,80.0,80.0,0.0,1,WTK
2009-08-25,83.0,83.0,83.0,83.0,0.0,0,WTK
2009-08-25,80.0,80.0,80.0,80.0,0.0,1,WTK
2009-08-26,83.0,83.0,83.0,83.0,0.0,0,WTK
2009-08-26,80.0,80.0,80.0,80.0,0.0,1,WTK
2009-08-27,83.0,83.0,83.0,83.0,0.0,0,WTK
2009-08-27,80.0,80.0,80.0,80.0,0.0,1,WTK
2009-08-28,83.0,83.0,83.0,83.0,0.0,0,WTK
2009-08-28,80.0,80.0,80.0,80.0,0.0,1,WTK
2009-08-31,83.0,83.0,83.0,83.0,0.0,0,WTK
2009-08-31,80.0,80.0,80.0,80.0,0.0,1,WTK
2009-09-01,80.0,52.0,52.0,52.0,500.0,0,WTK
2009-09-02,52.0,52.0,52.0,52.0,0.0,0,WTK
2009-09-03,52.0,52.0,49.0,49.0,100.0,0,WTK
2009-09-04,49.0,49.0,47.0,47.0,0.0,0,WTK
2009-09-07,48.0,70.0,48.0,69.5,2000.0,0,WTK
2009-09-08,48.0,70.0,69.0,69.5,2000.0,1,WTK
2009-09-08,69.5,69.5,69.5,69.5,0.0,0,WTK
2009-09-09,69.5,80.0,69.5,80.0,1100.0,0,WTK
2009-09-10,80.0,97.5,80.0,97.5,0.0,0,WTK
2009-09-11,97.5,97.5,85.0,85.0,100.0,0,WTK
2009-09-14,160.0,80.0,80.0,80.0,0.0,0,WTK
2009-09-15,80.0,80.0,80.0,80.0,0.0,0,WTK
2009-09-16,80.0,84.0,80.0,83.0,500.0,0,WTK
2009-09-17,83.0,83.0,83.0,83.0,0.0,0,WTK
2009-09-17,83.0,81.0,81.0,81.0,3000.0,1,WTK
2009-09-18,83.0,83.0,83.0,83.0,0.0,0,WTK
2009-09-18,81.0,81.0,81.0,81.0,0.0,1,WTK
2009-09-21,81.0,81.0,81.0,81.0,0.0,1,WTK
2009-09-21,83.0,83.0,83.0,83.0,0.0,0,WTK
2009-09-22,81.0,81.0,81.0,81.0,0.0,1,WTK
2009-09-22,83.0,83.0,83.0,83.0,0.0,0,WTK
2009-09-23,81.0,81.0,81.0,81.0,0.0,1,WTK
2009-09-23,83.0,83.0,83.0,83.0,0.0,0,WTK
2009-09-24,81.0,80.0,80.0,80.0,1000.0,1,WTK
2009-09-24,83.0,83.0,83.0,83.0,0.0,0,WTK
2009-09-25,83.0,83.0,83.0,83.0,0.0,0,WTK
2009-09-25,80.0,80.0,80.0,80.0,0.0,1,WTK
2009-09-28,83.0,83.0,83.0,83.0,0.0,0,WTK
2009-09-28,80.0,80.0,80.0,80.0,0.0,1,WTK
2009-09-29,83.0,83.0,83.0,83.0,0.0,0,WTK
2009-09-29,80.0,80.0,80.0,80.0,0.0,1,WTK
2009-09-30,80.0,85.0,80.0,81.5,4200.0,0,WTK
2009-10-01,81.5,81.5,81.5,81.5,0.0,0,WTK
2009-10-01,80.0,85.0,80.0,81.5,4200.0,1,WTK
2009-10-02,81.5,52.0,52.0,52.0,0.0,0,WTK
2009-10-05,52.0,52.0,52.0,52.0,0.0,0,WTK
2009-10-05,81.5,52.0,52.0,52.0,0.0,1,WTK
2009-10-06,49.0,49.0,48.0,48.0,700.0,0,WTK
2009-10-07,48.0,70.0,48.0,70.0,500.0,0,WTK
2009-10-08,48.0,70.0,70.0,70.0,500.0,1,WTK
2009-10-08,70.0,70.0,70.0,70.0,0.0,0,WTK
2009-10-09,70.0,84.5,70.0,82.0,3600.0,0,WTK
2009-10-12,85.0,160.0,160.0,160.0,0.0,0,WTK
2009-10-13,160.0,160.0,160.0,160.0,0.0,0,WTK
2009-10-13,160.0,88.0,88.0,88.0,0.0,1,WTK
2009-10-14,160.0,160.0,160.0,160.0,0.0,0,WTK
2009-10-14,88.0,88.0,88.0,88.0,0.0,1,WTK
2009-10-15,160.0,160.0,160.0,160.0,0.0,0,WTK
2009-10-15,88.0,88.0,88.0,88.0,0.0,1,WTK
2009-10-16,160.0,160.0,160.0,160.0,0.0,0,WTK
2009-10-16,88.0,88.0,88.0,88.0,0.0,1,WTK
2009-10-19,160.0,160.0,160.0,160.0,0.0,0,WTK
2009-10-19,88.0,88.0,88.0,88.0,0.0,1,WTK
2009-10-20,160.0,160.0,160.0,160.0,0.0,0,WTK
2009-10-20,88.0,88.0,88.0,88.0,0.0,1,WTK
2009-10-21,160.0,160.0,160.0,160.0,0.0,0,WTK
2009-10-21,88.0,88.0,88.0,88.0,0.0,1,WTK
2009-10-22,88.0,88.0,88.0,88.0,0.0,1,WTK
2009-10-22,160.0,160.0,160.0,160.0,0.0,0,WTK
2009-10-23,88.0,88.0,88.0,88.0,0.0,1,WTK
2009-10-23,160.0,160.0,160.0,160.0,0.0,0,WTK
2009-10-26,88.0,88.0,88.0,88.0,0.0,1,WTK
2009-10-26,160.0,160.0,160.0,160.0,0.0,0,WTK
2009-10-27,88.0,88.0,88.0,88.0,200.0,1,WTK
2009-10-27,160.0,160.0,160.0,160.0,0.0,0,WTK
2009-10-28,160.0,160.0,160.0,160.0,0.0,0,WTK
2009-10-28,88.0,88.0,88.0,88.0,0.0,1,WTK
2009-10-29,160.0,160.0,160.0,160.0,0.0,0,WTK
2009-10-29,88.0,88.0,88.0,88.0,0.0,1,WTK
2009-10-30,88.0,88.0,88.0,88.0,0.0,1,WTK
2009-10-30,160.0,160.0,160.0,160.0,0.0,0,WTK
2009-11-02,88.0,52.0,52.0,52.0,0.0,0,WTK
2009-11-03,52.0,52.0,49.0,49.0,500.0,0,WTK
2009-11-04,49.0,49.0,49.0,49.0,0.0,0,WTK
2009-11-04,52.0,49.0,49.0,49.0,500.0,1,WTK
2009-11-05,49.0,49.0,48.0,48.0,0.0,0,WTK
2009-11-06,48.0,48.0,48.0,48.0,10000.0,0,WTK
2009-11-09,84.5,84.5,80.0,80.0,900.0,0,WTK
2009-11-10,80.0,80.0,80.0,80.0,0.0,0,WTK
2009-11-10,84.5,80.0,80.0,80.0,900.0,1,WTK
2009-11-11,80.0,87.5,80.0,87.5,400.0,0,WTK
2009-11-12,87.5,160.0,160.0,160.0,0.0,1,WTK
2009-11-13,160.0,86.0,86.0,86.0,25300.0,0,WTK
2009-11-16,86.0,91.0,86.0,87.5,9000.0,0,WTK
2009-11-17,87.5,91.0,87.5,90.5,1400.0,0,WTK
2009-11-18,90.5,91.0,90.0,90.0,1800.0,1,WTK
2009-11-18,90.5,90.5,90.5,90.5,0.0,0,WTK
2009-11-19,90.0,91.0,90.0,90.0,900.0,1,WTK
2009-11-19,90.5,90.5,90.5,90.5,0.0,0,WTK
2009-11-20,90.0,90.0,90.0,90.0,700.0,1,WTK
2009-11-20,90.5,90.5,90.5,90.5,0.0,0,WTK
2009-11-23,90.0,90.0,90.0,90.0,0.0,1,WTK
2009-11-23,90.5,90.5,90.5,90.5,0.0,0,WTK
2009-11-24,90.5,90.5,90.5,90.5,0.0,0,WTK
2009-11-24,90.0,90.0,90.0,90.0,0.0,1,WTK
2009-11-25,90.0,90.0,90.0,90.0,0.0,1,WTK
2009-11-25,90.5,90.5,90.5,90.5,0.0,0,WTK
2009-11-26,90.5,90.5,90.5,90.5,0.0,0,WTK
2009-11-26,90.0,90.0,90.0,90.0,1000.0,1,WTK
2009-11-27,90.0,95.0,90.0,95.0,200.0,0,WTK
2009-11-30,95.0,180.0,159.0,169.0,5000.0,0,WTK
2009-12-01,169.0,52.0,51.5,51.5,800.0,0,WTK
2009-12-02,51.5,52.0,51.5,52.0,0.0,0,WTK
2009-12-03,52.0,49.0,49.0,49.0,0.0,1,WTK
2009-12-03,52.0,52.0,52.0,52.0,0.0,0,WTK
2009-12-04,52.0,49.0,49.0,49.0,0.0,1,WTK
2009-12-04,52.0,52.0,52.0,52.0,0.0,0,WTK
2009-12-07,52.0,49.0,49.0,49.0,0.0,1,WTK
2009-12-07,52.0,52.0,52.0,52.0,0.0,0,WTK
2009-12-08,48.0,84.5,84.5,84.5,0.0,0,WTK
2009-12-09,84.5,84.5,84.5,84.5,0.0,0,WTK
2009-12-09,48.0,84.5,84.5,84.5,0.0,1,WTK
2009-12-10,84.5,88.0,84.5,88.0,100.0,0,WTK
2009-12-11,88.0,88.0,87.5,87.5,0.0,0,WTK
2009-12-14,87.5,160.0,160.0,160.0,0.0,1,WTK
2009-12-14,87.5,87.5,87.5,87.5,0.0,0,WTK
2009-12-15,160.0,160.0,160.0,160.0,0.0,0,WTK
2009-12-16,160.0,160.0,160.0,160.0,0.0,0,WTK
2009-12-16,160.0,160.0,160.0,160.0,0.0,1,WTK
2009-12-17,160.0,149.0,149.0,149.0,100.0,1,WTK
2009-12-17,160.0,160.0,160.0,160.0,0.0,0,WTK
2009-12-18,160.0,160.0,160.0,160.0,0.0,0,WTK
2009-12-18,149.0,149.0,149.0,149.0,0.0,1,WTK
2009-12-21,149.0,149.0,149.0,149.0,0.0,1,WTK
2009-12-21,160.0,160.0,160.0,160.0,0.0,0,WTK
2009-12-22,149.0,149.0,149.0,149.0,0.0,1,WTK
2009-12-22,160.0,160.0,160.0,160.0,0.0,0,WTK
2009-12-23,149.0,149.0,149.0,149.0,0.0,1,WTK
2009-12-23,160.0,160.0,160.0,160.0,0.0,0,WTK
2009-12-24,160.0,160.0,160.0,160.0,0.0,0,WTK
2009-12-24,149.0,149.0,149.0,149.0,0.0,1,WTK
2009-12-25,160.0,160.0,160.0,160.0,0.0,0,WTK
2009-12-25,149.0,149.0,149.0,149.0,0.0,1,WTK
2009-12-28,160.0,160.0,160.0,160.0,0.0,0,WTK
2009-12-28,149.0,149.0,149.0,149.0,0.0,1,WTK
2009-12-29,160.0,160.0,160.0,160.0,0.0,0,WTK
2009-12-29,149.0,149.0,149.0,149.0,0.0,1,WTK
2009-12-30,160.0,160.0,160.0,160.0,0.0,0,WTK
2009-12-30,149.0,149.0,149.0,149.0,0.0,1,WTK
2009-12-31,149.0,149.0,149.0,149.0,0.0,1,WTK
2009-12-31,160.0,160.0,160.0,160.0,0.0,0,WTK
2010-01-01,160.0,160.0,160.0,160.0,0.0,0,WTK
2010-01-01,149.0,149.0,149.0,149.0,0.0,1,WTK
2010-01-04,134.0,220.0,220.0,220.0,133100.0,1,WTK
2010-01-04,160.0,160.0,160.0,160.0,0.0,0,WTK
2010-01-05,134.0,220.0,220.0,220.0,133100.0,1,WTK
2010-01-05,160.0,160.0,160.0,160.0,0.0,0,WTK
2010-01-06,134.0,220.0,220.0,220.0,133100.0,1,WTK
2010-01-06,160.0,160.0,160.0,160.0,0.0,0,WTK
2010-01-07,220.0,230.0,218.0,223.0,1900.0,0,WTK
2010-01-08,220.0,230.0,218.0,223.0,1900.0,1,WTK
2010-01-08,223.0,223.0,223.0,223.0,0.0,0,WTK
2010-01-11,185.0,185.0,185.0,185.0,0.0,0,WTK
2010-01-12,185.0,185.0,167.0,167.0,0.0,0,WTK
2010-01-13,167.0,167.0,120.0,125.0,25300.0,0,WTK
2010-01-14,125.0,135.0,120.0,129.0,36400.0,0,WTK
2010-01-15,129.0,140.0,129.0,133.0,7300.0,0,WTK
2010-01-18,133.0,133.0,133.0,133.0,0.0,0,WTK
2010-01-19,133.0,133.0,133.0,133.0,0.0,0,WTK
2010-01-19,133.0,125.0,125.0,125.0,11000.0,1,WTK
2010-01-20,125.0,125.0,125.0,125.0,0.0,0,WTK
2010-01-21,125.0,125.0,125.0,125.0,2100.0,1,WTK
2010-01-21,125.0,125.0,125.0,125.0,0.0,0,WTK
2010-01-22,125.0,133.0,125.0,130.0,1500.0,0,WTK
2010-01-25,130.0,130.0,130.0,130.0,0.0,0,WTK
2010-01-26,130.0,143.0,120.0,137.0,10500.0,0,WTK
2010-01-27,137.0,130.0,130.0,130.0,19000.0,1,WTK
2010-01-27,137.0,137.0,137.0,137.0,0.0,0,WTK
2010-01-28,130.0,130.0,130.0,130.0,20500.0,1,WTK
2010-01-28,137.0,137.0,137.0,137.0,0.0,0,WTK
2010-01-29,137.0,137.0,137.0,137.0,0.0,0,WTK
2010-01-29,130.0,130.0,130.0,130.0,0.0,1,WTK
2010-02-01,130.0,130.0,130.0,130.0,0.0,1,WTK
2010-02-01,137.0,137.0,137.0,137.0,0.0,0,WTK
2010-02-02,137.0,137.0,137.0,137.0,0.0,0,WTK
2010-02-02,130.0,130.0,130.0,130.0,0.0,1,WTK
2010-02-03,137.0,137.0,137.0,137.0,0.0,0,WTK
2010-02-03,130.0,147.0,147.0,147.0,2400.0,1,WTK
2010-02-04,130.0,147.0,147.0,147.0,2400.0,1,WTK
2010-02-04,137.0,137.0,137.0,137.0,0.0,0,WTK
2010-02-05,130.0,147.0,147.0,147.0,2400.0,1,WTK
2010-02-05,137.0,137.0,137.0,137.0,0.0,0,WTK
2010-02-08,230.0,230.0,199.0,199.0,200.0,0,WTK
2010-02-09,199.0,199.0,199.0,199.0,0.0,0,WTK
2010-02-09,199.0,185.0,185.0,185.0,3000.0,1,WTK
2010-02-10,199.0,185.0,185.0,185.0,3000.0,1,WTK
2010-02-10,199.0,199.0,199.0,199.0,0.0,0,WTK
2010-02-11,185.0,185.0,185.0,185.0,0.0,1,WTK
2010-02-11,199.0,199.0,199.0,199.0,0.0,0,WTK
2010-02-12,185.0,185.0,167.0,167.0,2300.0,0,WTK
2010-02-15,167.0,167.0,167.0,167.0,0.0,0,WTK
2010-02-15,167.0,130.0,130.0,130.0,200.0,1,WTK
2010-02-16,130.0,130.0,130.0,130.0,4400.0,1,WTK
2010-02-16,167.0,167.0,167.0,167.0,0.0,0,WTK
2010-02-17,130.0,130.0,130.0,130.0,1800.0,1,WTK
2010-02-17,167.0,167.0,167.0,167.0,0.0,0,WTK
2010-02-18,130.0,130.0,130.0,130.0,1200.0,1,WTK
2010-02-18,167.0,167.0,167.0,167.0,0.0,0,WTK
2010-02-19,130.0,130.0,130.0,130.0,800.0,1,WTK
2010-02-19,167.0,167.0,167.0,167.0,0.0,0,WTK
2010-02-22,130.0,130.0,130.0,130.0,1100.0,1,WTK
2010-02-22,167.0,167.0,167.0,167.0,0.0,0,WTK
2010-02-23,130.0,131.0,130.0,130.0,4900.0,1,WTK
2010-02-23,167.0,167.0,167.0,167.0,0.0,0,WTK
2010-02-24,130.0,135.0,130.0,134.0,44600.0,1,WTK
2010-02-24,167.0,167.0,167.0,167.0,0.0,0,WTK
2010-02-25,167.0,167.0,167.0,167.0,0.0,0,WTK
2010-02-25,134.0,135.0,131.0,134.0,9200.0,1,WTK
2010-02-26,167.0,167.0,167.0,167.0,0.0,0,WTK
2010-02-26,134.0,134.0,134.0,134.0,0.0,1,WTK
2010-03-01,167.0,167.0,167.0,167.0,0.0,0,WTK
2010-03-01,134.0,134.0,134.0,134.0,0.0,1,WTK
2010-03-02,134.0,134.0,130.0,130.0,0.0,0,WTK
2010-03-03,130.0,161.0,130.0,152.0,4000.0,0,WTK
2010-03-04,152.0,152.0,152.0,152.0,0.0,0,WTK
2010-03-04,130.0,161.0,147.0,152.0,4000.0,1,WTK
2010-03-05,152.0,180.0,152.0,180.0,3500.0,0,WTK
2010-03-08,203.0,203.0,199.0,199.0,6500.0,0,WTK
2010-03-09,199.0,199.0,185.0,185.0,0.0,0,WTK
2010-03-10,199.0,185.0,185.0,185.0,0.0,1,WTK
2010-03-10,185.0,185.0,185.0,185.0,0.0,0,WTK
2010-03-11,185.0,185.0,183.0,183.0,1000.0,0,WTK
2010-03-12,183.0,183.0,167.0,174.0,153500.0,0,WTK
2010-03-15,174.0,214.0,174.0,209.0,65400.0,0,WTK
2010-03-16,209.0,229.0,209.0,228.0,24900.0,0,WTK
2010-03-17,228.0,249.0,228.0,245.0,1300.0,0,WTK
2010-03-18,245.0,245.0,222.0,225.0,20000.0,0,WTK
2010-03-19,225.0,225.0,203.0,203.0,16300.0,0,WTK
2010-03-22,203.0,203.0,202.0,202.0,10000.0,0,WTK
2010-03-23,202.0,220.0,202.0,204.0,5900.0,0,WTK
2010-03-24,204.0,210.0,202.0,207.0,1400.0,0,WTK
2010-03-25,207.0,210.0,207.0,210.0,500.0,0,WTK
2010-03-26,210.0,220.0,210.0,218.0,9700.0,0,WTK
2010-03-29,218.0,225.0,218.0,222.0,2000.0,0,WTK
2010-03-30,222.0,222.0,220.0,220.0,1500.0,0,WTK
2010-03-31,220.0,242.0,220.0,221.0,46500.0,0,WTK
2010-04-01,221.0,149.0,149.0,149.0,0.0,0,WTK
2010-04-02,149.0,149.0,130.0,130.0,4300.0,0,WTK
2010-04-05,161.0,180.0,161.0,180.0,0.0,0,WTK
2010-04-06,180.0,180.0,180.0,180.0,0.0,0,WTK
2010-04-06,180.0,206.0,200.0,203.0,4600.0,1,WTK
2010-04-07,180.0,180.0,180.0,180.0,0.0,0,WTK
2010-04-07,180.0,206.0,200.0,203.0,4600.0,1,WTK
2010-04-08,180.0,206.0,200.0,203.0,4600.0,1,WTK
2010-04-08,180.0,180.0,180.0,180.0,0.0,0,WTK
2010-04-09,180.0,206.0,200.0,203.0,4600.0,1,WTK
2010-04-09,180.0,180.0,180.0,180.0,0.0,0,WTK
2010-04-12,180.0,180.0,180.0,180.0,0.0,0,WTK
2010-04-12,180.0,206.0,200.0,203.0,4600.0,1,WTK
2010-04-13,183.0,200.0,183.0,200.0,44000.0,0,WTK
2010-04-14,200.0,200.0,195.0,195.0,1000.0,0,WTK
2010-04-15,195.0,195.0,195.0,195.0,0.0,0,WTK
2010-04-15,195.0,200.0,197.0,197.0,1400.0,1,WTK
2010-04-16,195.0,195.0,195.0,195.0,0.0,0,WTK
2010-04-16,197.0,197.0,197.0,197.0,200.0,1,WTK
2010-04-19,195.0,195.0,195.0,195.0,0.0,0,WTK
2010-04-19,197.0,197.0,197.0,197.0,0.0,1,WTK
2010-04-20,197.0,197.0,197.0,197.0,200.0,1,WTK
2010-04-20,195.0,195.0,195.0,195.0,0.0,0,WTK
2010-04-21,197.0,197.0,178.0,178.0,1800.0,0,WTK
2010-04-22,178.0,178.0,178.0,178.0,0.0,0,WTK
2010-04-23,178.0,180.0,178.0,180.0,1000.0,0,WTK
2010-04-26,180.0,190.0,180.0,190.0,200.0,0,WTK
2010-04-27,190.0,190.0,185.0,185.0,900.0,0,WTK
2010-04-28,185.0,190.0,185.0,186.0,1100.0,0,WTK
2010-04-29,186.0,190.0,186.0,190.0,200.0,0,WTK
2010-04-30,190.0,190.0,190.0,190.0,0.0,0,WTK
2010-05-03,130.0,177.0,130.0,176.0,5200.0,0,WTK
2010-05-04,176.0,176.0,176.0,176.0,0.0,0,WTK
2010-05-04,130.0,177.0,167.0,176.0,5200.0,1,WTK
2010-05-05,176.0,190.0,176.0,188.0,3100.0,0,WTK
2010-05-06,176.0,190.0,180.0,188.0,3100.0,1,WTK
2010-05-06,188.0,188.0,188.0,188.0,0.0,0,WTK
2010-05-07,188.0,231.0,231.0,231.0,200.0,1,WTK
2010-05-10,199.0,199.0,175.0,175.0,0.0,0,WTK
2010-05-11,175.0,184.0,175.0,183.0,3000.0,0,WTK
2010-05-12,175.0,184.0,183.0,183.0,3000.0,1,WTK
2010-05-12,183.0,183.0,183.0,183.0,0.0,0,WTK
2010-05-13,183.0,205.0,183.0,205.0,2300.0,0,WTK
2010-05-14,205.0,205.0,205.0,205.0,400.0,0,WTK
2010-05-17,205.0,205.0,190.0,199.0,13200.0,0,WTK
2010-05-18,199.0,199.0,199.0,199.0,0.0,0,WTK
2010-05-19,199.0,200.0,199.0,200.0,4600.0,0,WTK
2010-05-20,200.0,200.0,200.0,200.0,800.0,0,WTK
2010-05-21,200.0,200.0,197.0,198.0,5200.0,0,WTK
2010-05-24,198.0,205.0,198.0,199.0,1900.0,0,WTK
2010-05-25,199.0,200.0,190.0,195.0,2500.0,0,WTK
2010-05-26,195.0,195.0,195.0,195.0,0.0,0,WTK
2010-05-26,195.0,190.0,190.0,190.0,6700.0,1,WTK
2010-05-27,190.0,190.0,190.0,190.0,1500.0,0,WTK
2010-05-28,190.0,190.0,190.0,190.0,0.0,0,WTK
2010-05-28,190.0,190.0,190.0,190.0,0.0,1,WTK
2010-05-31,190.0,200.0,190.0,200.0,100.0,0,WTK
2010-06-01,200.0,145.0,134.0,136.0,15700.0,1,WTK
2010-06-01,200.0,200.0,200.0,200.0,0.0,0,WTK
2010-06-02,200.0,145.0,134.0,136.0,15700.0,1,WTK
2010-06-02,200.0,200.0,200.0,200.0,0.0,0,WTK
2010-06-03,200.0,200.0,200.0,200.0,0.0,0,WTK
2010-06-03,200.0,145.0,134.0,136.0,15700.0,1,WTK
2010-06-04,136.0,220.0,136.0,220.0,7400.0,0,WTK
2010-06-07,190.0,231.0,190.0,231.0,0.0,0,WTK
2010-06-08,231.0,231.0,198.0,198.0,14500.0,0,WTK
2010-06-09,198.0,198.0,180.0,181.0,1300.0,0,WTK
2010-06-10,181.0,181.0,175.0,175.0,9000.0,0,WTK
2010-06-11,181.0,176.0,175.0,175.0,9000.0,1,WTK
2010-06-11,175.0,175.0,175.0,175.0,0.0,0,WTK
2010-06-14,174.0,217.0,174.0,217.0,0.0,0,WTK
2010-06-15,217.0,227.0,215.0,218.0,2500.0,0,WTK
2010-06-16,218.0,227.0,218.0,227.0,100.0,0,WTK
2010-06-17,227.0,227.0,227.0,227.0,0.0,0,WTK
2010-06-18,227.0,227.0,208.0,210.0,7000.0,0,WTK
2010-06-21,210.0,214.0,210.0,214.0,1000.0,0,WTK
2010-06-22,214.0,215.0,214.0,215.0,1000.0,0,WTK
2010-06-23,215.0,219.0,215.0,215.0,800.0,0,WTK
2010-06-24,215.0,227.0,200.0,217.0,3600.0,0,WTK
2010-06-25,217.0,249.0,217.0,236.0,17100.0,0,WTK
2010-06-28,236.0,236.0,230.0,230.0,800.0,0,WTK
2010-06-29,230.0,240.0,210.0,212.0,1100.0,0,WTK
2010-06-30,212.0,220.0,212.0,218.0,3000.0,0,WTK
2010-07-01,218.0,125.0,125.0,125.0,12200.0,1,WTK
2010-07-02,125.0,125.0,125.0,125.0,0.0,1,WTK
2010-07-02,218.0,125.0,125.0,125.0,12200.0,1,WTK
2010-07-05,218.0,218.0,187.0,198.0,7000.0,0,WTK
2010-07-06,198.0,200.0,198.0,200.0,1500.0,0,WTK
2010-07-07,200.0,231.0,200.0,231.0,0.0,0,WTK
2010-07-08,200.0,231.0,231.0,231.0,0.0,1,WTK
2010-07-08,231.0,231.0,231.0,231.0,0.0,0,WTK
2010-07-09,231.0,231.0,181.0,184.0,4200.0,0,WTK
2010-07-12,175.0,175.0,174.0,174.0,7100.0,0,WTK
2010-07-13,174.0,215.0,174.0,215.0,100.0,0,WTK
2010-07-14,215.0,215.0,215.0,215.0,0.0,0,WTK
2010-07-15,215.0,215.0,205.0,208.0,3500.0,0,WTK
2010-07-16,208.0,200.0,200.0,200.0,200.0,1,WTK
2010-07-16,208.0,208.0,208.0,208.0,0.0,0,WTK
2010-07-19,208.0,208.0,208.0,208.0,0.0,0,WTK
2010-07-19,200.0,200.0,200.0,200.0,0.0,1,WTK
2010-07-20,200.0,200.0,200.0,200.0,1300.0,1,WTK
2010-07-20,208.0,208.0,208.0,208.0,0.0,0,WTK
2010-07-21,200.0,200.0,200.0,200.0,100.0,1,WTK
2010-07-21,208.0,208.0,208.0,208.0,0.0,0,WTK
2010-07-22,208.0,208.0,208.0,208.0,0.0,0,WTK
2010-07-22,200.0,200.0,200.0,200.0,400.0,1,WTK
2010-07-23,200.0,200.0,200.0,200.0,0.0,1,WTK
2010-07-23,208.0,208.0,208.0,208.0,0.0,0,WTK
2010-07-26,200.0,200.0,200.0,200.0,100.0,1,WTK
2010-07-26,208.0,208.0,208.0,208.0,0.0,0,WTK
2010-07-27,200.0,200.0,200.0,200.0,100.0,1,WTK
2010-07-27,208.0,208.0,208.0,208.0,0.0,0,WTK
2010-07-28,200.0,200.0,180.0,187.0,4500.0,0,WTK
2010-07-29,187.0,199.0,181.0,181.0,1900.0,0,WTK
2010-07-30,181.0,199.0,181.0,199.0,100.0,0,WTK
2010-08-02,128.0,130.0,130.0,130.0,300.0,1,WTK
2010-08-03,130.0,192.0,130.0,191.0,5000.0,0,WTK
2010-08-04,191.0,210.0,191.0,210.0,2000.0,0,WTK
2010-08-05,191.0,210.0,210.0,210.0,2000.0,1,WTK
2010-08-05,210.0,210.0,210.0,210.0,0.0,0,WTK
2010-08-06,210.0,220.0,210.0,220.0,100.0,0,WTK
2010-08-09,215.0,215.0,185.0,188.0,5200.0,0,WTK
2010-08-10,188.0,190.0,188.0,190.0,500.0,0,WTK
2010-08-11,190.0,190.0,175.0,175.0,2300.0,0,WTK
2010-08-12,175.0,175.0,174.0,174.0,0.0,0,WTK
2010-08-13,174.0,195.0,174.0,195.0,0.0,0,WTK
2010-08-16,195.0,195.0,185.0,185.0,3900.0,0,WTK
2010-08-17,185.0,190.0,185.0,185.0,33600.0,0,WTK
2010-08-18,185.0,185.0,170.0,183.0,7000.0,0,WTK
2010-08-19,183.0,190.0,183.0,189.0,59100.0,0,WTK
2010-08-20,189.0,189.0,183.0,185.0,3000.0,0,WTK
2010-08-23,185.0,195.0,185.0,189.0,5600.0,0,WTK
2010-08-24,189.0,199.0,185.0,185.0,7500.0,0,WTK
2010-08-25,185.0,185.0,185.0,185.0,0.0,0,WTK
2010-08-26,185.0,190.0,190.0,190.0,300.0,1,WTK
2010-08-26,185.0,185.0,185.0,185.0,0.0,0,WTK
2010-08-27,185.0,185.0,185.0,185.0,0.0,0,WTK
2010-08-27,185.0,190.0,190.0,190.0,300.0,1,WTK
2010-08-30,185.0,185.0,185.0,185.0,0.0,0,WTK
2010-08-30,190.0,190.0,190.0,190.0,0.0,1,WTK
2010-08-31,185.0,185.0,185.0,185.0,0.0,0,WTK
2010-08-31,190.0,190.0,190.0,190.0,100.0,1,WTK
2010-09-01,190.0,190.0,190.0,190.0,100.0,1,WTK
2010-09-01,185.0,185.0,185.0,185.0,0.0,0,WTK
2010-09-02,190.0,130.0,130.0,130.0,0.0,1,WTK
2010-09-03,130.0,191.0,130.0,175.0,31000.0,0,WTK
2010-09-06,204.0,220.0,204.0,219.0,4500.0,0,WTK
2010-09-07,219.0,224.0,218.0,218.0,900.0,0,WTK
2010-09-08,218.0,218.0,183.0,184.0,2100.0,0,WTK
2010-09-09,184.0,188.0,184.0,188.0,0.0,0,WTK
2010-09-10,184.0,188.0,188.0,188.0,0.0,1,WTK
2010-09-10,188.0,188.0,188.0,188.0,0.0,0,WTK
2010-09-13,174.0,190.0,174.0,190.0,100.0,0,WTK
2010-09-14,190.0,181.0,181.0,181.0,5000.0,1,WTK
2010-09-14,190.0,190.0,190.0,190.0,0.0,0,WTK
2010-09-15,181.0,181.0,181.0,181.0,0.0,0,WTK
2010-09-16,181.0,181.0,181.0,181.0,0.0,0,WTK
2010-09-16,181.0,181.0,181.0,181.0,1400.0,1,WTK
2010-09-17,181.0,181.0,180.0,180.0,6800.0,0,WTK
2010-09-20,180.0,181.0,180.0,181.0,700.0,0,WTK
2010-09-21,181.0,190.0,180.0,183.0,49100.0,0,WTK
2010-09-22,183.0,183.0,182.0,182.0,300.0,0,WTK
2010-09-23,182.0,180.0,180.0,180.0,1000.0,1,WTK
2010-09-23,182.0,182.0,182.0,182.0,0.0,0,WTK
2010-09-24,180.0,180.0,180.0,180.0,0.0,1,WTK
2010-09-24,182.0,182.0,182.0,182.0,0.0,0,WTK
2010-09-27,180.0,180.0,180.0,180.0,0.0,1,WTK
2010-09-27,182.0,182.0,182.0,182.0,0.0,0,WTK
2010-09-28,180.0,180.0,180.0,180.0,0.0,1,WTK
2010-09-28,182.0,182.0,182.0,182.0,0.0,0,WTK
2010-09-29,182.0,182.0,182.0,182.0,0.0,0,WTK
2010-09-29,180.0,180.0,180.0,180.0,0.0,1,WTK
2010-09-30,180.0,182.0,180.0,181.0,600.0,1,WTK
2010-09-30,182.0,182.0,182.0,182.0,0.0,0,WTK
2010-10-01,182.0,182.0,182.0,182.0,0.0,0,WTK
2010-10-01,180.0,182.0,180.0,181.0,600.0,1,WTK
2010-10-04,182.0,182.0,182.0,182.0,0.0,0,WTK
2010-10-04,180.0,182.0,180.0,181.0,600.0,1,WTK
2010-10-05,178.0,198.0,178.0,198.0,0.0,0,WTK
2010-10-06,198.0,219.0,198.0,219.0,0.0,0,WTK
2010-10-07,219.0,219.0,219.0,219.0,0.0,0,WTK
2010-10-07,198.0,219.0,219.0,219.0,0.0,1,WTK
2010-10-08,219.0,219.0,185.0,185.0,700.0,0,WTK
2010-10-11,188.0,188.0,175.0,175.0,500.0,0,WTK
2010-10-12,175.0,175.0,174.0,174.0,0.0,0,WTK
2010-10-13,174.0,174.0,174.0,174.0,0.0,0,WTK
2010-10-13,174.0,185.0,185.0,185.0,900.0,1,WTK
2010-10-14,185.0,185.0,185.0,185.0,0.0,1,WTK
2010-10-14,174.0,174.0,174.0,174.0,0.0,0,WTK
2010-10-15,185.0,185.0,185.0,185.0,0.0,1,WTK
2010-10-15,174.0,174.0,174.0,174.0,0.0,0,WTK
2010-10-18,185.0,185.0,185.0,185.0,600.0,1,WTK
2010-10-18,174.0,174.0,174.0,174.0,0.0,0,WTK
2010-10-19,185.0,188.0,185.0,188.0,1900.0,0,WTK
2010-10-20,185.0,188.0,188.0,188.0,1900.0,1,WTK
2010-10-20,188.0,188.0,188.0,188.0,0.0,0,WTK
2010-10-21,188.0,190.0,176.0,177.0,15000.0,0,WTK
2010-10-22,177.0,180.0,177.0,180.0,100.0,0,WTK
2010-10-25,180.0,180.0,180.0,180.0,0.0,0,WTK
2010-10-26,180.0,185.0,180.0,185.0,1000.0,0,WTK
2010-10-27,185.0,185.0,178.0,178.0,2500.0,0,WTK
2010-10-28,178.0,185.0,178.0,185.0,8200.0,0,WTK
2010-10-29,185.0,185.0,185.0,185.0,1000.0,0,WTK
2010-11-01,185.0,125.0,125.0,125.0,11500.0,0,WTK
2010-11-02,125.0,130.0,125.0,130.0,200.0,0,WTK
2010-11-03,130.0,195.0,130.0,184.0,40000.0,0,WTK
2010-11-04,184.0,184.0,184.0,184.0,0.0,0,WTK
2010-11-04,130.0,195.0,181.0,184.0,40000.0,1,WTK
2010-11-05,184.0,190.0,184.0,190.0,39200.0,0,WTK
2010-11-08,217.0,217.0,195.0,195.0,100.0,0,WTK
2010-11-09,195.0,195.0,195.0,195.0,0.0,0,WTK
2010-11-09,217.0,195.0,195.0,195.0,100.0,1,WTK
2010-11-10,195.0,195.0,185.0,188.0,4800.0,0,WTK
2010-11-11,188.0,188.0,188.0,188.0,0.0,0,WTK
2010-11-11,188.0,175.0,175.0,175.0,200.0,1,WTK
2010-11-12,188.0,188.0,188.0,188.0,0.0,0,WTK
2010-11-12,188.0,175.0,175.0,175.0,200.0,1,WTK
2010-11-15,175.0,180.0,175.0,175.0,1600.0,1,WTK
2010-11-15,188.0,188.0,188.0,188.0,0.0,0,WTK
2010-11-16,175.0,175.0,175.0,175.0,500.0,1,WTK
2010-11-16,188.0,188.0,188.0,188.0,0.0,0,WTK
2010-11-17,188.0,188.0,188.0,188.0,0.0,0,WTK
2010-11-17,175.0,175.0,175.0,175.0,0.0,1,WTK
2010-11-18,175.0,175.0,175.0,175.0,0.0,1,WTK
2010-11-18,188.0,188.0,188.0,188.0,0.0,0,WTK
2010-11-19,188.0,188.0,188.0,188.0,0.0,0,WTK
2010-11-19,175.0,175.0,175.0,175.0,0.0,1,WTK
2010-11-22,188.0,188.0,188.0,188.0,0.0,0,WTK
2010-11-22,175.0,175.0,175.0,175.0,0.0,1,WTK
2010-11-23,188.0,188.0,188.0,188.0,0.0,0,WTK
2010-11-23,175.0,175.0,175.0,175.0,0.0,1,WTK
2010-11-24,175.0,175.0,168.0,168.0,300.0,0,WTK
2010-11-25,168.0,168.0,167.0,167.0,1000.0,0,WTK
2010-11-26,167.0,167.0,165.0,165.0,500.0,0,WTK
2010-11-29,165.0,181.0,165.0,178.0,14600.0,0,WTK
2010-11-30,178.0,178.0,167.0,167.0,9300.0,0,WTK
2010-12-01,167.0,167.0,123.0,124.0,12900.0,0,WTK
2010-12-02,124.0,130.0,124.0,130.0,1000.0,0,WTK
2010-12-03,130.0,202.0,130.0,195.0,3300.0,0,WTK
2010-12-06,195.0,195.0,195.0,195.0,0.0,0,WTK
2010-12-06,130.0,202.0,185.0,195.0,3300.0,1,WTK
2010-12-07,190.0,215.0,190.0,215.0,1300.0,0,WTK
2010-12-08,215.0,215.0,195.0,195.0,0.0,0,WTK
2010-12-09,195.0,195.0,195.0,195.0,0.0,0,WTK
2010-12-09,215.0,195.0,195.0,195.0,0.0,1,WTK
2010-12-10,195.0,195.0,182.0,182.0,6800.0,0,WTK
2010-12-13,195.0,182.0,182.0,182.0,6800.0,1,WTK
2010-12-13,182.0,182.0,182.0,182.0,0.0,0,WTK
2010-12-14,175.0,175.0,170.0,170.0,2300.0,0,WTK
2010-12-15,170.0,165.0,165.0,165.0,200.0,1,WTK
2010-12-15,170.0,170.0,170.0,170.0,0.0,0,WTK
2010-12-16,170.0,170.0,170.0,170.0,0.0,0,WTK
2010-12-16,165.0,165.0,165.0,165.0,1000.0,1,WTK
2010-12-17,165.0,165.0,165.0,165.0,0.0,1,WTK
2010-12-17,170.0,170.0,170.0,170.0,0.0,0,WTK
2010-12-20,165.0,167.0,165.0,165.0,1400.0,1,WTK
2010-12-20,170.0,170.0,170.0,170.0,0.0,0,WTK
2010-12-21,170.0,170.0,170.0,170.0,0.0,0,WTK
2010-12-21,165.0,165.0,165.0,165.0,0.0,1,WTK
2010-12-22,165.0,165.0,165.0,165.0,0.0,1,WTK
2010-12-22,170.0,170.0,170.0,170.0,0.0,0,WTK
2010-12-23,165.0,180.0,165.0,172.0,20000.0,0,WTK
2010-12-24,172.0,172.0,172.0,172.0,0.0,0,WTK
2010-12-24,172.0,180.0,180.0,180.0,1000.0,1,WTK
2010-12-27,180.0,180.0,180.0,180.0,0.0,0,WTK
2010-12-28,180.0,180.0,180.0,180.0,500.0,1,WTK
2010-12-28,180.0,180.0,180.0,180.0,0.0,0,WTK
2010-12-29,180.0,185.0,185.0,185.0,200.0,1,WTK
2010-12-29,180.0,180.0,180.0,180.0,0.0,0,WTK
2010-12-30,185.0,185.0,185.0,185.0,0.0,0,WTK
2010-12-31,185.0,185.0,185.0,185.0,3200.0,1,WTK
2010-12-31,185.0,185.0,185.0,185.0,0.0,0,WTK
2011-01-03,200.0,200.0,196.0,196.0,0.0,0,WTK
2011-01-04,196.0,196.0,196.0,196.0,0.0,0,WTK
2011-01-04,196.0,185.0,185.0,185.0,0.0,1,WTK
2011-01-05,196.0,185.0,185.0,185.0,0.0,1,WTK
2011-01-05,196.0,196.0,196.0,196.0,0.0,0,WTK
2011-01-06,196.0,196.0,196.0,196.0,0.0,0,WTK
2011-01-06,196.0,185.0,185.0,185.0,0.0,1,WTK
2011-01-07,185.0,217.0,185.0,217.0,2500.0,0,WTK
2011-01-10,185.0,217.0,217.0,217.0,2500.0,1,WTK
2011-01-10,217.0,217.0,217.0,217.0,0.0,0,WTK
2011-01-11,185.0,300.0,185.0,299.0,11800.0,0,WTK
2011-01-12,299.0,299.0,285.0,285.0,0.0,0,WTK
2011-01-13,285.0,285.0,285.0,285.0,0.0,0,WTK
2011-01-13,285.0,210.0,205.0,206.0,5000.0,1,WTK
2011-01-14,206.0,206.0,206.0,206.0,0.0,0,WTK
2011-01-17,206.0,206.0,206.0,206.0,200.0,1,WTK
2011-01-17,206.0,206.0,206.0,206.0,0.0,0,WTK
2011-01-18,206.0,200.0,200.0,200.0,100.0,1,WTK
2011-01-18,206.0,206.0,206.0,206.0,0.0,0,WTK
2011-01-19,200.0,200.0,200.0,200.0,0.0,1,WTK
2011-01-19,206.0,206.0,206.0,206.0,0.0,0,WTK
2011-01-20,200.0,200.0,200.0,200.0,0.0,1,WTK
2011-01-20,206.0,206.0,206.0,206.0,0.0,0,WTK
2011-01-21,200.0,200.0,200.0,200.0,200.0,1,WTK
2011-01-21,206.0,206.0,206.0,206.0,0.0,0,WTK
2011-01-24,200.0,200.0,195.0,195.0,1000.0,0,WTK
2011-01-25,195.0,200.0,195.0,200.0,700.0,0,WTK
2011-01-26,200.0,220.0,200.0,220.0,300.0,0,WTK
2011-01-27,220.0,220.0,220.0,220.0,0.0,0,WTK
2011-01-28,220.0,220.0,220.0,220.0,0.0,0,WTK
2011-01-28,220.0,200.0,200.0,200.0,2700.0,1,WTK
2011-01-31,200.0,200.0,200.0,200.0,0.0,1,WTK
2011-01-31,220.0,220.0,220.0,220.0,0.0,0,WTK
2011-02-01,200.0,200.0,200.0,200.0,0.0,1,WTK
2011-02-01,220.0,220.0,220.0,220.0,0.0,0,WTK
2011-02-02,200.0,200.0,200.0,200.0,3300.0,1,WTK
2011-02-02,220.0,220.0,220.0,220.0,0.0,0,WTK
2011-02-03,220.0,220.0,220.0,220.0,0.0,0,WTK
2011-02-03,200.0,196.0,196.0,196.0,0.0,1,WTK
2011-02-04,220.0,220.0,220.0,220.0,0.0,0,WTK
2011-02-04,200.0,196.0,196.0,196.0,0.0,1,WTK
2011-02-07,220.0,220.0,220.0,220.0,0.0,0,WTK
2011-02-07,200.0,196.0,196.0,196.0,0.0,1,WTK
2011-02-08,185.0,205.0,185.0,205.0,200.0,0,WTK
2011-02-09,205.0,205.0,183.0,183.0,700.0,0,WTK
2011-02-10,205.0,183.0,183.0,183.0,700.0,1,WTK
2011-02-10,183.0,183.0,183.0,183.0,0.0,0,WTK
2011-02-11,183.0,270.0,270.0,270.0,15500.0,1,WTK
2011-02-14,285.0,200.0,200.0,200.0,5700.0,1,WTK
2011-02-14,270.0,270.0,270.0,270.0,0.0,1,WTK
2011-02-15,270.0,270.0,270.0,270.0,0.0,1,WTK
2011-02-15,200.0,200.0,200.0,200.0,2200.0,1,WTK
2011-02-16,270.0,270.0,270.0,270.0,0.0,1,WTK
2011-02-16,200.0,200.0,200.0,200.0,0.0,1,WTK
2011-02-17,200.0,200.0,200.0,200.0,3000.0,1,WTK
2011-02-17,270.0,270.0,270.0,270.0,0.0,1,WTK
2011-02-18,270.0,270.0,270.0,270.0,0.0,1,WTK
2011-02-18,200.0,200.0,200.0,200.0,2800.0,1,WTK
2011-02-21,200.0,200.0,200.0,200.0,0.0,1,WTK
2011-02-21,270.0,270.0,270.0,270.0,0.0,1,WTK
2011-02-22,200.0,200.0,200.0,200.0,3500.0,1,WTK
2011-02-22,270.0,270.0,270.0,270.0,0.0,1,WTK
2011-02-23,200.0,200.0,200.0,200.0,4500.0,1,WTK
2011-02-23,270.0,270.0,270.0,270.0,0.0,1,WTK
2011-02-24,270.0,270.0,270.0,270.0,0.0,1,WTK
2011-02-24,200.0,200.0,200.0,200.0,15500.0,1,WTK
2011-02-25,200.0,200.0,196.0,196.0,900.0,0,WTK
2011-02-28,196.0,196.0,196.0,196.0,0.0,0,WTK
2011-03-01,196.0,196.0,185.0,185.0,0.0,0,WTK
2011-03-02,185.0,200.0,185.0,200.0,500.0,0,WTK
2011-03-03,200.0,196.0,196.0,196.0,0.0,1,WTK
2011-03-03,200.0,200.0,200.0,200.0,0.0,0,WTK
2011-03-04,200.0,200.0,200.0,200.0,0.0,0,WTK
2011-03-04,200.0,196.0,196.0,196.0,0.0,1,WTK
2011-03-07,200.0,196.0,196.0,196.0,0.0,1,WTK
2011-03-07,200.0,200.0,200.0,200.0,0.0,0,WTK
2011-03-08,185.0,205.0,185.0,204.0,3000.0,0,WTK
2011-03-09,204.0,204.0,204.0,204.0,0.0,0,WTK
2011-03-09,185.0,205.0,203.0,204.0,3000.0,1,WTK
2011-03-10,204.0,204.0,185.0,185.0,1300.0,0,WTK
2011-03-11,185.0,270.0,270.0,270.0,0.0,1,WTK
2011-03-14,270.0,270.0,270.0,270.0,0.0,1,WTK
2011-03-14,270.0,162.0,162.0,162.0,200.0,1,WTK
2011-03-15,270.0,270.0,270.0,270.0,0.0,1,WTK
2011-03-15,162.0,162.0,162.0,162.0,4400.0,1,WTK
2011-03-16,162.0,162.0,162.0,162.0,0.0,1,WTK
2011-03-16,270.0,270.0,270.0,270.0,0.0,1,WTK
2011-03-17,162.0,162.0,162.0,162.0,0.0,1,WTK
2011-03-17,270.0,270.0,270.0,270.0,0.0,1,WTK
2011-03-18,162.0,162.0,162.0,162.0,0.0,1,WTK
2011-03-18,270.0,270.0,270.0,270.0,0.0,1,WTK
2011-03-21,162.0,170.0,162.0,170.0,200.0,0,WTK
2011-03-22,170.0,180.0,170.0,176.0,3200.0,0,WTK
2011-03-23,176.0,180.0,173.0,175.0,1600.0,1,WTK
2011-03-23,176.0,176.0,176.0,176.0,0.0,0,WTK
2011-03-24,175.0,175.0,175.0,175.0,0.0,0,WTK
2011-03-25,175.0,175.0,175.0,175.0,0.0,0,WTK
2011-03-25,175.0,175.0,175.0,175.0,0.0,1,WTK
2011-03-28,175.0,175.0,175.0,175.0,0.0,0,WTK
2011-03-28,175.0,180.0,180.0,180.0,400.0,1,WTK
2011-03-29,180.0,180.0,180.0,180.0,700.0,0,WTK
2011-03-30,180.0,180.0,180.0,180.0,0.0,0,WTK
2011-03-30,180.0,180.0,180.0,180.0,0.0,1,WTK
2011-03-31,180.0,185.0,180.0,185.0,700.0,0,WTK
2011-04-01,185.0,185.0,185.0,185.0,300.0,0,WTK
2011-04-04,196.0,196.0,185.0,188.0,800.0,0,WTK
2011-04-05,188.0,199.0,188.0,199.0,0.0,0,WTK
2011-04-06,188.0,199.0,199.0,199.0,0.0,1,WTK
2011-04-06,199.0,199.0,199.0,199.0,0.0,0,WTK
2011-04-07,199.0,210.0,199.0,209.0,1500.0,0,WTK
2011-04-08,209.0,209.0,203.0,204.0,200.0,0,WTK
2011-04-11,185.0,270.0,270.0,270.0,0.0,1,WTK
2011-04-12,185.0,270.0,270.0,270.0,0.0,1,WTK
2011-04-12,270.0,270.0,270.0,270.0,0.0,1,WTK
2011-04-13,270.0,200.0,200.0,200.0,0.0,1,WTK
2011-04-13,270.0,270.0,270.0,270.0,0.0,1,WTK
2011-04-14,270.0,270.0,270.0,270.0,0.0,1,WTK
2011-04-14,200.0,200.0,200.0,200.0,0.0,1,WTK
2011-04-15,270.0,270.0,270.0,270.0,0.0,1,WTK
2011-04-15,200.0,200.0,200.0,200.0,0.0,1,WTK
2011-04-18,270.0,270.0,270.0,270.0,0.0,1,WTK
2011-04-18,200.0,200.0,200.0,200.0,0.0,1,WTK
2011-04-19,270.0,270.0,270.0,270.0,0.0,1,WTK
2011-04-19,200.0,200.0,200.0,200.0,0.0,1,WTK
2011-04-20,270.0,270.0,270.0,270.0,0.0,1,WTK
2011-04-20,200.0,200.0,200.0,200.0,0.0,1,WTK
2011-04-21,270.0,270.0,270.0,270.0,0.0,1,WTK
2011-04-21,200.0,200.0,200.0,200.0,0.0,1,WTK
2011-04-22,200.0,200.0,200.0,200.0,0.0,1,WTK
2011-04-22,270.0,270.0,270.0,270.0,0.0,1,WTK
2011-04-25,200.0,200.0,200.0,200.0,0.0,1,WTK
2011-04-25,270.0,270.0,270.0,270.0,0.0,1,WTK
2011-04-26,200.0,200.0,200.0,200.0,100.0,1,WTK
2011-04-26,270.0,270.0,270.0,270.0,0.0,1,WTK
2011-04-27,200.0,200.0,200.0,200.0,0.0,1,WTK
2011-04-27,270.0,270.0,270.0,270.0,0.0,1,WTK
2011-04-28,270.0,270.0,270.0,270.0,0.0,1,WTK
2011-04-28,200.0,200.0,200.0,200.0,0.0,1,WTK
2011-04-29,200.0,199.0,199.0,199.0,400.0,1,WTK
2011-04-29,270.0,270.0,270.0,270.0,0.0,1,WTK
2011-05-02,270.0,270.0,270.0,270.0,0.0,1,WTK
2011-05-02,200.0,199.0,199.0,199.0,400.0,1,WTK
2011-05-03,200.0,199.0,199.0,199.0,400.0,1,WTK
2011-05-03,270.0,270.0,270.0,270.0,0.0,1,WTK
2011-05-04,198.0,198.0,188.0,188.0,0.0,0,WTK
2011-05-05,188.0,200.0,188.0,199.0,300.0,0,WTK
2011-05-06,199.0,199.0,199.0,199.0,0.0,0,WTK
2011-05-06,188.0,200.0,199.0,199.0,300.0,1,WTK
2011-05-09,205.0,205.0,183.0,183.0,0.0,0,WTK
2011-05-10,183.0,186.0,183.0,186.0,7600.0,0,WTK
2011-05-11,186.0,186.0,186.0,186.0,0.0,0,WTK
2011-05-11,183.0,186.0,186.0,186.0,7600.0,1,WTK
2011-05-12,186.0,285.0,285.0,285.0,0.0,1,WTK
2011-05-13,285.0,285.0,285.0,285.0,0.0,1,WTK
2011-05-13,285.0,181.0,180.0,180.0,200.0,1,WTK
2011-05-16,180.0,180.0,180.0,180.0,0.0,1,WTK
2011-05-17,180.0,180.0,180.0,180.0,0.0,1,WTK
2011-05-17,180.0,180.0,180.0,180.0,0.0,1,WTK
2011-05-18,180.0,180.0,180.0,180.0,0.0,1,WTK
2011-05-18,180.0,195.0,195.0,195.0,100.0,1,WTK
2011-05-19,180.0,180.0,180.0,180.0,0.0,1,WTK
2011-05-19,195.0,195.0,195.0,195.0,500.0,1,WTK
2011-05-20,195.0,195.0,195.0,195.0,1000.0,1,WTK
2011-05-20,180.0,180.0,180.0,180.0,0.0,1,WTK
2011-05-23,180.0,180.0,180.0,180.0,0.0,1,WTK
2011-05-23,195.0,195.0,195.0,195.0,0.0,1,WTK
2011-05-24,180.0,180.0,180.0,180.0,0.0,1,WTK
2011-05-24,195.0,195.0,195.0,195.0,0.0,1,WTK
2011-05-25,180.0,180.0,180.0,180.0,0.0,1,WTK
2011-05-25,195.0,185.0,185.0,185.0,200.0,1,WTK
2011-05-26,180.0,180.0,180.0,180.0,0.0,1,WTK
2011-05-26,185.0,185.0,185.0,185.0,0.0,1,WTK
2011-05-27,185.0,186.0,185.0,185.0,1700.0,1,WTK
2011-05-27,180.0,180.0,180.0,180.0,0.0,1,WTK
2011-05-30,180.0,180.0,180.0,180.0,0.0,1,WTK
2011-05-30,185.0,185.0,185.0,185.0,0.0,1,WTK
2011-05-31,180.0,180.0,180.0,180.0,0.0,1,WTK
2011-05-31,185.0,185.0,185.0,185.0,0.0,1,WTK
2011-06-01,180.0,180.0,180.0,180.0,0.0,1,WTK
2011-06-01,185.0,210.0,200.0,206.0,18300.0,1,WTK
2011-06-02,180.0,180.0,180.0,180.0,0.0,1,WTK
2011-06-02,185.0,210.0,200.0,206.0,18300.0,1,WTK
2011-06-03,185.0,210.0,200.0,206.0,18300.0,1,WTK
2011-06-03,180.0,180.0,180.0,180.0,0.0,1,WTK
2011-06-06,199.0,199.0,186.0,186.0,200.0,0,WTK
2011-06-07,186.0,209.0,186.0,209.0,0.0,0,WTK
2011-06-08,209.0,209.0,209.0,209.0,0.0,0,WTK
2011-06-08,186.0,209.0,209.0,209.0,0.0,1,WTK
2011-06-09,209.0,209.0,180.0,180.0,3300.0,0,WTK
2011-06-10,180.0,194.0,180.0,186.0,1600.0,0,WTK
2011-06-13,285.0,285.0,220.0,220.0,200.0,0,WTK
2011-06-14,220.0,220.0,205.0,205.0,900.0,0,WTK
2011-06-15,205.0,215.0,205.0,211.0,1000.0,0,WTK
2011-06-16,211.0,211.0,200.0,200.0,100.0,0,WTK
2011-06-17,200.0,215.0,200.0,210.0,2500.0,0,WTK
2011-06-20,210.0,230.0,210.0,218.0,8900.0,0,WTK
2011-06-21,218.0,220.0,215.0,219.0,9200.0,0,WTK
2011-06-22,219.0,219.0,215.0,218.0,5200.0,0,WTK
2011-06-23,218.0,220.0,210.0,211.0,20400.0,0,WTK
2011-06-24,211.0,211.0,210.0,210.0,2300.0,0,WTK
2011-06-27,210.0,210.0,210.0,210.0,1500.0,0,WTK
2011-06-28,210.0,210.0,205.0,208.0,16600.0,0,WTK
2011-06-29,208.0,208.0,208.0,208.0,0.0,0,WTK
2011-06-30,208.0,220.0,208.0,213.0,42400.0,0,WTK
2011-07-01,213.0,218.0,211.0,213.0,41500.0,0,WTK
2011-07-04,180.0,203.0,180.0,202.0,2300.0,0,WTK
2011-07-05,180.0,203.0,200.0,202.0,2300.0,1,WTK
2011-07-05,202.0,202.0,202.0,202.0,0.0,0,WTK
2011-07-06,202.0,202.0,186.0,186.0,0.0,0,WTK
2011-07-07,186.0,209.0,186.0,208.0,1900.0,0,WTK
2011-07-08,186.0,209.0,207.0,208.0,1900.0,1,WTK
2011-07-08,208.0,208.0,208.0,208.0,0.0,0,WTK
2011-07-11,186.0,270.0,186.0,270.0,1100.0,0,WTK
2011-07-12,270.0,285.0,270.0,285.0,0.0,0,WTK
2011-07-13,285.0,208.0,208.0,208.0,0.0,1,WTK
2011-07-13,285.0,285.0,285.0,285.0,0.0,0,WTK
2011-07-14,208.0,208.0,208.0,208.0,0.0,1,WTK
2011-07-14,285.0,285.0,285.0,285.0,0.0,0,WTK
2011-07-15,285.0,285.0,285.0,285.0,0.0,0,WTK
2011-07-15,208.0,208.0,208.0,208.0,0.0,1,WTK
2011-07-18,285.0,285.0,285.0,285.0,0.0,0,WTK
2011-07-18,208.0,208.0,208.0,208.0,0.0,1,WTK
2011-07-19,208.0,208.0,208.0,208.0,0.0,1,WTK
2011-07-19,285.0,285.0,285.0,285.0,0.0,0,WTK
2011-07-20,208.0,208.0,208.0,208.0,100.0,1,WTK
2011-07-20,285.0,285.0,285.0,285.0,0.0,0,WTK
2011-07-21,208.0,208.0,208.0,208.0,0.0,1,WTK
2011-07-21,285.0,285.0,285.0,285.0,0.0,0,WTK
2011-07-22,208.0,208.0,207.0,207.0,5600.0,0,WTK
2011-07-25,207.0,207.0,207.0,207.0,0.0,0,WTK
2011-07-26,207.0,207.0,201.0,201.0,300.0,0,WTK
2011-07-27,201.0,205.0,201.0,205.0,1500.0,0,WTK
2011-07-28,205.0,205.0,205.0,205.0,0.0,0,WTK
2011-07-28,205.0,205.0,200.0,200.0,600.0,1,WTK
2011-07-29,200.0,200.0,200.0,200.0,0.0,0,WTK
2011-08-01,200.0,200.0,200.0,200.0,0.0,0,WTK
2011-08-01,200.0,200.0,200.0,200.0,0.0,1,WTK
2011-08-02,200.0,201.0,200.0,201.0,0.0,0,WTK
2011-08-03,201.0,201.0,180.0,180.0,700.0,0,WTK
2011-08-04,180.0,200.0,180.0,200.0,1600.0,0,WTK
2011-08-05,180.0,200.0,200.0,200.0,1600.0,1,WTK
2011-08-05,200.0,200.0,200.0,200.0,0.0,0,WTK
2011-08-08,186.0,195.0,186.0,195.0,4500.0,0,WTK
2011-08-09,195.0,185.0,180.0,184.0,2200.0,1,WTK
2011-08-09,195.0,195.0,195.0,195.0,0.0,0,WTK
2011-08-10,195.0,195.0,195.0,195.0,0.0,0,WTK
2011-08-10,195.0,185.0,180.0,184.0,2200.0,1,WTK
2011-08-11,195.0,195.0,195.0,195.0,0.0,0,WTK
2011-08-11,195.0,185.0,180.0,184.0,2200.0,1,WTK
2011-08-12,184.0,285.0,285.0,285.0,0.0,1,WTK
2011-08-15,285.0,285.0,285.0,285.0,0.0,1,WTK
2011-08-15,285.0,188.0,188.0,188.0,0.0,1,WTK
2011-08-16,285.0,285.0,285.0,285.0,0.0,1,WTK
2011-08-16,188.0,188.0,188.0,188.0,0.0,1,WTK
2011-08-17,188.0,188.0,188.0,188.0,500.0,1,WTK
2011-08-17,285.0,285.0,285.0,285.0,0.0,1,WTK
2011-08-18,285.0,285.0,285.0,285.0,0.0,1,WTK
2011-08-18,188.0,188.0,188.0,188.0,700.0,1,WTK
2011-08-19,188.0,188.0,188.0,188.0,0.0,1,WTK
2011-08-19,285.0,285.0,285.0,285.0,0.0,1,WTK
2011-08-22,188.0,188.0,185.0,185.0,300.0,0,WTK
2011-08-23,185.0,185.0,185.0,185.0,0.0,0,WTK
2011-08-23,185.0,180.0,180.0,180.0,700.0,1,WTK
2011-08-24,180.0,180.0,180.0,180.0,0.0,0,WTK
2011-08-25,180.0,180.0,180.0,180.0,0.0,0,WTK
2011-08-25,180.0,180.0,180.0,180.0,0.0,1,WTK
2011-08-26,180.0,185.0,180.0,183.0,300.0,0,WTK
2011-08-29,183.0,183.0,183.0,183.0,0.0,0,WTK
2011-08-30,183.0,183.0,183.0,183.0,0.0,0,WTK
2011-08-30,183.0,185.0,185.0,185.0,1100.0,1,WTK
2011-08-31,183.0,183.0,183.0,183.0,0.0,0,WTK
2011-08-31,183.0,185.0,185.0,185.0,1100.0,1,WTK
2011-09-01,183.0,183.0,183.0,183.0,0.0,0,WTK
2011-09-01,183.0,185.0,185.0,185.0,1100.0,1,WTK
2011-09-02,185.0,200.0,185.0,200.0,200.0,0,WTK
2011-09-05,180.0,199.0,180.0,199.0,0.0,0,WTK
2011-09-06,199.0,199.0,186.0,186.0,0.0,0,WTK
2011-09-07,199.0,186.0,186.0,186.0,0.0,1,WTK
2011-09-07,186.0,186.0,186.0,186.0,0.0,0,WTK
2011-09-08,186.0,195.0,186.0,195.0,100.0,0,WTK
2011-09-09,195.0,195.0,180.0,180.0,800.0,0,WTK
2011-09-12,287.0,285.0,285.0,285.0,0.0,1,WTK
2011-09-13,285.0,285.0,285.0,285.0,0.0,1,WTK
2011-09-13,285.0,180.0,180.0,180.0,0.0,1,WTK
2011-09-14,285.0,285.0,285.0,285.0,0.0,1,WTK
2011-09-14,180.0,180.0,180.0,180.0,0.0,1,WTK
2011-09-15,180.0,180.0,180.0,180.0,5000.0,1,WTK
2011-09-15,285.0,285.0,285.0,285.0,0.0,1,WTK
2011-09-16,285.0,285.0,285.0,285.0,0.0,1,WTK
2011-09-16,180.0,180.0,180.0,180.0,0.0,1,WTK
2011-09-19,285.0,285.0,285.0,285.0,0.0,1,WTK
2011-09-19,180.0,180.0,180.0,180.0,0.0,1,WTK
2011-09-20,180.0,180.0,180.0,180.0,0.0,1,WTK
2011-09-20,285.0,285.0,285.0,285.0,0.0,1,WTK
2011-09-21,285.0,285.0,285.0,285.0,0.0,1,WTK
2011-09-21,180.0,180.0,180.0,180.0,0.0,1,WTK
2011-09-22,285.0,285.0,285.0,285.0,0.0,1,WTK
2011-09-22,180.0,180.0,180.0,180.0,700.0,1,WTK
2011-09-23,180.0,180.0,180.0,180.0,0.0,1,WTK
2011-09-23,285.0,285.0,285.0,285.0,0.0,1,WTK
2011-09-26,180.0,180.0,180.0,180.0,0.0,1,WTK
2011-09-26,285.0,285.0,285.0,285.0,0.0,1,WTK
2011-09-27,180.0,180.0,180.0,180.0,0.0,1,WTK
2011-09-27,285.0,285.0,285.0,285.0,0.0,1,WTK
2011-09-28,180.0,184.0,180.0,184.0,3100.0,0,WTK
2011-09-29,184.0,200.0,184.0,186.0,1100.0,0,WTK
2011-09-30,186.0,186.0,185.0,185.0,6600.0,0,WTK
2011-10-03,200.0,200.0,180.0,180.0,0.0,0,WTK
2011-10-04,200.0,180.0,180.0,180.0,0.0,1,WTK
2011-10-04,180.0,180.0,180.0,180.0,0.0,0,WTK
2011-10-05,180.0,199.0,180.0,199.0,200.0,0,WTK
2011-10-06,199.0,200.0,199.0,200.0,1900.0,0,WTK
2011-10-07,200.0,200.0,200.0,200.0,0.0,0,WTK
2011-10-07,199.0,200.0,200.0,200.0,1900.0,1,WTK
2011-10-10,192.0,192.0,186.0,186.0,1500.0,0,WTK
2011-10-11,186.0,287.0,287.0,287.0,0.0,1,WTK
2011-10-12,186.0,287.0,287.0,287.0,0.0,1,WTK
2011-10-12,287.0,287.0,287.0,287.0,0.0,1,WTK
2011-10-13,287.0,203.0,189.0,202.0,15200.0,0,WTK
2011-10-14,202.0,203.0,202.0,203.0,100.0,0,WTK
2011-10-17,203.0,203.0,192.0,192.0,1600.0,0,WTK
2011-10-18,192.0,211.0,192.0,210.0,3600.0,0,WTK
2011-10-19,210.0,231.0,210.0,227.0,6500.0,0,WTK
2011-10-20,227.0,227.0,227.0,227.0,0.0,0,WTK
2011-10-20,210.0,231.0,220.0,227.0,6500.0,1,WTK
2011-10-21,227.0,247.0,227.0,245.0,43800.0,0,WTK
2011-10-24,245.0,269.0,245.0,259.0,2900.0,0,WTK
2011-10-25,259.0,284.0,259.0,279.0,18100.0,0,WTK
2011-10-26,279.0,300.0,275.0,297.0,4400.0,0,WTK
2011-10-27,297.0,310.0,280.0,298.0,1600.0,0,WTK
2011-10-28,298.0,300.0,298.0,299.0,3900.0,0,WTK
2011-10-31,299.0,306.0,298.0,300.0,8700.0,0,WTK
2011-11-01,300.0,300.0,214.0,218.0,500.0,0,WTK
2011-11-02,218.0,218.0,200.0,200.0,0.0,0,WTK
2011-11-03,200.0,200.0,180.0,180.0,0.0,0,WTK
2011-11-04,180.0,200.0,180.0,200.0,500.0,0,WTK
2011-11-07,199.0,208.0,199.0,208.0,0.0,0,WTK
2011-11-08,208.0,208.0,192.0,192.0,0.0,0,WTK
2011-11-09,192.0,192.0,192.0,192.0,0.0,0,WTK
2011-11-09,208.0,192.0,192.0,192.0,0.0,1,WTK
2011-11-10,192.0,192.0,188.0,188.0,6000.0,0,WTK
2011-11-11,188.0,310.0,188.0,310.0,500.0,0,WTK
2011-11-14,310.0,310.0,310.0,310.0,0.0,0,WTK
2011-11-14,310.0,285.0,285.0,285.0,800.0,1,WTK
2011-11-15,310.0,310.0,310.0,310.0,0.0,0,WTK
2011-11-15,285.0,285.0,285.0,285.0,500.0,1,WTK
2011-11-16,285.0,285.0,285.0,285.0,0.0,1,WTK
2011-11-16,310.0,310.0,310.0,310.0,0.0,0,WTK
2011-11-17,310.0,310.0,310.0,310.0,0.0,0,WTK
2011-11-17,285.0,285.0,285.0,285.0,0.0,1,WTK
2011-11-18,285.0,285.0,285.0,285.0,0.0,1,WTK
2011-11-18,310.0,310.0,310.0,310.0,0.0,0,WTK
2011-11-21,285.0,285.0,285.0,285.0,0.0,1,WTK
2011-11-21,310.0,310.0,310.0,310.0,0.0,0,WTK
2011-11-22,310.0,310.0,310.0,310.0,0.0,0,WTK
2011-11-22,285.0,285.0,285.0,285.0,0.0,1,WTK
2011-11-23,285.0,285.0,285.0,285.0,0.0,1,WTK
2011-11-23,310.0,310.0,310.0,310.0,0.0,0,WTK
2011-11-24,285.0,285.0,270.0,270.0,1700.0,0,WTK
2011-11-25,270.0,270.0,270.0,270.0,0.0,0,WTK
2011-11-28,270.0,285.0,285.0,285.0,3700.0,1,WTK
2011-11-28,270.0,270.0,270.0,270.0,0.0,0,WTK
2011-11-29,285.0,285.0,285.0,285.0,0.0,0,WTK
2011-11-30,285.0,285.0,285.0,285.0,0.0,1,WTK
2011-11-30,285.0,285.0,285.0,285.0,0.0,0,WTK
2011-12-01,285.0,285.0,213.0,213.0,200.0,0,WTK
2011-12-02,285.0,213.0,213.0,213.0,200.0,1,WTK
2011-12-02,213.0,213.0,213.0,213.0,0.0,0,WTK
2011-12-05,200.0,200.0,199.0,199.0,0.0,0,WTK
2011-12-06,200.0,199.0,199.0,199.0,0.0,1,WTK
2011-12-06,199.0,199.0,199.0,199.0,0.0,0,WTK
2011-12-07,199.0,208.0,199.0,208.0,0.0,0,WTK
2011-12-08,208.0,208.0,188.0,188.0,100.0,0,WTK
2011-12-09,188.0,188.0,180.0,180.0,600.0,0,WTK
2011-12-12,188.0,185.0,180.0,180.0,600.0,1,WTK
2011-12-12,180.0,180.0,180.0,180.0,0.0,0,WTK
2011-12-13,180.0,180.0,180.0,180.0,0.0,0,WTK
2011-12-13,188.0,285.0,285.0,285.0,0.0,1,WTK
2011-12-14,285.0,285.0,285.0,285.0,0.0,1,WTK
2011-12-14,180.0,180.0,180.0,180.0,0.0,0,WTK
2011-12-15,285.0,285.0,285.0,285.0,0.0,1,WTK
2011-12-15,180.0,180.0,180.0,180.0,0.0,0,WTK
2011-12-16,180.0,180.0,180.0,180.0,0.0,0,WTK
2011-12-16,285.0,285.0,285.0,285.0,0.0,1,WTK
2011-12-19,285.0,285.0,285.0,285.0,0.0,1,WTK
2011-12-19,180.0,180.0,180.0,180.0,0.0,0,WTK
2011-12-20,180.0,180.0,180.0,180.0,0.0,0,WTK
2011-12-20,285.0,285.0,285.0,285.0,0.0,1,WTK
2011-12-21,180.0,180.0,180.0,180.0,0.0,0,WTK
2011-12-21,285.0,285.0,284.0,284.0,2400.0,1,WTK
2011-12-22,180.0,180.0,180.0,180.0,0.0,0,WTK
2011-12-22,284.0,284.0,284.0,284.0,0.0,1,WTK
2011-12-23,284.0,284.0,284.0,284.0,0.0,1,WTK
2011-12-23,180.0,180.0,180.0,180.0,0.0,0,WTK
2011-12-26,180.0,180.0,180.0,180.0,0.0,0,WTK
2011-12-26,284.0,284.0,284.0,284.0,0.0,1,WTK
2011-12-27,284.0,284.0,284.0,284.0,0.0,1,WTK
2011-12-27,180.0,180.0,180.0,180.0,0.0,0,WTK
2011-12-28,180.0,180.0,180.0,180.0,0.0,0,WTK
2011-12-28,284.0,284.0,284.0,284.0,0.0,1,WTK
2011-12-29,180.0,180.0,180.0,180.0,0.0,0,WTK
2011-12-29,284.0,284.0,284.0,284.0,0.0,1,WTK
2011-12-30,284.0,284.0,280.0,282.0,26000.0,0,WTK
2012-01-02,282.0,282.0,255.0,255.0,0.0,0,WTK
2012-01-03,255.0,290.0,290.0,290.0,8700.0,1,WTK
2012-01-03,255.0,255.0,255.0,255.0,0.0,0,WTK
2012-01-04,255.0,290.0,290.0,290.0,8700.0,1,WTK
2012-01-04,255.0,255.0,255.0,255.0,0.0,0,WTK
2012-01-05,255.0,290.0,290.0,290.0,8700.0,1,WTK
2012-01-05,255.0,255.0,255.0,255.0,0.0,0,WTK
2012-01-06,255.0,290.0,290.0,290.0,8700.0,1,WTK
2012-01-06,255.0,255.0,255.0,255.0,0.0,0,WTK
2012-01-09,255.0,255.0,255.0,255.0,0.0,0,WTK
2012-01-09,255.0,290.0,290.0,290.0,8700.0,1,WTK
2012-01-10,248.0,248.0,220.0,220.0,0.0,0,WTK
2012-01-11,220.0,220.0,200.0,200.0,30500.0,0,WTK
2012-01-12,220.0,200.0,200.0,200.0,30500.0,1,WTK
2012-01-12,200.0,200.0,200.0,200.0,0.0,0,WTK
2012-01-13,200.0,200.0,200.0,200.0,0.0,0,WTK
2012-01-13,200.0,272.0,272.0,272.0,0.0,1,WTK
2012-01-16,200.0,200.0,200.0,200.0,0.0,0,WTK
2012-01-16,272.0,272.0,272.0,272.0,0.0,1,WTK
2012-01-17,200.0,200.0,200.0,200.0,0.0,0,WTK
2012-01-17,272.0,272.0,272.0,272.0,0.0,1,WTK
2012-01-18,200.0,200.0,200.0,200.0,0.0,0,WTK
2012-01-18,272.0,272.0,272.0,272.0,0.0,1,WTK
2012-01-19,272.0,272.0,272.0,272.0,0.0,1,WTK
2012-01-19,200.0,200.0,200.0,200.0,0.0,0,WTK
2012-01-20,200.0,200.0,200.0,200.0,0.0,0,WTK
2012-01-20,272.0,270.0,260.0,264.0,21900.0,1,WTK
2012-01-23,264.0,264.0,264.0,264.0,600.0,0,WTK
2012-01-24,264.0,264.0,264.0,264.0,0.0,0,WTK
2012-01-24,264.0,264.0,264.0,264.0,0.0,1,WTK
2012-01-25,264.0,264.0,255.0,255.0,109300.0,0,WTK
2012-01-26,255.0,255.0,254.0,254.0,700.0,0,WTK
2012-01-27,254.0,254.0,250.0,252.0,800.0,0,WTK
2012-01-30,252.0,252.0,252.0,252.0,0.0,0,WTK
2012-01-31,252.0,252.0,252.0,252.0,0.0,0,WTK
2012-01-31,252.0,255.0,255.0,255.0,10000.0,1,WTK
2012-02-01,252.0,255.0,255.0,255.0,10000.0,1,WTK
2012-02-01,252.0,252.0,252.0,252.0,0.0,0,WTK
2012-02-02,252.0,252.0,252.0,252.0,0.0,0,WTK
2012-02-02,255.0,255.0,255.0,255.0,0.0,1,WTK
2012-02-03,255.0,300.0,255.0,298.0,15300.0,0,WTK
2012-02-06,298.0,298.0,298.0,298.0,0.0,0,WTK
2012-02-06,255.0,300.0,290.0,298.0,15300.0,1,WTK
2012-02-07,240.0,280.0,240.0,280.0,0.0,0,WTK
2012-02-08,280.0,280.0,248.0,248.0,0.0,0,WTK
2012-02-09,248.0,248.0,248.0,248.0,0.0,0,WTK
2012-02-09,280.0,248.0,248.0,248.0,0.0,1,WTK
2012-02-10,248.0,248.0,200.0,200.0,34400.0,0,WTK
2012-02-13,200.0,300.0,200.0,290.0,37400.0,0,WTK
2012-02-14,290.0,300.0,290.0,291.0,4700.0,0,WTK
2012-02-15,291.0,291.0,290.0,290.0,2700.0,0,WTK
2012-02-16,290.0,292.0,290.0,290.0,300.0,0,WTK
2012-02-17,290.0,291.0,290.0,291.0,300.0,0,WTK
2012-02-20,291.0,295.0,290.0,290.0,1600.0,0,WTK
2012-02-21,290.0,290.0,284.0,285.0,3200.0,0,WTK
2012-02-22,285.0,289.0,289.0,289.0,1000.0,1,WTK
2012-02-22,285.0,285.0,285.0,285.0,0.0,0,WTK
2012-02-23,285.0,285.0,285.0,285.0,0.0,0,WTK
2012-02-23,289.0,290.0,289.0,289.0,500.0,1,WTK
2012-02-24,289.0,289.0,289.0,289.0,0.0,1,WTK
2012-02-24,285.0,285.0,285.0,285.0,0.0,0,WTK
2012-02-27,289.0,290.0,289.0,289.0,1500.0,1,WTK
2012-02-27,285.0,285.0,285.0,285.0,0.0,0,WTK
2012-02-28,289.0,290.0,289.0,289.0,2000.0,1,WTK
2012-02-28,285.0,285.0,285.0,285.0,0.0,0,WTK
2012-02-29,285.0,285.0,285.0,285.0,0.0,0,WTK
2012-02-29,289.0,291.0,289.0,289.0,6500.0,1,WTK
2012-03-01,289.0,289.0,282.0,282.0,0.0,0,WTK
2012-03-02,282.0,282.0,255.0,255.0,2000.0,0,WTK
2012-03-05,230.0,240.0,230.0,240.0,0.0,0,WTK
2012-03-06,240.0,240.0,240.0,240.0,0.0,0,WTK
2012-03-06,230.0,240.0,240.0,240.0,0.0,1,WTK
2012-03-07,240.0,280.0,240.0,280.0,0.0,0,WTK
2012-03-08,280.0,280.0,248.0,248.0,0.0,0,WTK
2012-03-09,248.0,248.0,225.0,225.0,0.0,0,WTK
2012-03-12,200.0,200.0,199.0,199.0,0.0,0,WTK
2012-03-13,199.0,311.0,199.0,311.0,0.0,0,WTK
2012-03-14,311.0,280.0,280.0,280.0,300.0,1,WTK
2012-03-14,311.0,311.0,311.0,311.0,0.0,0,WTK
2012-03-15,311.0,311.0,311.0,311.0,0.0,0,WTK
2012-03-15,280.0,280.0,280.0,280.0,0.0,1,WTK
2012-03-16,311.0,311.0,311.0,311.0,0.0,0,WTK
2012-03-16,280.0,280.0,280.0,280.0,0.0,1,WTK
2012-03-19,280.0,280.0,280.0,280.0,0.0,1,WTK
2012-03-19,311.0,311.0,311.0,311.0,0.0,0,WTK
2012-03-20,311.0,311.0,311.0,311.0,0.0,0,WTK
2012-03-20,280.0,280.0,280.0,280.0,0.0,1,WTK
2012-03-21,280.0,255.0,255.0,255.0,100.0,1,WTK
2012-03-21,311.0,311.0,311.0,311.0,0.0,0,WTK
2012-03-22,255.0,255.0,255.0,255.0,0.0,1,WTK
2012-03-22,311.0,311.0,311.0,311.0,0.0,0,WTK
2012-03-23,311.0,311.0,311.0,311.0,0.0,0,WTK
2012-03-23,255.0,255.0,255.0,255.0,0.0,1,WTK
2012-03-26,255.0,255.0,255.0,255.0,0.0,1,WTK
2012-03-26,311.0,311.0,311.0,311.0,0.0,0,WTK
2012-03-27,255.0,240.0,230.0,230.0,8100.0,1,WTK
2012-03-27,311.0,311.0,311.0,311.0,0.0,0,WTK
2012-03-28,311.0,311.0,311.0,311.0,0.0,0,WTK
2012-03-28,230.0,230.0,230.0,230.0,0.0,1,WTK
2012-03-29,230.0,230.0,230.0,230.0,0.0,1,WTK
2012-03-29,311.0,311.0,311.0,311.0,0.0,0,WTK
2012-03-30,311.0,311.0,311.0,311.0,0.0,0,WTK
2012-03-30,230.0,230.0,230.0,230.0,2500.0,1,WTK
2012-04-02,230.0,230.0,230.0,230.0,2500.0,1,WTK
2012-04-02,311.0,311.0,311.0,311.0,0.0,0,WTK
2012-04-03,311.0,311.0,311.0,311.0,0.0,0,WTK
2012-04-03,230.0,230.0,230.0,230.0,2500.0,1,WTK
2012-04-04,311.0,311.0,311.0,311.0,0.0,0,WTK
2012-04-04,282.0,230.0,230.0,230.0,100.0,1,WTK
2012-04-05,230.0,260.0,230.0,255.0,11100.0,0,WTK
2012-04-06,255.0,273.0,255.0,273.0,0.0,0,WTK
2012-04-09,280.0,280.0,225.0,225.0,0.0,0,WTK
2012-04-10,225.0,225.0,200.0,200.0,3900.0,0,WTK
2012-04-11,200.0,200.0,200.0,200.0,0.0,0,WTK
2012-04-11,225.0,205.0,200.0,200.0,3900.0,1,WTK
2012-04-12,200.0,200.0,195.0,195.0,100.0,0,WTK
2012-04-13,195.0,232.0,195.0,232.0,0.0,0,WTK
2012-04-16,232.0,230.0,230.0,230.0,500.0,1,WTK
2012-04-16,232.0,232.0,232.0,232.0,0.0,0,WTK
2012-04-17,230.0,230.0,230.0,230.0,1100.0,0,WTK
2012-04-18,230.0,230.0,230.0,230.0,3000.0,1,WTK
2012-04-18,230.0,230.0,230.0,230.0,0.0,0,WTK
2012-04-19,230.0,232.0,230.0,232.0,100.0,0,WTK
2012-04-20,232.0,232.0,232.0,232.0,0.0,0,WTK
2012-04-23,232.0,232.0,230.0,230.0,300.0,0,WTK
2012-04-24,230.0,230.0,230.0,230.0,0.0,0,WTK
2012-04-24,232.0,231.0,230.0,230.0,300.0,1,WTK
2012-04-25,230.0,230.0,230.0,230.0,0.0,0,WTK
2012-04-25,230.0,240.0,240.0,240.0,2000.0,1,WTK
2012-04-26,240.0,240.0,240.0,240.0,700.0,0,WTK
2012-04-27,240.0,240.0,240.0,240.0,0.0,1,WTK
2012-04-27,240.0,240.0,240.0,240.0,0.0,0,WTK
2012-04-30,240.0,241.0,240.0,241.0,400.0,0,WTK
2012-05-01,241.0,282.0,241.0,282.0,0.0,0,WTK
2012-05-02,241.0,282.0,282.0,282.0,0.0,1,WTK
2012-05-02,282.0,282.0,282.0,282.0,0.0,0,WTK
2012-05-03,282.0,300.0,282.0,300.0,600.0,0,WTK
2012-05-04,300.0,230.0,230.0,230.0,1400.0,1,WTK
2012-05-07,273.0,278.0,278.0,278.0,300.0,1,WTK
2012-05-08,273.0,278.0,278.0,278.0,300.0,1,WTK
2012-05-08,278.0,278.0,278.0,278.0,0.0,1,WTK
2012-05-09,278.0,278.0,205.0,212.0,200.0,0,WTK
2012-05-10,212.0,212.0,200.0,200.0,2200.0,0,WTK
2012-05-11,200.0,201.0,200.0,200.0,2200.0,0,WTK
2012-05-14,200.0,200.0,200.0,200.0,0.0,0,WTK
2012-05-14,180.0,265.0,265.0,265.0,300.0,1,WTK
2012-05-15,265.0,265.0,265.0,265.0,100.0,0,WTK
2012-05-16,265.0,265.0,265.0,265.0,0.0,0,WTK
2012-05-16,265.0,270.0,265.0,265.0,600.0,1,WTK
2012-05-17,265.0,270.0,270.0,270.0,300.0,1,WTK
2012-05-17,265.0,265.0,265.0,265.0,0.0,0,WTK
2012-05-18,265.0,265.0,265.0,265.0,0.0,0,WTK
2012-05-18,270.0,270.0,270.0,270.0,0.0,1,WTK
2012-05-21,265.0,265.0,265.0,265.0,0.0,0,WTK
2012-05-21,270.0,270.0,270.0,270.0,0.0,1,WTK
2012-05-22,270.0,270.0,270.0,270.0,400.0,1,WTK
2012-05-22,265.0,265.0,265.0,265.0,0.0,0,WTK
2012-05-23,270.0,270.0,270.0,270.0,400.0,1,WTK
2012-05-23,265.0,265.0,265.0,265.0,0.0,0,WTK
2012-05-24,270.0,275.0,270.0,271.0,1600.0,1,WTK
2012-05-24,265.0,265.0,265.0,265.0,0.0,0,WTK
2012-05-25,271.0,271.0,271.0,271.0,0.0,1,WTK
2012-05-25,265.0,265.0,265.0,265.0,0.0,0,WTK
2012-05-28,265.0,265.0,265.0,265.0,0.0,0,WTK
2012-05-28,271.0,272.0,270.0,271.0,700.0,1,WTK
2012-05-29,265.0,265.0,265.0,265.0,0.0,0,WTK
2012-05-29,271.0,271.0,271.0,271.0,0.0,1,WTK
2012-05-30,271.0,273.0,271.0,273.0,200.0,0,WTK
2012-05-31,273.0,273.0,273.0,273.0,0.0,0,WTK
2012-06-01,273.0,282.0,282.0,282.0,0.0,1,WTK
2012-06-01,273.0,273.0,273.0,273.0,0.0,0,WTK
2012-06-04,273.0,282.0,282.0,282.0,0.0,1,WTK
2012-06-04,273.0,273.0,273.0,273.0,0.0,0,WTK
2012-06-05,273.0,273.0,273.0,273.0,0.0,0,WTK
2012-06-05,273.0,282.0,282.0,282.0,0.0,1,WTK
2012-06-06,300.0,300.0,275.0,280.0,900.0,0,WTK
2012-06-07,280.0,280.0,270.0,270.0,2000.0,0,WTK
2012-06-08,270.0,270.0,248.0,248.0,0.0,0,WTK
2012-06-11,212.0,212.0,200.0,200.0,0.0,0,WTK
2012-06-12,200.0,200.0,180.0,180.0,0.0,0,WTK
2012-06-13,180.0,276.0,180.0,276.0,14000.0,0,WTK
2012-06-14,276.0,277.0,277.0,277.0,500.0,1,WTK
2012-06-14,276.0,276.0,276.0,276.0,0.0,0,WTK
2012-06-15,277.0,277.0,277.0,277.0,100.0,0,WTK
2012-06-18,277.0,277.0,277.0,277.0,0.0,1,WTK
2012-06-18,277.0,277.0,277.0,277.0,0.0,0,WTK
2012-06-19,277.0,278.0,277.0,278.0,2000.0,0,WTK
2012-06-20,278.0,278.0,278.0,278.0,0.0,0,WTK
2012-06-21,278.0,278.0,278.0,278.0,0.0,0,WTK
2012-06-21,278.0,280.0,280.0,280.0,700.0,1,WTK
2012-06-22,280.0,280.0,280.0,280.0,0.0,1,WTK
2012-06-22,278.0,278.0,278.0,278.0,0.0,0,WTK
2012-06-25,278.0,278.0,278.0,278.0,0.0,0,WTK
2012-06-25,280.0,280.0,280.0,280.0,0.0,1,WTK
2012-06-26,278.0,278.0,278.0,278.0,0.0,0,WTK
2012-06-26,280.0,280.0,280.0,280.0,0.0,1,WTK
2012-06-27,278.0,278.0,278.0,278.0,0.0,0,WTK
2012-06-27,280.0,280.0,280.0,280.0,0.0,1,WTK
2012-06-28,280.0,280.0,280.0,280.0,1400.0,1,WTK
2012-06-28,278.0,278.0,278.0,278.0,0.0,0,WTK
2012-06-29,280.0,280.0,280.0,280.0,200.0,1,WTK
2012-06-29,278.0,278.0,278.0,278.0,0.0,0,WTK
2012-07-02,280.0,280.0,255.0,255.0,0.0,0,WTK
2012-07-03,255.0,305.0,255.0,305.0,300.0,0,WTK
2012-07-04,305.0,305.0,305.0,305.0,0.0,0,WTK
2012-07-04,255.0,305.0,305.0,305.0,300.0,1,WTK
2012-07-05,305.0,305.0,260.0,260.0,900.0,0,WTK
2012-07-06,260.0,290.0,260.0,290.0,800.0,0,WTK
2012-07-09,248.0,248.0,212.0,212.0,0.0,0,WTK
2012-07-10,248.0,212.0,212.0,212.0,0.0,1,WTK
2012-07-10,212.0,212.0,212.0,212.0,0.0,0,WTK
2012-07-11,212.0,212.0,200.0,200.0,4400.0,0,WTK
2012-07-12,200.0,200.0,197.0,197.0,500.0,0,WTK
2012-07-13,197.0,264.0,197.0,264.0,0.0,0,WTK
2012-07-16,264.0,264.0,260.0,260.0,600.0,0,WTK
2012-07-17,260.0,260.0,250.0,253.0,900.0,0,WTK
2012-07-18,253.0,255.0,253.0,254.0,1200.0,0,WTK
2012-07-19,254.0,254.0,247.0,247.0,500.0,0,WTK
2012-07-20,247.0,247.0,247.0,247.0,400.0,0,WTK
2012-07-23,247.0,248.0,248.0,248.0,100.0,1,WTK
2012-07-23,247.0,247.0,247.0,247.0,0.0,0,WTK
2012-07-24,248.0,248.0,248.0,248.0,1000.0,1,WTK
2012-07-24,247.0,247.0,247.0,247.0,0.0,0,WTK
2012-07-25,247.0,247.0,247.0,247.0,0.0,0,WTK
2012-07-25,248.0,248.0,248.0,248.0,0.0,1,WTK
2012-07-26,248.0,248.0,248.0,248.0,0.0,1,WTK
2012-07-26,247.0,247.0,247.0,247.0,0.0,0,WTK
2012-07-27,247.0,247.0,247.0,247.0,0.0,0,WTK
2012-07-27,248.0,248.0,248.0,248.0,700.0,1,WTK
2012-07-30,248.0,248.0,248.0,248.0,0.0,1,WTK
2012-07-30,247.0,247.0,247.0,247.0,0.0,0,WTK
2012-07-31,247.0,247.0,247.0,247.0,0.0,0,WTK
2012-07-31,248.0,248.0,248.0,248.0,0.0,1,WTK
2012-08-01,248.0,248.0,248.0,248.0,0.0,1,WTK
2012-08-01,247.0,247.0,247.0,247.0,0.0,0,WTK
2012-08-02,248.0,255.0,248.0,255.0,0.0,0,WTK
2012-08-03,255.0,310.0,255.0,309.0,2500.0,0,WTK
2012-08-06,260.0,290.0,260.0,290.0,100.0,0,WTK
2012-08-07,260.0,290.0,290.0,290.0,100.0,1,WTK
2012-08-07,290.0,290.0,290.0,290.0,0.0,0,WTK
2012-08-08,290.0,290.0,248.0,248.0,0.0,0,WTK
2012-08-09,248.0,248.0,248.0,248.0,0.0,0,WTK
2012-08-09,290.0,248.0,248.0,248.0,0.0,1,WTK
2012-08-10,248.0,200.0,200.0,200.0,100.0,1,WTK
2012-08-13,200.0,247.0,247.0,247.0,300.0,1,WTK
2012-08-13,200.0,200.0,200.0,200.0,0.0,1,WTK
2012-08-14,247.0,247.0,247.0,247.0,0.0,1,WTK
2012-08-15,247.0,247.0,247.0,247.0,0.0,1,WTK
2012-08-15,247.0,247.0,247.0,247.0,0.0,1,WTK
2012-08-16,247.0,245.0,245.0,245.0,200.0,1,WTK
2012-08-16,247.0,247.0,247.0,247.0,0.0,1,WTK
2012-08-17,245.0,245.0,245.0,245.0,0.0,1,WTK
2012-08-20,245.0,245.0,245.0,245.0,0.0,1,WTK
2012-08-20,245.0,245.0,245.0,245.0,0.0,1,WTK
2012-08-21,245.0,245.0,240.0,241.0,300.0,0,WTK
2012-08-22,241.0,241.0,241.0,241.0,0.0,0,WTK
2012-08-23,241.0,241.0,235.0,235.0,100.0,0,WTK
2012-08-24,235.0,235.0,220.0,227.0,200.0,0,WTK
2012-08-27,227.0,227.0,227.0,227.0,0.0,0,WTK
2012-08-28,227.0,225.0,225.0,225.0,100.0,1,WTK
2012-08-28,227.0,227.0,227.0,227.0,0.0,0,WTK
2012-08-29,225.0,225.0,225.0,225.0,100.0,1,WTK
2012-08-29,227.0,227.0,227.0,227.0,0.0,0,WTK
2012-08-30,225.0,225.0,225.0,225.0,0.0,1,WTK
2012-08-30,227.0,227.0,227.0,227.0,0.0,0,WTK
2012-08-31,225.0,225.0,225.0,225.0,0.0,1,WTK
2012-08-31,227.0,227.0,227.0,227.0,0.0,0,WTK
2012-09-03,255.0,315.0,255.0,312.0,1100.0,0,WTK
2012-09-04,255.0,315.0,310.0,312.0,1100.0,1,WTK
2012-09-04,312.0,312.0,312.0,312.0,0.0,0,WTK
2012-09-05,312.0,312.0,260.0,260.0,0.0,0,WTK
2012-09-06,312.0,260.0,260.0,260.0,0.0,1,WTK
2012-09-06,260.0,260.0,260.0,260.0,0.0,0,WTK
2012-09-07,260.0,260.0,245.0,245.0,100.0,0,WTK
2012-09-10,248.0,248.0,215.0,219.0,166800.0,0,WTK
2012-09-11,219.0,219.0,200.0,200.0,100.0,0,WTK
2012-09-12,219.0,200.0,200.0,200.0,100.0,1,WTK
2012-09-12,200.0,200.0,200.0,200.0,0.0,0,WTK
2012-09-13,200.0,208.0,200.0,203.0,500.0,0,WTK
2012-09-14,203.0,203.0,200.0,200.0,800.0,0,WTK
2012-09-17,200.0,205.0,200.0,204.0,600.0,0,WTK
2012-09-18,204.0,204.0,203.0,203.0,700.0,0,WTK
2012-09-19,203.0,205.0,205.0,205.0,14300.0,1,WTK
2012-09-19,203.0,203.0,203.0,203.0,0.0,0,WTK
2012-09-20,205.0,205.0,205.0,205.0,0.0,0,WTK
2012-09-21,205.0,205.0,205.0,205.0,0.0,0,WTK
2012-09-21,205.0,215.0,205.0,205.0,5100.0,1,WTK
2012-09-24,205.0,205.0,200.0,204.0,7000.0,0,WTK
2012-09-25,204.0,204.0,204.0,204.0,0.0,0,WTK
2012-09-26,204.0,204.0,200.0,200.0,1900.0,0,WTK
2012-09-27,200.0,205.0,200.0,202.0,2100.0,0,WTK
2012-09-28,202.0,220.0,202.0,220.0,1400.0,0,WTK
2012-10-01,220.0,280.0,220.0,272.0,1400.0,0,WTK
2012-10-02,272.0,305.0,272.0,301.0,33300.0,0,WTK
2012-10-03,272.0,305.0,299.0,301.0,33300.0,1,WTK
2012-10-03,301.0,301.0,301.0,301.0,0.0,0,WTK
2012-10-04,301.0,301.0,230.0,235.0,2400.0,0,WTK
2012-10-05,235.0,260.0,235.0,260.0,0.0,0,WTK
2012-10-08,250.0,250.0,248.0,248.0,0.0,0,WTK
2012-10-09,248.0,248.0,200.0,208.0,700.0,0,WTK
2012-10-10,208.0,219.0,208.0,219.0,200.0,0,WTK
2012-10-11,208.0,219.0,219.0,219.0,200.0,1,WTK
2012-10-11,219.0,219.0,219.0,219.0,0.0,0,WTK
2012-10-12,219.0,219.0,197.0,197.0,0.0,0,WTK
2012-10-15,197.0,218.0,197.0,215.0,11800.0,0,WTK
2012-10-16,215.0,215.0,215.0,215.0,0.0,0,WTK
2012-10-17,215.0,215.0,210.0,210.0,100.0,0,WTK
2012-10-18,210.0,215.0,210.0,215.0,100.0,0,WTK
2012-10-19,215.0,215.0,210.0,210.0,100.0,0,WTK
2012-10-22,210.0,210.0,210.0,210.0,200.0,0,WTK
2012-10-23,210.0,215.0,210.0,214.0,2600.0,0,WTK
2012-10-24,214.0,215.0,214.0,215.0,200.0,0,WTK
2012-10-25,215.0,215.0,215.0,215.0,200.0,0,WTK
2012-10-26,215.0,215.0,215.0,215.0,0.0,0,WTK
2012-10-26,215.0,200.0,200.0,200.0,100.0,1,WTK
2012-10-29,215.0,215.0,215.0,215.0,0.0,0,WTK
2012-10-29,200.0,200.0,200.0,200.0,0.0,1,WTK
2012-10-30,200.0,200.0,200.0,200.0,0.0,1,WTK
2012-10-30,215.0,215.0,215.0,215.0,0.0,0,WTK
2012-10-31,200.0,200.0,200.0,200.0,0.0,1,WTK
2012-10-31,215.0,215.0,215.0,215.0,0.0,0,WTK
2012-11-01,200.0,272.0,200.0,272.0,0.0,0,WTK
2012-11-02,200.0,272.0,272.0,272.0,0.0,1,WTK
2012-11-02,272.0,272.0,272.0,272.0,0.0,0,WTK
2012-11-05,235.0,260.0,235.0,260.0,0.0,0,WTK
2012-11-06,260.0,290.0,260.0,275.0,3200.0,0,WTK
2012-11-07,275.0,275.0,265.0,265.0,100.0,0,WTK
2012-11-08,275.0,265.0,265.0,265.0,100.0,1,WTK
2012-11-08,265.0,265.0,265.0,265.0,0.0,0,WTK
2012-11-09,265.0,265.0,200.0,202.0,300.0,0,WTK
2012-11-12,219.0,219.0,197.0,197.0,100.0,0,WTK
2012-11-13,197.0,200.0,190.0,199.0,1300.0,0,WTK
2012-11-14,199.0,200.0,199.0,200.0,700.0,0,WTK
2012-11-15,200.0,210.0,200.0,210.0,600.0,0,WTK
2012-11-16,210.0,200.0,200.0,200.0,6200.0,1,WTK
2012-11-16,210.0,210.0,210.0,210.0,0.0,0,WTK
2012-11-19,200.0,200.0,200.0,200.0,0.0,0,WTK
2012-11-20,200.0,200.0,200.0,200.0,0.0,1,WTK
2012-11-20,200.0,200.0,200.0,200.0,0.0,0,WTK
2012-11-21,200.0,220.0,200.0,220.0,700.0,0,WTK
2012-11-22,220.0,220.0,220.0,220.0,0.0,0,WTK
2012-11-22,220.0,200.0,200.0,200.0,19300.0,1,WTK
2012-11-23,200.0,200.0,200.0,200.0,1500.0,0,WTK
2012-11-26,200.0,200.0,200.0,200.0,0.0,1,WTK
2012-11-26,200.0,200.0,200.0,200.0,0.0,0,WTK
2012-11-27,200.0,200.0,199.0,199.0,1100.0,1,WTK
2012-11-27,200.0,200.0,200.0,200.0,0.0,0,WTK
2012-11-28,200.0,200.0,200.0,200.0,0.0,0,WTK
2012-11-28,199.0,199.0,199.0,199.0,0.0,1,WTK
2012-11-29,200.0,200.0,200.0,200.0,0.0,0,WTK
2012-11-29,199.0,199.0,199.0,199.0,0.0,1,WTK
2012-11-30,199.0,200.0,199.0,199.0,700.0,1,WTK
2012-11-30,200.0,200.0,200.0,200.0,0.0,0,WTK
2012-12-03,272.0,315.0,272.0,311.0,900.0,0,WTK
2012-12-04,311.0,311.0,232.0,232.0,1200.0,0,WTK
2012-12-05,232.0,232.0,232.0,232.0,0.0,0,WTK
2012-12-05,311.0,232.0,232.0,232.0,1200.0,1,WTK
2012-12-06,232.0,276.0,232.0,276.0,1000.0,0,WTK
2012-12-07,276.0,276.0,262.0,264.0,1400.0,0,WTK
2012-12-10,211.0,215.0,211.0,215.0,200.0,0,WTK
2012-12-11,215.0,215.0,200.0,200.0,400.0,0,WTK
2012-12-12,200.0,200.0,200.0,200.0,0.0,0,WTK
2012-12-12,215.0,200.0,200.0,200.0,400.0,1,WTK
2012-12-13,200.0,200.0,197.0,197.0,0.0,0,WTK
2012-12-14,197.0,197.0,197.0,197.0,0.0,0,WTK
2012-12-17,197.0,195.0,195.0,195.0,300.0,1,WTK
2012-12-17,197.0,197.0,197.0,197.0,0.0,0,WTK
2012-12-18,195.0,195.0,195.0,195.0,700.0,0,WTK
2012-12-19,195.0,195.0,195.0,195.0,0.0,0,WTK
2012-12-19,195.0,195.0,195.0,195.0,0.0,1,WTK
2012-12-20,195.0,196.0,195.0,196.0,200.0,0,WTK
2012-12-21,196.0,196.0,196.0,196.0,0.0,0,WTK
2012-12-24,196.0,196.0,196.0,196.0,0.0,0,WTK
2012-12-24,196.0,191.0,191.0,191.0,200.0,1,WTK
2012-12-25,196.0,191.0,191.0,191.0,200.0,1,WTK
2012-12-25,196.0,196.0,196.0,196.0,0.0,0,WTK
2012-12-26,196.0,196.0,196.0,196.0,0.0,0,WTK
2012-12-26,196.0,191.0,191.0,191.0,200.0,1,WTK
2012-12-27,196.0,196.0,196.0,196.0,0.0,0,WTK
2012-12-27,191.0,191.0,191.0,191.0,0.0,1,WTK
2012-12-28,196.0,196.0,196.0,196.0,0.0,0,WTK
2012-12-28,191.0,191.0,191.0,191.0,0.0,1,WTK
2012-12-31,191.0,200.0,200.0,200.0,1500.0,1,WTK
2012-12-31,196.0,196.0,196.0,196.0,0.0,0,WTK
2013-01-01,191.0,200.0,200.0,200.0,1500.0,1,WTK
2013-01-01,196.0,196.0,196.0,196.0,0.0,0,WTK
2013-01-02,200.0,200.0,200.0,200.0,0.0,1,WTK
2013-01-02,196.0,196.0,196.0,196.0,0.0,0,WTK
2013-01-03,196.0,196.0,196.0,196.0,0.0,0,WTK
2013-01-03,200.0,200.0,200.0,200.0,0.0,1,WTK
2013-01-04,196.0,196.0,196.0,196.0,0.0,0,WTK
2013-01-04,200.0,200.0,200.0,200.0,600.0,1,WTK
2013-01-07,196.0,196.0,196.0,196.0,0.0,0,WTK
2013-01-07,200.0,200.0,200.0,200.0,100.0,1,WTK
2013-01-08,196.0,196.0,196.0,196.0,0.0,0,WTK
2013-01-08,200.0,200.0,200.0,200.0,700.0,1,WTK
2013-01-09,200.0,200.0,200.0,200.0,1000.0,1,WTK
2013-01-09,196.0,196.0,196.0,196.0,0.0,0,WTK
2013-01-10,200.0,200.0,199.0,199.0,2000.0,0,WTK
2013-01-11,199.0,200.0,200.0,200.0,1500.0,1,WTK
2013-01-11,199.0,199.0,199.0,199.0,0.0,0,WTK
2013-01-14,200.0,200.0,200.0,200.0,700.0,0,WTK
2013-01-15,200.0,200.0,200.0,200.0,0.0,0,WTK
2013-01-15,200.0,200.0,200.0,200.0,1700.0,1,WTK
2013-01-16,200.0,200.0,197.0,197.0,4400.0,0,WTK
2013-01-17,197.0,200.0,200.0,200.0,7400.0,1,WTK
2013-01-17,197.0,197.0,197.0,197.0,0.0,0,WTK
2013-01-18,200.0,200.0,200.0,200.0,10000.0,0,WTK
2013-01-21,200.0,200.0,200.0,200.0,0.0,0,WTK
2013-01-21,200.0,200.0,200.0,200.0,0.0,1,WTK
2013-01-22,200.0,220.0,200.0,220.0,400.0,0,WTK
2013-01-23,220.0,200.0,200.0,200.0,600.0,1,WTK
2013-01-23,220.0,220.0,220.0,220.0,0.0,0,WTK
2013-01-24,220.0,220.0,220.0,220.0,0.0,0,WTK
2013-01-24,200.0,200.0,200.0,200.0,0.0,1,WTK
2013-01-25,200.0,200.0,200.0,200.0,0.0,1,WTK
2013-01-25,220.0,220.0,220.0,220.0,0.0,0,WTK
2013-01-28,220.0,220.0,220.0,220.0,0.0,0,WTK
2013-01-28,200.0,200.0,200.0,200.0,1500.0,1,WTK
2013-01-29,200.0,200.0,200.0,200.0,0.0,1,WTK
2013-01-29,220.0,220.0,220.0,220.0,0.0,0,WTK
2013-01-30,200.0,200.0,200.0,200.0,0.0,1,WTK
2013-01-30,220.0,220.0,220.0,220.0,0.0,0,WTK
2013-01-31,200.0,200.0,200.0,200.0,0.0,1,WTK
2013-01-31,220.0,220.0,220.0,220.0,0.0,0,WTK
2013-02-01,220.0,220.0,220.0,220.0,0.0,0,WTK
2013-02-01,200.0,200.0,200.0,200.0,0.0,1,WTK
2013-02-04,220.0,220.0,220.0,220.0,0.0,0,WTK
2013-02-04,200.0,200.0,200.0,200.0,5000.0,1,WTK
2013-02-05,200.0,210.0,200.0,201.0,7200.0,0,WTK
2013-02-06,201.0,201.0,201.0,201.0,0.0,0,WTK
2013-02-07,201.0,201.0,200.0,200.0,1600.0,0,WTK
2013-02-08,200.0,200.0,199.0,199.0,4000.0,0,WTK
2013-02-11,199.0,201.0,199.0,201.0,1000.0,0,WTK
2013-02-12,201.0,201.0,201.0,201.0,0.0,0,WTK
2013-02-12,201.0,210.0,210.0,210.0,2500.0,1,WTK
2013-02-13,210.0,210.0,210.0,210.0,0.0,1,WTK
2013-02-13,201.0,201.0,201.0,201.0,0.0,0,WTK
2013-02-14,210.0,210.0,210.0,210.0,3000.0,1,WTK
2013-02-14,201.0,201.0,201.0,201.0,0.0,0,WTK
2013-02-15,210.0,210.0,210.0,210.0,0.0,1,WTK
2013-02-15,201.0,201.0,201.0,201.0,0.0,0,WTK
2013-02-18,210.0,210.0,210.0,210.0,100.0,1,WTK
2013-02-18,201.0,201.0,201.0,201.0,0.0,0,WTK
2013-02-19,201.0,201.0,201.0,201.0,0.0,0,WTK
2013-02-19,210.0,210.0,210.0,210.0,400.0,1,WTK
2013-02-20,210.0,210.0,210.0,210.0,0.0,1,WTK
2013-02-20,201.0,201.0,201.0,201.0,0.0,0,WTK
2013-02-21,201.0,201.0,201.0,201.0,0.0,0,WTK
2013-02-21,210.0,219.0,208.0,210.0,2500.0,1,WTK
2013-02-22,210.0,210.0,206.0,206.0,5600.0,0,WTK
2013-02-25,206.0,206.0,206.0,206.0,0.0,0,WTK
2013-02-25,206.0,205.0,205.0,205.0,500.0,1,WTK
2013-02-26,205.0,205.0,205.0,205.0,100.0,0,WTK
2013-02-27,205.0,205.0,205.0,205.0,0.0,1,WTK
2013-02-27,205.0,205.0,205.0,205.0,0.0,0,WTK
2013-02-28,205.0,205.0,205.0,205.0,0.0,0,WTK
2013-02-28,205.0,207.0,207.0,207.0,500.0,1,WTK
2013-03-01,205.0,205.0,205.0,205.0,0.0,0,WTK
2013-03-01,207.0,207.0,207.0,207.0,0.0,1,WTK
2013-03-04,205.0,205.0,205.0,205.0,0.0,0,WTK
2013-03-04,207.0,207.0,207.0,207.0,0.0,1,WTK
2013-03-05,205.0,205.0,205.0,205.0,0.0,0,WTK
2013-03-05,207.0,207.0,207.0,207.0,0.0,1,WTK
2013-03-06,207.0,219.0,207.0,219.0,1500.0,0,WTK
2013-03-07,219.0,221.0,219.0,219.0,3900.0,0,WTK
2013-03-08,219.0,221.0,219.0,220.0,1000.0,0,WTK
2013-03-11,220.0,240.0,240.0,240.0,200.0,1,WTK
2013-03-11,220.0,220.0,220.0,220.0,0.0,0,WTK
2013-03-12,240.0,240.0,240.0,240.0,200.0,1,WTK
2013-03-12,220.0,220.0,220.0,220.0,0.0,0,WTK
2013-03-13,240.0,242.0,240.0,240.0,400.0,1,WTK
2013-03-13,220.0,220.0,220.0,220.0,0.0,0,WTK
2013-03-14,220.0,220.0,220.0,220.0,0.0,0,WTK
2013-03-14,240.0,240.0,240.0,240.0,900.0,1,WTK
2013-03-15,240.0,240.0,235.0,239.0,3500.0,0,WTK
2013-03-18,239.0,239.0,225.0,229.0,500.0,0,WTK
2013-03-19,229.0,229.0,229.0,229.0,0.0,0,WTK
2013-03-19,229.0,230.0,220.0,226.0,2900.0,1,WTK
2013-03-20,229.0,229.0,229.0,229.0,0.0,0,WTK
2013-03-20,226.0,226.0,226.0,226.0,0.0,1,WTK
2013-03-21,229.0,229.0,229.0,229.0,0.0,0,WTK
2013-03-21,226.0,226.0,226.0,226.0,0.0,1,WTK
2013-03-22,226.0,226.0,226.0,226.0,0.0,1,WTK
2013-03-22,229.0,229.0,229.0,229.0,0.0,0,WTK
2013-03-25,229.0,229.0,229.0,229.0,0.0,0,WTK
2013-03-25,226.0,226.0,226.0,226.0,0.0,1,WTK
2013-03-26,226.0,230.0,220.0,221.0,2000.0,0,WTK
2013-03-27,221.0,221.0,221.0,221.0,0.0,0,WTK
2013-03-27,221.0,243.0,220.0,228.0,1300.0,1,WTK
2013-03-28,228.0,228.0,228.0,228.0,0.0,1,WTK
2013-03-28,221.0,221.0,221.0,221.0,0.0,0,WTK
2013-03-29,228.0,228.0,228.0,228.0,0.0,1,WTK
2013-03-29,221.0,221.0,221.0,221.0,0.0,0,WTK
2013-04-01,221.0,221.0,221.0,221.0,0.0,0,WTK
2013-04-01,228.0,228.0,228.0,228.0,0.0,1,WTK
2013-04-02,228.0,228.0,228.0,228.0,0.0,1,WTK
2013-04-02,221.0,221.0,221.0,221.0,0.0,0,WTK
2013-04-03,228.0,231.0,228.0,231.0,2000.0,0,WTK
2013-04-04,231.0,231.0,228.0,228.0,3200.0,0,WTK
2013-04-05,228.0,250.0,228.0,250.0,500.0,0,WTK
2013-04-08,250.0,274.0,274.0,274.0,100.0,1,WTK
2013-04-08,250.0,250.0,250.0,250.0,0.0,0,WTK
2013-04-09,250.0,274.0,274.0,274.0,100.0,1,WTK
2013-04-09,250.0,250.0,250.0,250.0,0.0,0,WTK
2013-04-10,274.0,274.0,274.0,274.0,0.0,1,WTK
2013-04-10,250.0,250.0,250.0,250.0,0.0,0,WTK
2013-04-11,250.0,250.0,250.0,250.0,0.0,0,WTK
2013-04-11,274.0,274.0,274.0,274.0,0.0,1,WTK
2013-04-12,250.0,250.0,250.0,250.0,0.0,0,WTK
2013-04-12,274.0,274.0,274.0,274.0,1000.0,1,WTK
2013-04-15,250.0,250.0,250.0,250.0,0.0,0,WTK
2013-04-15,274.0,274.0,274.0,274.0,0.0,1,WTK
2013-04-16,274.0,274.0,250.0,257.0,1600.0,0,WTK
2013-04-17,257.0,257.0,240.0,243.0,3500.0,0,WTK
2013-04-18,243.0,243.0,233.0,234.0,2500.0,0,WTK
2013-04-19,234.0,234.0,230.0,230.0,500.0,0,WTK
2013-04-22,230.0,230.0,230.0,230.0,0.0,0,WTK
2013-04-23,230.0,230.0,230.0,230.0,0.0,0,WTK
2013-04-23,230.0,225.0,225.0,225.0,100.0,1,WTK
2013-04-24,225.0,225.0,225.0,225.0,1100.0,1,WTK
2013-04-24,230.0,230.0,230.0,230.0,0.0,0,WTK
2013-04-25,225.0,225.0,225.0,225.0,300.0,1,WTK
2013-04-25,230.0,230.0,230.0,230.0,0.0,0,WTK
2013-04-26,225.0,225.0,225.0,225.0,0.0,1,WTK
2013-04-26,230.0,230.0,230.0,230.0,0.0,0,WTK
2013-04-29,230.0,230.0,230.0,230.0,0.0,0,WTK
2013-04-29,225.0,230.0,230.0,230.0,300.0,1,WTK
2013-04-30,230.0,230.0,230.0,230.0,2500.0,0,WTK
2013-05-01,230.0,230.0,230.0,230.0,0.0,0,WTK
2013-05-01,230.0,230.0,230.0,230.0,2500.0,1,WTK
2013-05-02,230.0,230.0,225.0,227.0,2400.0,0,WTK
2013-05-03,227.0,227.0,227.0,227.0,0.0,0,WTK
2013-05-06,227.0,245.0,227.0,245.0,500.0,0,WTK
2013-05-07,245.0,245.0,245.0,245.0,0.0,0,WTK
2013-05-08,245.0,245.0,245.0,245.0,0.0,0,WTK
2013-05-08,245.0,250.0,245.0,246.0,2500.0,1,WTK
2013-05-09,245.0,245.0,245.0,245.0,0.0,0,WTK
2013-05-09,246.0,246.0,246.0,246.0,0.0,1,WTK
2013-05-10,246.0,246.0,246.0,246.0,0.0,1,WTK
2013-05-10,245.0,245.0,245.0,245.0,0.0,0,WTK
2013-05-13,245.0,245.0,245.0,245.0,0.0,0,WTK
2013-05-13,246.0,246.0,246.0,246.0,100.0,1,WTK
2013-05-14,246.0,246.0,246.0,246.0,0.0,1,WTK
2013-05-14,245.0,245.0,245.0,245.0,0.0,0,WTK
2013-05-15,245.0,245.0,245.0,245.0,0.0,0,WTK
2013-05-15,246.0,246.0,246.0,246.0,300.0,1,WTK
2013-05-16,246.0,246.0,245.0,245.0,1700.0,0,WTK
2013-05-17,245.0,245.0,240.0,240.0,1200.0,0,WTK
2013-05-20,240.0,240.0,240.0,240.0,0.0,0,WTK
2013-05-21,240.0,245.0,240.0,245.0,700.0,0,WTK
2013-05-22,245.0,245.0,245.0,245.0,0.0,0,WTK
2013-05-23,245.0,245.0,245.0,245.0,0.0,0,WTK
2013-05-23,245.0,240.0,240.0,240.0,3600.0,1,WTK
2013-05-24,240.0,240.0,240.0,240.0,0.0,0,WTK
2013-05-27,240.0,240.0,240.0,240.0,0.0,1,WTK
2013-05-27,240.0,240.0,240.0,240.0,0.0,0,WTK
2013-05-28,240.0,240.0,230.0,239.0,1100.0,0,WTK
2013-05-29,239.0,240.0,239.0,240.0,1100.0,0,WTK
2013-05-30,240.0,245.0,240.0,245.0,1300.0,0,WTK
2013-05-31,245.0,350.0,245.0,254.0,13700.0,0,WTK
2013-06-03,254.0,254.0,254.0,254.0,0.0,0,WTK
2013-06-04,254.0,270.0,254.0,267.0,1000.0,0,WTK
2013-06-05,267.0,267.0,255.0,260.0,500.0,0,WTK
2013-06-06,260.0,265.0,260.0,263.0,2300.0,0,WTK
2013-06-07,263.0,265.0,261.0,264.0,800.0,0,WTK
2013-06-10,264.0,264.0,260.0,260.0,11500.0,0,WTK
2013-06-11,260.0,260.0,250.0,253.0,2000.0,0,WTK
2013-06-12,253.0,260.0,253.0,254.0,1400.0,0,WTK
2013-06-13,254.0,254.0,254.0,254.0,0.0,0,WTK
2013-06-14,254.0,260.0,254.0,260.0,100.0,0,WTK
2013-06-17,260.0,260.0,255.0,255.0,1400.0,0,WTK
2013-06-18,255.0,255.0,255.0,255.0,0.0,0,WTK
2013-06-18,255.0,250.0,250.0,250.0,1500.0,1,WTK
2013-06-19,255.0,255.0,255.0,255.0,0.0,0,WTK
2013-06-19,250.0,250.0,250.0,250.0,500.0,1,WTK
2013-06-20,250.0,250.0,250.0,250.0,0.0,1,WTK
2013-06-20,255.0,255.0,255.0,255.0,0.0,0,WTK
2013-06-21,250.0,250.0,250.0,250.0,2100.0,1,WTK
2013-06-21,255.0,255.0,255.0,255.0,0.0,0,WTK
2013-06-24,255.0,255.0,255.0,255.0,0.0,0,WTK
2013-06-24,250.0,255.0,250.0,250.0,600.0,1,WTK
2013-06-25,255.0,255.0,255.0,255.0,0.0,0,WTK
2013-06-25,250.0,250.0,250.0,250.0,0.0,1,WTK
2013-06-26,255.0,255.0,255.0,255.0,0.0,0,WTK
2013-06-26,250.0,250.0,250.0,250.0,0.0,1,WTK
2013-06-27,255.0,255.0,255.0,255.0,0.0,0,WTK
2013-06-27,250.0,250.0,250.0,250.0,100.0,1,WTK
2013-06-28,250.0,250.0,225.0,225.0,4300.0,0,WTK
2013-07-01,225.0,225.0,225.0,225.0,200.0,0,WTK
2013-07-02,225.0,247.0,225.0,227.0,1500.0,1,WTK
2013-07-02,225.0,225.0,225.0,225.0,0.0,0,WTK
2013-07-03,227.0,227.0,227.0,227.0,0.0,1,WTK
2013-07-03,225.0,225.0,225.0,225.0,0.0,0,WTK
2013-07-04,227.0,227.0,227.0,227.0,0.0,1,WTK
2013-07-04,225.0,225.0,225.0,225.0,0.0,0,WTK
2013-07-05,225.0,225.0,225.0,225.0,0.0,0,WTK
2013-07-05,227.0,227.0,227.0,227.0,0.0,1,WTK
2013-07-08,227.0,227.0,225.0,225.0,100.0,0,WTK
2013-07-09,225.0,230.0,225.0,230.0,500.0,0,WTK
2013-07-10,230.0,230.0,230.0,230.0,0.0,0,WTK
2013-07-11,230.0,230.0,230.0,230.0,0.0,0,WTK
2013-07-11,230.0,230.0,229.0,229.0,1000.0,1,WTK
2013-07-12,229.0,230.0,229.0,229.0,3000.0,0,WTK
2013-07-15,229.0,229.0,229.0,229.0,0.0,1,WTK
2013-07-15,229.0,229.0,229.0,229.0,0.0,0,WTK
2013-07-16,229.0,229.0,229.0,229.0,0.0,0,WTK
2013-07-16,229.0,235.0,235.0,235.0,1800.0,1,WTK
2013-07-17,235.0,235.0,235.0,235.0,0.0,1,WTK
2013-07-17,229.0,229.0,229.0,229.0,0.0,0,WTK
2013-07-18,235.0,235.0,235.0,235.0,1100.0,1,WTK
2013-07-18,229.0,229.0,229.0,229.0,0.0,0,WTK
2013-07-19,229.0,229.0,229.0,229.0,0.0,0,WTK
2013-07-19,235.0,235.0,235.0,235.0,0.0,1,WTK
2013-07-22,235.0,235.0,235.0,235.0,0.0,1,WTK
2013-07-22,229.0,229.0,229.0,229.0,0.0,0,WTK
2013-07-23,235.0,235.0,235.0,235.0,700.0,1,WTK
2013-07-23,229.0,229.0,229.0,229.0,0.0,0,WTK
2013-07-24,235.0,235.0,234.0,234.0,700.0,0,WTK
2013-07-25,234.0,234.0,234.0,234.0,0.0,0,WTK
2013-07-26,234.0,236.0,234.0,236.0,100.0,0,WTK
2013-07-29,236.0,236.0,236.0,236.0,0.0,0,WTK
2013-07-30,236.0,236.0,236.0,236.0,0.0,0,WTK
2013-07-30,236.0,235.0,235.0,235.0,200.0,1,WTK
2013-07-31,236.0,236.0,236.0,236.0,0.0,0,WTK
2013-07-31,235.0,235.0,235.0,235.0,0.0,1,WTK
2013-08-01,235.0,236.0,235.0,235.0,800.0,1,WTK
2013-08-01,236.0,236.0,236.0,236.0,0.0,0,WTK
2013-08-02,235.0,235.0,235.0,235.0,0.0,1,WTK
2013-08-02,236.0,236.0,236.0,236.0,0.0,0,WTK
2013-08-05,236.0,236.0,236.0,236.0,0.0,0,WTK
2013-08-05,235.0,235.0,235.0,235.0,600.0,1,WTK
2013-08-06,235.0,255.0,235.0,237.0,1000.0,0,WTK
2013-08-07,237.0,237.0,237.0,237.0,0.0,0,WTK
2013-08-08,237.0,237.0,237.0,237.0,0.0,0,WTK
2013-08-08,237.0,240.0,235.0,236.0,400.0,1,WTK
2013-08-09,237.0,237.0,237.0,237.0,0.0,0,WTK
2013-08-09,237.0,240.0,235.0,236.0,400.0,1,WTK
2013-08-12,237.0,237.0,237.0,237.0,0.0,0,WTK
2013-08-12,236.0,236.0,236.0,236.0,0.0,1,WTK
2013-08-13,236.0,237.0,235.0,235.0,1600.0,0,WTK
2013-08-14,235.0,240.0,235.0,240.0,1100.0,0,WTK
2013-08-15,240.0,245.0,240.0,244.0,4000.0,0,WTK
2013-08-16,244.0,244.0,244.0,244.0,0.0,0,WTK
2013-08-16,244.0,250.0,250.0,250.0,4100.0,1,WTK
2013-08-19,250.0,250.0,250.0,250.0,300.0,1,WTK
2013-08-19,244.0,244.0,244.0,244.0,0.0,0,WTK
2013-08-20,244.0,244.0,244.0,244.0,0.0,0,WTK
2013-08-20,250.0,250.0,250.0,250.0,0.0,1,WTK
2013-08-21,250.0,250.0,250.0,250.0,5300.0,1,WTK
2013-08-21,244.0,244.0,244.0,244.0,0.0,0,WTK
2013-08-22,250.0,250.0,250.0,250.0,0.0,1,WTK
2013-08-22,244.0,244.0,244.0,244.0,0.0,0,WTK
2013-08-23,250.0,250.0,249.0,249.0,1400.0,0,WTK
2013-08-26,249.0,249.0,249.0,249.0,0.0,0,WTK
2013-08-27,249.0,249.0,236.0,236.0,400.0,0,WTK
2013-08-28,236.0,236.0,236.0,236.0,500.0,0,WTK
2013-08-29,236.0,245.0,236.0,245.0,800.0,0,WTK
2013-08-30,245.0,245.0,245.0,245.0,0.0,0,WTK
2013-09-02,245.0,250.0,250.0,250.0,500.0,1,WTK
2013-09-02,245.0,245.0,245.0,245.0,0.0,0,WTK
2013-09-03,250.0,250.0,250.0,250.0,0.0,1,WTK
2013-09-03,245.0,245.0,245.0,245.0,0.0,0,WTK
2013-09-04,245.0,245.0,245.0,245.0,0.0,0,WTK
2013-09-04,250.0,250.0,250.0,250.0,2200.0,1,WTK
2013-09-05,245.0,245.0,245.0,245.0,0.0,0,WTK
2013-09-05,250.0,250.0,250.0,250.0,0.0,1,WTK
2013-09-06,245.0,245.0,245.0,245.0,0.0,0,WTK
2013-09-06,250.0,250.0,250.0,250.0,0.0,1,WTK
2013-09-09,245.0,245.0,245.0,245.0,0.0,0,WTK
2013-09-09,250.0,250.0,250.0,250.0,0.0,1,WTK
2013-09-10,245.0,245.0,245.0,245.0,0.0,0,WTK
2013-09-10,250.0,250.0,250.0,250.0,0.0,1,WTK
2013-09-11,245.0,245.0,245.0,245.0,0.0,0,WTK
2013-09-11,250.0,250.0,250.0,250.0,200.0,1,WTK
2013-09-12,250.0,250.0,250.0,250.0,0.0,1,WTK
2013-09-12,245.0,245.0,245.0,245.0,0.0,0,WTK
2013-09-13,250.0,250.0,250.0,250.0,0.0,1,WTK
2013-09-13,245.0,245.0,245.0,245.0,0.0,0,WTK
2013-09-16,245.0,245.0,245.0,245.0,0.0,0,WTK
2013-09-16,250.0,250.0,250.0,250.0,0.0,1,WTK
2013-09-17,245.0,245.0,245.0,245.0,0.0,0,WTK
2013-09-17,250.0,250.0,250.0,250.0,0.0,1,WTK
2013-09-18,245.0,245.0,245.0,245.0,0.0,0,WTK
2013-09-18,250.0,226.0,226.0,226.0,1000.0,1,WTK
2013-09-19,245.0,245.0,245.0,245.0,0.0,0,WTK
2013-09-19,226.0,226.0,226.0,226.0,0.0,1,WTK
2013-09-20,245.0,245.0,245.0,245.0,0.0,0,WTK
2013-09-20,226.0,226.0,226.0,226.0,0.0,1,WTK
2013-09-23,226.0,226.0,226.0,226.0,0.0,1,WTK
2013-09-23,245.0,245.0,245.0,245.0,0.0,0,WTK
2013-09-24,245.0,245.0,245.0,245.0,0.0,0,WTK
2013-09-24,226.0,226.0,226.0,226.0,0.0,1,WTK
2013-09-25,226.0,235.0,226.0,229.0,500.0,0,WTK
2013-09-26,229.0,234.0,229.0,232.0,200.0,0,WTK
2013-09-27,232.0,232.0,232.0,232.0,0.0,0,WTK
2013-09-30,232.0,233.0,233.0,233.0,100.0,1,WTK
2013-09-30,232.0,232.0,232.0,232.0,0.0,0,WTK
2013-10-01,232.0,233.0,233.0,233.0,100.0,1,WTK
2013-10-01,232.0,232.0,232.0,232.0,0.0,0,WTK
2013-10-02,232.0,232.0,232.0,232.0,0.0,0,WTK
2013-10-02,233.0,233.0,233.0,233.0,0.0,1,WTK
2013-10-03,232.0,232.0,232.0,232.0,0.0,0,WTK
2013-10-03,233.0,233.0,233.0,233.0,200.0,1,WTK
2013-10-04,233.0,233.0,233.0,233.0,100.0,1,WTK
2013-10-04,232.0,232.0,232.0,232.0,0.0,0,WTK
2013-10-07,233.0,234.0,233.0,234.0,300.0,0,WTK
2013-10-08,234.0,234.0,234.0,234.0,0.0,0,WTK
2013-10-09,234.0,235.0,233.0,233.0,12000.0,0,WTK
2013-10-10,233.0,233.0,233.0,233.0,0.0,0,WTK
2013-10-11,233.0,234.0,226.0,226.0,30500.0,0,WTK
2013-10-14,226.0,226.0,225.0,225.0,200.0,0,WTK
2013-10-15,225.0,225.0,225.0,225.0,0.0,0,WTK
2013-10-16,225.0,230.0,225.0,230.0,400.0,0,WTK
2013-10-17,230.0,230.0,227.0,228.0,1500.0,0,WTK
2013-10-18,228.0,235.0,228.0,233.0,800.0,0,WTK
2013-10-21,233.0,233.0,233.0,233.0,0.0,0,WTK
2013-10-21,228.0,235.0,230.0,233.0,800.0,1,WTK
2013-10-22,233.0,233.0,226.0,226.0,500.0,0,WTK
2013-10-23,226.0,235.0,226.0,230.0,700.0,0,WTK
2013-10-24,230.0,233.0,230.0,233.0,500.0,0,WTK
2013-10-25,233.0,233.0,230.0,231.0,200.0,0,WTK
2013-10-28,231.0,233.0,231.0,233.0,300.0,0,WTK
2013-10-29,233.0,233.0,233.0,233.0,0.0,0,WTK
2013-10-29,231.0,233.0,233.0,233.0,300.0,1,WTK
2013-10-30,233.0,233.0,210.0,211.0,5600.0,0,WTK
2013-10-31,211.0,229.0,210.0,218.0,4400.0,0,WTK
2013-11-01,218.0,215.0,210.0,211.0,4800.0,1,WTK
2013-11-01,218.0,218.0,218.0,218.0,0.0,0,WTK
2013-11-04,211.0,211.0,211.0,211.0,0.0,0,WTK
2013-11-05,211.0,211.0,211.0,211.0,0.0,1,WTK
2013-11-05,211.0,211.0,211.0,211.0,0.0,0,WTK
2013-11-06,211.0,230.0,211.0,215.0,2700.0,0,WTK
2013-11-07,215.0,215.0,215.0,215.0,0.0,0,WTK
2013-11-07,215.0,215.0,211.0,214.0,5300.0,1,WTK
2013-11-08,214.0,215.0,214.0,214.0,400.0,1,WTK
2013-11-08,215.0,215.0,215.0,215.0,0.0,0,WTK
2013-11-11,214.0,215.0,213.0,214.0,6700.0,1,WTK
2013-11-11,215.0,215.0,215.0,215.0,0.0,0,WTK
2013-11-12,215.0,215.0,215.0,215.0,0.0,0,WTK
2013-11-12,214.0,215.0,213.0,214.0,3800.0,1,WTK
2013-11-13,214.0,220.0,214.0,220.0,100.0,0,WTK
2013-11-14,220.0,220.0,211.0,211.0,1300.0,0,WTK
2013-11-15,211.0,212.0,211.0,212.0,1500.0,0,WTK
2013-11-18,212.0,233.0,212.0,233.0,100.0,0,WTK
2013-11-19,233.0,233.0,223.0,223.0,100.0,0,WTK
2013-11-20,223.0,223.0,223.0,223.0,0.0,0,WTK
2013-11-21,223.0,223.0,216.0,216.0,2400.0,0,WTK
2013-11-22,216.0,217.0,216.0,217.0,2700.0,0,WTK
2013-11-25,217.0,217.0,217.0,217.0,0.0,0,WTK
2013-11-26,217.0,230.0,217.0,226.0,2500.0,0,WTK
2013-11-27,226.0,226.0,226.0,226.0,0.0,0,WTK
2013-11-27,226.0,235.0,230.0,233.0,5000.0,1,WTK
2013-11-28,226.0,226.0,226.0,226.0,0.0,0,WTK
2013-11-28,233.0,233.0,233.0,233.0,1600.0,1,WTK
2013-11-29,233.0,233.0,233.0,233.0,0.0,1,WTK
2013-11-29,226.0,226.0,226.0,226.0,0.0,0,WTK
2013-12-02,233.0,233.0,233.0,233.0,2100.0,1,WTK
2013-12-02,226.0,226.0,226.0,226.0,0.0,0,WTK
2013-12-03,226.0,226.0,226.0,226.0,0.0,0,WTK
2013-12-03,233.0,233.0,233.0,233.0,700.0,1,WTK
2013-12-04,233.0,233.0,233.0,233.0,1100.0,1,WTK
2013-12-04,226.0,226.0,226.0,226.0,0.0,0,WTK
2013-12-05,233.0,233.0,230.0,232.0,600.0,0,WTK
2013-12-06,232.0,233.0,230.0,232.0,3500.0,0,WTK
2013-12-09,232.0,232.0,230.0,230.0,200.0,0,WTK
2013-12-10,230.0,230.0,225.0,228.0,3900.0,1,WTK
2013-12-10,230.0,230.0,230.0,230.0,0.0,0,WTK
2013-12-11,228.0,230.0,225.0,228.0,8900.0,1,WTK
2013-12-11,230.0,230.0,230.0,230.0,0.0,0,WTK
2013-12-12,228.0,230.0,225.0,228.0,8900.0,1,WTK
2013-12-12,230.0,230.0,230.0,230.0,0.0,0,WTK
2013-12-13,230.0,230.0,230.0,230.0,0.0,0,WTK
2013-12-13,228.0,230.0,225.0,228.0,8900.0,1,WTK
2013-12-16,228.0,230.0,228.0,230.0,800.0,0,WTK
2013-12-17,230.0,230.0,230.0,230.0,900.0,0,WTK
2013-12-18,230.0,230.0,230.0,230.0,0.0,0,WTK
2013-12-18,230.0,226.0,226.0,226.0,100.0,1,WTK
2013-12-19,226.0,226.0,226.0,226.0,0.0,0,WTK
2013-12-20,226.0,226.0,226.0,226.0,400.0,1,WTK
2013-12-20,226.0,226.0,226.0,226.0,0.0,0,WTK
2013-12-23,226.0,226.0,226.0,226.0,0.0,0,WTK
2013-12-23,226.0,237.0,225.0,225.0,265200.0,1,WTK
2013-12-24,226.0,226.0,226.0,226.0,0.0,0,WTK
2013-12-24,225.0,225.0,225.0,225.0,0.0,1,WTK
2013-12-25,226.0,226.0,226.0,226.0,0.0,0,WTK
2013-12-25,225.0,225.0,225.0,225.0,0.0,1,WTK
2013-12-26,225.0,225.0,225.0,225.0,0.0,1,WTK
2013-12-26,226.0,226.0,226.0,226.0,0.0,0,WTK
2013-12-27,225.0,230.0,225.0,230.0,300.0,0,WTK
2013-12-30,230.0,230.0,230.0,230.0,0.0,0,WTK
2013-12-31,230.0,250.0,250.0,250.0,500.0,1,WTK
2013-12-31,230.0,230.0,230.0,230.0,0.0,0,WTK
2014-01-01,230.0,230.0,230.0,230.0,0.0,0,WTK
2014-01-01,230.0,250.0,250.0,250.0,500.0,1,WTK
2014-01-02,250.0,250.0,250.0,250.0,0.0,1,WTK
2014-01-02,230.0,230.0,230.0,230.0,0.0,0,WTK
2014-01-03,250.0,250.0,230.0,230.0,500.0,0,WTK
2014-01-06,230.0,250.0,230.0,250.0,8200.0,0,WTK
2014-01-07,250.0,260.0,230.0,245.0,400.0,0,WTK
2014-01-08,245.0,245.0,245.0,245.0,0.0,0,WTK
2014-01-08,245.0,250.0,250.0,250.0,900.0,1,WTK
2014-01-09,245.0,245.0,245.0,245.0,0.0,0,WTK
2014-01-09,250.0,250.0,250.0,250.0,2200.0,1,WTK
2014-01-10,245.0,245.0,245.0,245.0,0.0,0,WTK
2014-01-10,250.0,250.0,250.0,250.0,0.0,1,WTK
2014-01-13,250.0,250.0,250.0,250.0,0.0,1,WTK
2014-01-13,245.0,245.0,245.0,245.0,0.0,0,WTK
2014-01-14,250.0,250.0,250.0,250.0,1000.0,1,WTK
2014-01-14,245.0,245.0,245.0,245.0,0.0,0,WTK
2014-01-15,250.0,260.0,250.0,260.0,3100.0,0,WTK
2014-01-16,260.0,260.0,260.0,260.0,0.0,0,WTK
2014-01-17,260.0,270.0,260.0,266.0,3200.0,0,WTK
2014-01-20,266.0,266.0,266.0,266.0,200.0,0,WTK
2014-01-21,266.0,275.0,250.0,270.0,8700.0,1,WTK
2014-01-21,266.0,266.0,266.0,266.0,0.0,0,WTK
2014-01-22,270.0,270.0,270.0,270.0,300.0,0,WTK
2014-01-23,270.0,270.0,270.0,270.0,0.0,0,WTK
2014-01-23,270.0,270.0,270.0,270.0,0.0,1,WTK
2014-01-24,270.0,290.0,270.0,290.0,4200.0,0,WTK
2014-01-27,290.0,310.0,290.0,310.0,2300.0,0,WTK
2014-01-28,310.0,310.0,300.0,300.0,100.0,0,WTK
2014-01-29,300.0,310.0,300.0,308.0,7100.0,0,WTK
2014-01-30,308.0,308.0,308.0,308.0,0.0,0,WTK
2014-01-30,308.0,320.0,310.0,310.0,17500.0,1,WTK
2014-01-31,310.0,310.0,310.0,310.0,200.0,0,WTK
2014-02-03,310.0,310.0,310.0,310.0,5000.0,1,WTK
2014-02-03,310.0,310.0,310.0,310.0,0.0,0,WTK
2014-02-04,310.0,310.0,309.0,309.0,2800.0,0,WTK
2014-02-05,309.0,315.0,309.0,313.0,10800.0,0,WTK
2014-02-06,313.0,313.0,313.0,313.0,0.0,0,WTK
2014-02-06,313.0,300.0,296.0,296.0,1100.0,1,WTK
2014-02-07,296.0,296.0,296.0,296.0,500.0,1,WTK
2014-02-07,313.0,313.0,313.0,313.0,0.0,0,WTK
2014-02-10,296.0,296.0,296.0,296.0,0.0,1,WTK
2014-02-10,313.0,313.0,313.0,313.0,0.0,0,WTK
2014-02-11,296.0,296.0,296.0,296.0,300.0,1,WTK
2014-02-11,313.0,313.0,313.0,313.0,0.0,0,WTK
2014-02-12,296.0,296.0,267.0,267.0,700.0,0,WTK
2014-02-13,267.0,293.0,267.0,293.0,1200.0,0,WTK
2014-02-14,293.0,296.0,293.0,296.0,700.0,0,WTK
2014-02-17,296.0,315.0,296.0,315.0,100.0,0,WTK
2014-02-18,315.0,315.0,305.0,309.0,5600.0,0,WTK
2014-02-19,309.0,310.0,309.0,310.0,200.0,0,WTK
2014-02-20,310.0,310.0,290.0,305.0,1100.0,0,WTK
2014-02-21,305.0,305.0,292.0,299.0,15700.0,0,WTK
2014-02-24,299.0,300.0,300.0,300.0,1400.0,1,WTK
2014-02-24,299.0,299.0,299.0,299.0,0.0,0,WTK
2014-02-25,299.0,299.0,299.0,299.0,0.0,0,WTK
2014-02-25,300.0,300.0,300.0,300.0,1000.0,1,WTK
2014-02-26,300.0,300.0,300.0,300.0,4600.0,1,WTK
2014-02-26,299.0,299.0,299.0,299.0,0.0,0,WTK
2014-02-27,300.0,300.0,300.0,300.0,0.0,1,WTK
2014-02-27,299.0,299.0,299.0,299.0,0.0,0,WTK
2014-02-28,300.0,300.0,299.0,299.0,4300.0,0,WTK
2014-03-03,299.0,300.0,290.0,296.0,2500.0,0,WTK
2014-03-04,296.0,296.0,290.0,290.0,6100.0,0,WTK
2014-03-05,290.0,290.0,290.0,290.0,0.0,0,WTK
2014-03-05,290.0,300.0,300.0,300.0,300.0,1,WTK
2014-03-06,290.0,290.0,290.0,290.0,0.0,0,WTK
2014-03-06,300.0,300.0,300.0,300.0,0.0,1,WTK
2014-03-07,290.0,290.0,290.0,290.0,0.0,0,WTK
2014-03-07,300.0,300.0,300.0,300.0,500.0,1,WTK
2014-03-10,300.0,300.0,300.0,300.0,0.0,1,WTK
2014-03-10,290.0,290.0,290.0,290.0,0.0,0,WTK
2014-03-11,300.0,300.0,290.0,298.0,900.0,0,WTK
2014-03-12,298.0,298.0,294.0,294.0,3600.0,0,WTK
2014-03-13,294.0,294.0,269.0,285.0,3000.0,0,WTK
2014-03-14,285.0,300.0,285.0,300.0,100.0,0,WTK
2014-03-17,300.0,300.0,290.0,291.0,17200.0,0,WTK
2014-03-18,291.0,291.0,291.0,291.0,5000.0,0,WTK
2014-03-19,291.0,291.0,290.0,290.0,5000.0,0,WTK
2014-03-20,290.0,295.0,295.0,295.0,100.0,1,WTK
2014-03-20,290.0,290.0,290.0,290.0,0.0,0,WTK
2014-03-21,295.0,295.0,295.0,295.0,0.0,0,WTK
2014-03-24,295.0,295.0,295.0,295.0,0.0,0,WTK
2014-03-24,295.0,295.0,295.0,295.0,0.0,1,WTK
2014-03-25,295.0,290.0,290.0,290.0,1000.0,1,WTK
2014-03-25,295.0,295.0,295.0,295.0,0.0,0,WTK
2014-03-26,295.0,295.0,295.0,295.0,0.0,0,WTK
2014-03-26,290.0,290.0,290.0,290.0,1000.0,1,WTK
2014-03-27,290.0,290.0,290.0,290.0,15300.0,1,WTK
2014-03-27,295.0,295.0,295.0,295.0,0.0,0,WTK
2014-03-28,290.0,290.0,290.0,290.0,0.0,1,WTK
2014-03-28,295.0,295.0,295.0,295.0,0.0,0,WTK
2014-03-31,290.0,290.0,290.0,290.0,0.0,1,WTK
2014-03-31,295.0,295.0,295.0,295.0,0.0,0,WTK
2014-04-01,290.0,290.0,290.0,290.0,0.0,1,WTK
2014-04-01,295.0,295.0,295.0,295.0,0.0,0,WTK
2014-04-02,290.0,290.0,290.0,290.0,0.0,1,WTK
2014-04-02,295.0,295.0,295.0,295.0,0.0,0,WTK
2014-04-03,290.0,290.0,290.0,290.0,100.0,1,WTK
2014-04-03,295.0,295.0,295.0,295.0,0.0,0,WTK
2014-04-04,290.0,290.0,262.0,262.0,200.0,0,WTK
2014-04-07,262.0,265.0,262.0,265.0,400.0,0,WTK
2014-04-08,265.0,265.0,265.0,265.0,3300.0,0,WTK
2014-04-09,265.0,266.0,265.0,266.0,100.0,0,WTK
2014-04-10,266.0,268.0,266.0,268.0,300.0,0,WTK
2014-04-11,268.0,270.0,268.0,270.0,200.0,0,WTK
2014-04-14,270.0,270.0,248.0,259.0,200.0,0,WTK
2014-04-15,259.0,259.0,248.0,248.0,100.0,0,WTK
2014-04-16,248.0,272.0,272.0,272.0,200.0,1,WTK
2014-04-16,248.0,248.0,248.0,248.0,0.0,0,WTK
2014-04-17,272.0,272.0,272.0,272.0,0.0,1,WTK
2014-04-17,248.0,248.0,248.0,248.0,0.0,0,WTK
2014-04-18,272.0,272.0,272.0,272.0,0.0,1,WTK
2014-04-18,248.0,248.0,248.0,248.0,0.0,0,WTK
2014-04-21,272.0,272.0,272.0,272.0,0.0,1,WTK
2014-04-21,248.0,248.0,248.0,248.0,0.0,0,WTK
2014-04-22,248.0,248.0,248.0,248.0,0.0,0,WTK
2014-04-22,272.0,272.0,272.0,272.0,0.0,1,WTK
2014-04-23,272.0,272.0,251.0,256.0,1600.0,0,WTK
2014-04-24,256.0,256.0,256.0,256.0,0.0,0,WTK
2014-04-25,256.0,280.0,256.0,279.0,1100.0,0,WTK
2014-04-28,279.0,279.0,279.0,279.0,0.0,0,WTK
2014-04-29,279.0,279.0,279.0,279.0,0.0,0,WTK
2014-04-29,279.0,285.0,280.0,283.0,300.0,1,WTK
2014-04-30,283.0,283.0,283.0,283.0,0.0,0,WTK
2014-05-01,283.0,283.0,283.0,283.0,0.0,0,WTK
2014-05-01,283.0,283.0,283.0,283.0,0.0,1,WTK
2014-05-02,283.0,283.0,277.0,277.0,200.0,0,WTK
2014-05-05,277.0,294.0,277.0,288.0,300.0,0,WTK
2014-05-06,288.0,288.0,288.0,288.0,0.0,0,WTK
2014-05-07,288.0,299.0,288.0,298.0,1000.0,0,WTK
2014-05-08,298.0,298.0,289.0,289.0,1700.0,0,WTK
2014-05-09,289.0,289.0,288.0,288.0,2000.0,0,WTK
2014-05-12,288.0,288.0,288.0,288.0,0.0,0,WTK
2014-05-12,288.0,288.0,285.0,287.0,2100.0,1,WTK
2014-05-13,287.0,287.0,287.0,287.0,0.0,0,WTK
2014-05-14,287.0,287.0,287.0,287.0,0.0,1,WTK
2014-05-14,287.0,287.0,287.0,287.0,0.0,0,WTK
2014-05-15,287.0,287.0,280.0,280.0,100.0,0,WTK
2014-05-16,280.0,280.0,272.0,272.0,200.0,0,WTK
2014-05-19,272.0,285.0,272.0,277.0,600.0,0,WTK
2014-05-20,277.0,278.0,277.0,278.0,200.0,0,WTK
2014-05-21,278.0,278.0,278.0,278.0,0.0,0,WTK
2014-05-22,278.0,278.0,274.0,275.0,2400.0,0,WTK
2014-05-23,275.0,275.0,275.0,275.0,0.0,0,WTK
2014-05-26,275.0,275.0,272.0,272.0,100.0,0,WTK
2014-05-27,272.0,275.0,272.0,275.0,500.0,0,WTK
2014-05-28,275.0,275.0,275.0,275.0,0.0,0,WTK
2014-05-28,275.0,284.0,275.0,279.0,1000.0,1,WTK
2014-05-29,279.0,279.0,279.0,279.0,0.0,1,WTK
2014-05-29,275.0,275.0,275.0,275.0,0.0,0,WTK
2014-05-30,275.0,275.0,275.0,275.0,0.0,0,WTK
2014-05-30,279.0,279.0,279.0,279.0,0.0,1,WTK
2014-06-02,275.0,275.0,275.0,275.0,0.0,0,WTK
2014-06-02,279.0,279.0,279.0,279.0,0.0,1,WTK
2014-06-03,275.0,275.0,275.0,275.0,0.0,0,WTK
2014-06-03,279.0,279.0,279.0,279.0,0.0,1,WTK
2014-06-04,275.0,275.0,275.0,275.0,0.0,0,WTK
2014-06-04,279.0,280.0,280.0,280.0,300.0,1,WTK
2014-06-05,280.0,280.0,280.0,280.0,0.0,1,WTK
2014-06-05,275.0,275.0,275.0,275.0,0.0,0,WTK
2014-06-06,275.0,275.0,275.0,275.0,0.0,0,WTK
2014-06-06,280.0,280.0,280.0,280.0,500.0,1,WTK
2014-06-09,280.0,280.0,280.0,280.0,200.0,1,WTK
2014-06-09,275.0,275.0,275.0,275.0,0.0,0,WTK
2014-06-10,280.0,280.0,280.0,280.0,0.0,1,WTK
2014-06-10,275.0,275.0,275.0,275.0,0.0,0,WTK
2014-06-11,280.0,280.0,280.0,280.0,0.0,1,WTK
2014-06-11,275.0,275.0,275.0,275.0,0.0,0,WTK
2014-06-12,280.0,280.0,272.0,272.0,200.0,0,WTK
2014-06-13,272.0,275.0,275.0,275.0,900.0,1,WTK
2014-06-13,272.0,272.0,272.0,272.0,0.0,0,WTK
2014-06-16,275.0,275.0,275.0,275.0,0.0,1,WTK
2014-06-16,272.0,272.0,272.0,272.0,0.0,0,WTK
2014-06-17,275.0,275.0,275.0,275.0,0.0,1,WTK
2014-06-17,272.0,272.0,272.0,272.0,0.0,0,WTK
2014-06-18,275.0,275.0,275.0,275.0,2300.0,1,WTK
2014-06-18,272.0,272.0,272.0,272.0,0.0,0,WTK
2014-06-19,275.0,280.0,275.0,280.0,100.0,0,WTK
2014-06-20,280.0,285.0,280.0,285.0,1800.0,0,WTK
2014-06-23,285.0,285.0,270.0,270.0,500.0,0,WTK
2014-06-24,270.0,280.0,270.0,280.0,1000.0,0,WTK
2014-06-25,280.0,280.0,280.0,280.0,0.0,0,WTK
2014-06-25,280.0,275.0,275.0,275.0,900.0,1,WTK
2014-06-26,275.0,275.0,275.0,275.0,1700.0,0,WTK
2014-06-27,275.0,275.0,275.0,275.0,300.0,1,WTK
2014-06-27,275.0,275.0,275.0,275.0,0.0,0,WTK
2014-06-30,275.0,290.0,275.0,281.0,1600.0,0,WTK
2014-07-01,281.0,281.0,281.0,281.0,0.0,0,WTK
2014-07-02,281.0,281.0,275.0,275.0,700.0,0,WTK
2014-07-03,275.0,285.0,275.0,277.0,2000.0,1,WTK
2014-07-03,275.0,275.0,275.0,275.0,0.0,0,WTK
2014-07-04,277.0,277.0,277.0,277.0,0.0,0,WTK
2014-07-07,277.0,277.0,277.0,277.0,0.0,0,WTK
2014-07-07,277.0,277.0,277.0,277.0,0.0,1,WTK
2014-07-08,277.0,285.0,277.0,285.0,400.0,0,WTK
2014-07-09,285.0,290.0,290.0,290.0,200.0,1,WTK
2014-07-09,285.0,285.0,285.0,285.0,0.0,0,WTK
2014-07-10,290.0,290.0,290.0,290.0,2300.0,0,WTK
2014-07-11,290.0,290.0,290.0,290.0,0.0,0,WTK
2014-07-11,290.0,290.0,290.0,290.0,0.0,1,WTK
2014-07-14,290.0,287.0,287.0,287.0,3000.0,1,WTK
2014-07-14,290.0,290.0,290.0,290.0,0.0,0,WTK
2014-07-15,287.0,287.0,287.0,287.0,0.0,1,WTK
2014-07-15,290.0,290.0,290.0,290.0,0.0,0,WTK
2014-07-16,290.0,290.0,290.0,290.0,0.0,0,WTK
2014-07-16,287.0,287.0,287.0,287.0,0.0,1,WTK
2014-07-17,290.0,290.0,290.0,290.0,0.0,0,WTK
2014-07-17,287.0,287.0,287.0,287.0,0.0,1,WTK
2014-07-18,290.0,290.0,290.0,290.0,0.0,0,WTK
2014-07-18,287.0,287.0,287.0,287.0,0.0,1,WTK
2014-07-21,287.0,290.0,287.0,289.0,3200.0,0,WTK
2014-07-22,289.0,287.0,287.0,287.0,100.0,1,WTK
2014-07-22,289.0,289.0,289.0,289.0,0.0,0,WTK
2014-07-23,287.0,287.0,287.0,287.0,0.0,1,WTK
2014-07-23,289.0,289.0,289.0,289.0,0.0,0,WTK
2014-07-24,289.0,289.0,289.0,289.0,0.0,0,WTK
2014-07-24,287.0,287.0,287.0,287.0,0.0,1,WTK
2014-07-25,289.0,289.0,289.0,289.0,0.0,0,WTK
2014-07-25,287.0,287.0,287.0,287.0,0.0,1,WTK
2014-07-28,289.0,289.0,289.0,289.0,0.0,0,WTK
2014-07-28,287.0,287.0,287.0,287.0,0.0,1,WTK
2014-07-29,287.0,287.0,287.0,287.0,0.0,1,WTK
2014-07-29,289.0,289.0,289.0,289.0,0.0,0,WTK
2014-07-30,289.0,289.0,289.0,289.0,0.0,0,WTK
2014-07-30,287.0,287.0,287.0,287.0,0.0,1,WTK
2014-07-31,289.0,289.0,289.0,289.0,0.0,0,WTK
2014-07-31,287.0,289.0,285.0,288.0,1900.0,1,WTK
2014-08-01,288.0,288.0,288.0,288.0,0.0,1,WTK
2014-08-01,289.0,289.0,289.0,289.0,0.0,0,WTK
2014-08-04,288.0,288.0,288.0,288.0,0.0,1,WTK
2014-08-04,289.0,289.0,289.0,289.0,0.0,0,WTK
2014-08-05,289.0,289.0,289.0,289.0,0.0,0,WTK
2014-08-05,288.0,288.0,288.0,288.0,0.0,1,WTK
2014-08-06,289.0,289.0,289.0,289.0,0.0,0,WTK
2014-08-06,288.0,288.0,288.0,288.0,0.0,1,WTK
2014-08-07,288.0,288.0,288.0,288.0,0.0,1,WTK
2014-08-07,289.0,289.0,289.0,289.0,0.0,0,WTK
2014-08-08,288.0,288.0,288.0,288.0,0.0,1,WTK
2014-08-08,289.0,289.0,289.0,289.0,0.0,0,WTK
2014-08-11,289.0,289.0,289.0,289.0,0.0,0,WTK
2014-08-11,288.0,288.0,288.0,288.0,100.0,1,WTK
2014-08-12,288.0,270.0,270.0,270.0,1000.0,1,WTK
2014-08-12,289.0,289.0,289.0,289.0,0.0,0,WTK
2014-08-13,289.0,289.0,289.0,289.0,0.0,0,WTK
2014-08-13,270.0,270.0,270.0,270.0,0.0,1,WTK
2014-08-14,270.0,270.0,270.0,270.0,0.0,1,WTK
2014-08-14,289.0,289.0,289.0,289.0,0.0,0,WTK
2014-08-15,270.0,270.0,270.0,270.0,0.0,1,WTK
2014-08-15,289.0,289.0,289.0,289.0,0.0,0,WTK
2014-08-18,289.0,289.0,289.0,289.0,0.0,0,WTK
2014-08-18,270.0,270.0,270.0,270.0,300.0,1,WTK
2014-08-19,289.0,289.0,289.0,289.0,0.0,0,WTK
2014-08-19,270.0,270.0,270.0,270.0,0.0,1,WTK
2014-08-20,289.0,289.0,289.0,289.0,0.0,0,WTK
2014-08-20,270.0,270.0,270.0,270.0,100.0,1,WTK
2014-08-21,289.0,289.0,289.0,289.0,0.0,0,WTK
2014-08-21,270.0,270.0,270.0,270.0,0.0,1,WTK
2014-08-22,289.0,289.0,289.0,289.0,0.0,0,WTK
2014-08-22,270.0,270.0,270.0,270.0,0.0,1,WTK
2014-08-25,270.0,270.0,270.0,270.0,0.0,1,WTK
2014-08-25,289.0,289.0,289.0,289.0,0.0,0,WTK
2014-08-26,289.0,289.0,289.0,289.0,0.0,0,WTK
2014-08-26,270.0,270.0,270.0,270.0,0.0,1,WTK
2014-08-27,289.0,289.0,289.0,289.0,0.0,0,WTK
2014-08-27,270.0,270.0,270.0,270.0,0.0,1,WTK
2014-08-28,270.0,287.0,280.0,284.0,500.0,1,WTK
2014-08-28,289.0,289.0,289.0,289.0,0.0,0,WTK
2014-08-29,284.0,284.0,284.0,284.0,0.0,0,WTK
2014-09-01,284.0,284.0,284.0,284.0,0.0,1,WTK
2014-09-01,284.0,284.0,284.0,284.0,0.0,0,WTK
2014-09-02,284.0,275.0,275.0,275.0,33500.0,1,WTK
2014-09-02,284.0,284.0,284.0,284.0,0.0,0,WTK
2014-09-03,275.0,275.0,275.0,275.0,0.0,0,WTK
2014-09-04,275.0,275.0,275.0,275.0,800.0,1,WTK
2014-09-04,275.0,275.0,275.0,275.0,0.0,0,WTK
2014-09-05,275.0,287.0,275.0,287.0,1000.0,0,WTK
2014-09-08,287.0,287.0,287.0,287.0,0.0,0,WTK
2014-09-09,287.0,288.0,288.0,288.0,700.0,1,WTK
2014-09-09,287.0,287.0,287.0,287.0,0.0,0,WTK
2014-09-10,287.0,287.0,287.0,287.0,0.0,0,WTK
2014-09-10,288.0,288.0,288.0,288.0,3000.0,1,WTK
2014-09-11,288.0,288.0,288.0,288.0,0.0,1,WTK
2014-09-11,287.0,287.0,287.0,287.0,0.0,0,WTK
2014-09-12,288.0,289.0,288.0,288.0,3500.0,1,WTK
2014-09-12,287.0,287.0,287.0,287.0,0.0,0,WTK
2014-09-15,288.0,290.0,288.0,290.0,2600.0,0,WTK
2014-09-16,290.0,319.0,290.0,319.0,200.0,0,WTK
2014-09-17,319.0,319.0,319.0,319.0,0.0,0,WTK
2014-09-17,319.0,317.0,288.0,302.0,200.0,1,WTK
2014-09-18,302.0,302.0,302.0,302.0,0.0,0,WTK
2014-09-19,302.0,302.0,302.0,302.0,0.0,0,WTK
2014-09-19,302.0,302.0,302.0,302.0,0.0,1,WTK
2014-09-22,302.0,302.0,291.0,291.0,100.0,0,WTK
2014-09-23,291.0,300.0,291.0,300.0,700.0,0,WTK
2014-09-24,300.0,298.0,274.0,283.0,900.0,1,WTK
2014-09-24,300.0,300.0,300.0,300.0,0.0,0,WTK
2014-09-25,283.0,283.0,283.0,283.0,0.0,0,WTK
2014-09-26,283.0,283.0,283.0,283.0,0.0,1,WTK
2014-09-26,283.0,283.0,283.0,283.0,0.0,0,WTK
2014-09-29,283.0,287.0,283.0,287.0,1000.0,0,WTK
2014-09-30,287.0,290.0,287.0,290.0,4700.0,0,WTK
2014-10-01,290.0,290.0,285.0,285.0,1200.0,0,WTK
2014-10-02,285.0,285.0,275.0,275.0,2000.0,0,WTK
2014-10-03,275.0,285.0,275.0,285.0,200.0,0,WTK
2014-10-06,285.0,313.0,285.0,300.0,1100.0,0,WTK
2014-10-07,300.0,302.0,300.0,301.0,5000.0,0,WTK
2014-10-08,301.0,301.0,301.0,301.0,0.0,0,WTK
2014-10-08,301.0,300.0,300.0,300.0,800.0,1,WTK
2014-10-09,300.0,300.0,300.0,300.0,0.0,1,WTK
2014-10-09,301.0,301.0,301.0,301.0,0.0,0,WTK
2014-10-10,301.0,301.0,301.0,301.0,0.0,0,WTK
2014-10-10,300.0,300.0,300.0,300.0,0.0,1,WTK
2014-10-13,300.0,300.0,300.0,300.0,0.0,1,WTK
2014-10-13,301.0,301.0,301.0,301.0,0.0,0,WTK
2014-10-14,300.0,315.0,300.0,315.0,200.0,0,WTK
2014-10-15,315.0,315.0,300.0,300.0,300.0,0,WTK
2014-10-16,300.0,313.0,300.0,306.0,8400.0,0,WTK
2014-10-17,306.0,300.0,300.0,300.0,400.0,1,WTK
2014-10-17,306.0,306.0,306.0,306.0,0.0,0,WTK
2014-10-20,306.0,306.0,306.0,306.0,0.0,0,WTK
2014-10-20,306.0,300.0,300.0,300.0,400.0,1,WTK
2014-10-21,306.0,306.0,306.0,306.0,0.0,0,WTK
2014-10-21,300.0,300.0,300.0,300.0,100.0,1,WTK
2014-10-22,306.0,306.0,306.0,306.0,0.0,0,WTK
2014-10-22,300.0,300.0,300.0,300.0,0.0,1,WTK
2014-10-23,300.0,300.0,300.0,300.0,0.0,1,WTK
2014-10-23,306.0,306.0,306.0,306.0,0.0,0,WTK
2014-10-24,306.0,306.0,306.0,306.0,0.0,0,WTK
2014-10-24,300.0,300.0,300.0,300.0,0.0,1,WTK
2014-10-27,300.0,300.0,286.0,286.0,17500.0,0,WTK
2014-10-28,286.0,281.0,280.0,280.0,45000.0,1,WTK
2014-10-28,286.0,286.0,286.0,286.0,0.0,0,WTK
2014-10-29,286.0,286.0,286.0,286.0,0.0,0,WTK
2014-10-29,280.0,280.0,280.0,280.0,0.0,1,WTK
2014-10-30,286.0,286.0,286.0,286.0,0.0,0,WTK
2014-10-30,280.0,280.0,280.0,280.0,100.0,1,WTK
2014-10-31,286.0,286.0,286.0,286.0,0.0,0,WTK
2014-10-31,280.0,280.0,280.0,280.0,0.0,1,WTK
2014-11-03,280.0,280.0,280.0,280.0,0.0,1,WTK
2014-11-03,286.0,286.0,286.0,286.0,0.0,0,WTK
2014-11-04,280.0,280.0,280.0,280.0,0.0,1,WTK
2014-11-04,286.0,286.0,286.0,286.0,0.0,0,WTK
2014-11-05,286.0,286.0,286.0,286.0,0.0,0,WTK
2014-11-05,280.0,280.0,280.0,280.0,0.0,1,WTK
2014-11-06,286.0,286.0,286.0,286.0,0.0,0,WTK
2014-11-06,280.0,285.0,280.0,280.0,8800.0,1,WTK
2014-11-07,280.0,280.0,280.0,280.0,0.0,1,WTK
2014-11-07,286.0,286.0,286.0,286.0,0.0,0,WTK
2014-11-10,280.0,280.0,280.0,280.0,0.0,1,WTK
2014-11-10,286.0,286.0,286.0,286.0,0.0,0,WTK
2014-11-11,280.0,280.0,280.0,280.0,0.0,1,WTK
2014-11-11,286.0,286.0,286.0,286.0,0.0,0,WTK
2014-11-12,280.0,280.0,280.0,280.0,0.0,1,WTK
2014-11-12,286.0,286.0,286.0,286.0,0.0,0,WTK
2014-11-13,286.0,286.0,286.0,286.0,0.0,0,WTK
2014-11-13,280.0,280.0,280.0,280.0,0.0,1,WTK
2014-11-14,280.0,300.0,280.0,300.0,200.0,0,WTK
2014-11-17,300.0,300.0,300.0,300.0,0.0,0,WTK
2014-11-17,300.0,280.0,280.0,280.0,100.0,1,WTK
2014-11-18,300.0,300.0,300.0,300.0,0.0,0,WTK
2014-11-18,280.0,280.0,280.0,280.0,0.0,1,WTK
2014-11-19,280.0,280.0,280.0,280.0,0.0,1,WTK
2014-11-19,300.0,300.0,300.0,300.0,0.0,0,WTK
2014-11-20,280.0,280.0,280.0,280.0,0.0,1,WTK
2014-11-20,300.0,300.0,300.0,300.0,0.0,0,WTK
2014-11-21,300.0,300.0,300.0,300.0,0.0,0,WTK
2014-11-21,280.0,280.0,280.0,280.0,100.0,1,WTK
2014-11-24,280.0,280.0,265.0,265.0,1200.0,0,WTK
2014-11-25,265.0,279.0,278.0,278.0,6700.0,1,WTK
2014-11-25,265.0,265.0,265.0,265.0,0.0,0,WTK
2014-11-26,265.0,265.0,265.0,265.0,0.0,0,WTK
2014-11-26,278.0,278.0,278.0,278.0,0.0,1,WTK
2014-11-27,278.0,278.0,278.0,278.0,0.0,1,WTK
2014-11-27,265.0,265.0,265.0,265.0,0.0,0,WTK
2014-11-28,265.0,265.0,265.0,265.0,0.0,0,WTK
2014-11-28,278.0,278.0,278.0,278.0,0.0,1,WTK
2014-12-01,278.0,278.0,278.0,278.0,0.0,1,WTK
2014-12-01,265.0,265.0,265.0,265.0,0.0,0,WTK
2014-12-02,278.0,278.0,278.0,278.0,0.0,1,WTK
2014-12-02,265.0,265.0,265.0,265.0,0.0,0,WTK
2014-12-03,265.0,265.0,265.0,265.0,0.0,0,WTK
2014-12-03,278.0,278.0,278.0,278.0,0.0,1,WTK
2014-12-04,278.0,260.0,252.0,253.0,3700.0,1,WTK
2014-12-04,265.0,265.0,265.0,265.0,0.0,0,WTK
2014-12-05,253.0,253.0,253.0,253.0,0.0,0,WTK
2014-12-08,253.0,253.0,253.0,253.0,0.0,1,WTK
2014-12-08,253.0,253.0,253.0,253.0,0.0,0,WTK
2014-12-09,253.0,274.0,253.0,273.0,5700.0,0,WTK
2014-12-10,273.0,275.0,270.0,273.0,6100.0,0,WTK
2014-12-11,273.0,277.0,270.0,276.0,1100.0,0,WTK
2014-12-12,276.0,276.0,276.0,276.0,0.0,0,WTK
2014-12-12,273.0,277.0,270.0,276.0,1100.0,1,WTK
2014-12-15,276.0,278.0,276.0,278.0,1700.0,0,WTK
2014-12-16,278.0,279.0,278.0,278.0,1600.0,0,WTK
2014-12-17,278.0,278.0,275.0,275.0,500.0,0,WTK
2014-12-18,275.0,275.0,271.0,271.0,230200.0,0,WTK
2014-12-19,271.0,275.0,271.0,274.0,1000.0,0,WTK
2014-12-22,274.0,275.0,260.0,262.0,9700.0,0,WTK
2014-12-23,262.0,242.0,240.0,240.0,10300.0,1,WTK
2014-12-23,262.0,262.0,262.0,262.0,0.0,0,WTK
2014-12-24,262.0,262.0,262.0,262.0,0.0,0,WTK
2014-12-24,240.0,240.0,240.0,240.0,0.0,1,WTK
2014-12-25,262.0,262.0,262.0,262.0,0.0,0,WTK
2014-12-25,240.0,240.0,240.0,240.0,0.0,1,WTK
2014-12-26,262.0,262.0,262.0,262.0,0.0,0,WTK
2014-12-26,240.0,240.0,240.0,240.0,0.0,1,WTK
2014-12-29,240.0,264.0,240.0,260.0,2800.0,0,WTK
2014-12-30,260.0,260.0,260.0,260.0,100.0,0,WTK
2014-12-31,260.0,260.0,260.0,260.0,0.0,0,WTK
2014-12-31,260.0,250.0,240.0,248.0,26500.0,1,WTK
2015-01-01,260.0,260.0,260.0,260.0,0.0,0,WTK
2015-01-01,260.0,250.0,240.0,248.0,26500.0,1,WTK
2015-01-02,248.0,248.0,248.0,248.0,0.0,1,WTK
2015-01-02,260.0,260.0,260.0,260.0,0.0,0,WTK
2015-01-05,248.0,248.0,248.0,248.0,0.0,1,WTK
2015-01-05,260.0,260.0,260.0,260.0,0.0,0,WTK
2015-01-06,248.0,248.0,248.0,248.0,0.0,1,WTK
2015-01-06,260.0,260.0,260.0,260.0,0.0,0,WTK
2015-01-07,248.0,250.0,245.0,249.0,17800.0,0,WTK
2015-01-08,249.0,250.0,249.0,250.0,300.0,0,WTK
2015-01-09,250.0,250.0,250.0,250.0,0.0,0,WTK
2015-01-12,250.0,275.0,250.0,275.0,200.0,0,WTK
2015-01-13,275.0,275.0,275.0,275.0,0.0,0,WTK
2015-01-13,275.0,302.0,275.0,281.0,400.0,1,WTK
2015-01-14,275.0,275.0,275.0,275.0,0.0,0,WTK
2015-01-14,281.0,281.0,281.0,281.0,0.0,1,WTK
2015-01-15,275.0,275.0,275.0,275.0,0.0,0,WTK
2015-01-15,281.0,281.0,281.0,281.0,1300.0,1,WTK
2015-01-16,281.0,281.0,281.0,281.0,1000.0,1,WTK
2015-01-16,275.0,275.0,275.0,275.0,0.0,0,WTK
2015-01-19,281.0,309.0,309.0,309.0,100.0,1,WTK
2015-01-19,275.0,275.0,275.0,275.0,0.0,0,WTK
2015-01-20,309.0,309.0,309.0,309.0,0.0,0,WTK
2015-01-21,309.0,309.0,309.0,309.0,0.0,0,WTK
2015-01-21,309.0,309.0,309.0,309.0,0.0,1,WTK
2015-01-22,309.0,309.0,290.0,290.0,7600.0,0,WTK
2015-01-23,290.0,290.0,290.0,290.0,0.0,0,WTK
2015-01-26,290.0,300.0,300.0,300.0,1200.0,1,WTK
2015-01-26,290.0,290.0,290.0,290.0,0.0,0,WTK
2015-01-27,290.0,290.0,290.0,290.0,0.0,0,WTK
2015-01-27,300.0,300.0,300.0,300.0,0.0,1,WTK
2015-01-28,300.0,300.0,300.0,300.0,0.0,1,WTK
2015-01-28,290.0,290.0,290.0,290.0,0.0,0,WTK
2015-01-29,300.0,300.0,300.0,300.0,0.0,1,WTK
2015-01-29,290.0,290.0,290.0,290.0,0.0,0,WTK
2015-01-30,300.0,300.0,298.0,298.0,200.0,0,WTK
2015-02-02,298.0,298.0,298.0,298.0,0.0,0,WTK
2015-02-03,298.0,290.0,290.0,290.0,1600.0,1,WTK
2015-02-03,298.0,298.0,298.0,298.0,0.0,0,WTK
2015-02-04,298.0,298.0,298.0,298.0,0.0,0,WTK
2015-02-04,290.0,290.0,290.0,290.0,0.0,1,WTK
2015-02-05,298.0,298.0,298.0,298.0,0.0,0,WTK
2015-02-05,290.0,290.0,290.0,290.0,0.0,1,WTK
2015-02-06,298.0,298.0,298.0,298.0,0.0,0,WTK
2015-02-06,290.0,290.0,290.0,290.0,0.0,1,WTK
2015-02-09,290.0,290.0,290.0,290.0,0.0,1,WTK
2015-02-09,298.0,298.0,298.0,298.0,0.0,0,WTK
2015-02-10,290.0,300.0,300.0,300.0,6000.0,1,WTK
2015-02-10,298.0,298.0,298.0,298.0,0.0,0,WTK
2015-02-11,300.0,300.0,300.0,300.0,0.0,1,WTK
2015-02-11,298.0,298.0,298.0,298.0,0.0,0,WTK
2015-02-12,300.0,300.0,300.0,300.0,0.0,1,WTK
2015-02-12,298.0,298.0,298.0,298.0,0.0,0,WTK
2015-02-13,300.0,300.0,300.0,300.0,0.0,1,WTK
2015-02-13,298.0,298.0,298.0,298.0,0.0,0,WTK
2015-02-16,298.0,298.0,298.0,298.0,0.0,0,WTK
2015-02-16,300.0,300.0,300.0,300.0,0.0,1,WTK
2015-02-17,298.0,298.0,298.0,298.0,0.0,0,WTK
2015-02-17,300.0,300.0,300.0,300.0,0.0,1,WTK
2015-02-18,300.0,300.0,300.0,300.0,0.0,1,WTK
2015-02-18,298.0,298.0,298.0,298.0,0.0,0,WTK
2015-02-19,298.0,298.0,298.0,298.0,0.0,0,WTK
2015-02-19,300.0,300.0,300.0,300.0,300.0,1,WTK
2015-02-20,298.0,298.0,298.0,298.0,0.0,0,WTK
2015-02-20,300.0,300.0,300.0,300.0,0.0,1,WTK
2015-02-23,300.0,300.0,300.0,300.0,0.0,1,WTK
2015-02-23,298.0,298.0,298.0,298.0,0.0,0,WTK
2015-02-24,300.0,300.0,300.0,300.0,0.0,1,WTK
2015-02-24,298.0,298.0,298.0,298.0,0.0,0,WTK
2015-02-25,300.0,300.0,300.0,300.0,0.0,1,WTK
2015-02-25,298.0,298.0,298.0,298.0,0.0,0,WTK
2015-02-26,298.0,298.0,298.0,298.0,0.0,0,WTK
2015-02-26,300.0,300.0,300.0,300.0,0.0,1,WTK
2015-02-27,298.0,298.0,298.0,298.0,0.0,0,WTK
2015-02-27,300.0,300.0,300.0,300.0,0.0,1,WTK
2015-03-02,300.0,300.0,300.0,300.0,0.0,1,WTK
2015-03-02,298.0,298.0,298.0,298.0,0.0,0,WTK
2015-03-03,300.0,300.0,300.0,300.0,0.0,1,WTK
2015-03-03,298.0,298.0,298.0,298.0,0.0,0,WTK
2015-03-04,298.0,298.0,298.0,298.0,0.0,0,WTK
2015-03-04,300.0,283.0,271.0,274.0,400.0,1,WTK
2015-03-05,298.0,298.0,298.0,298.0,0.0,0,WTK
2015-03-05,274.0,274.0,274.0,274.0,0.0,1,WTK
2015-03-06,274.0,274.0,274.0,274.0,0.0,1,WTK
2015-03-06,298.0,298.0,298.0,298.0,0.0,0,WTK
2015-03-09,298.0,298.0,298.0,298.0,0.0,0,WTK
2015-03-09,274.0,274.0,274.0,274.0,0.0,1,WTK
2015-03-10,298.0,298.0,298.0,298.0,0.0,0,WTK
2015-03-10,274.0,274.0,274.0,274.0,0.0,1,WTK
2015-03-11,274.0,292.0,274.0,284.0,500.0,1,WTK
2015-03-11,298.0,298.0,298.0,298.0,0.0,0,WTK
2015-03-12,298.0,298.0,298.0,298.0,0.0,0,WTK
2015-03-12,284.0,284.0,284.0,284.0,0.0,1,WTK
2015-03-13,298.0,298.0,298.0,298.0,0.0,0,WTK
2015-03-13,284.0,284.0,284.0,284.0,0.0,1,WTK
2015-03-16,298.0,298.0,298.0,298.0,0.0,0,WTK
2015-03-16,284.0,284.0,284.0,284.0,0.0,1,WTK
2015-03-17,298.0,298.0,298.0,298.0,0.0,0,WTK
2015-03-17,284.0,284.0,284.0,284.0,0.0,1,WTK
2015-03-18,284.0,284.0,284.0,284.0,0.0,1,WTK
2015-03-18,298.0,298.0,298.0,298.0,0.0,0,WTK
2015-03-19,298.0,298.0,298.0,298.0,0.0,0,WTK
2015-03-19,284.0,284.0,284.0,284.0,0.0,1,WTK
2015-03-20,298.0,298.0,298.0,298.0,0.0,0,WTK
2015-03-20,284.0,284.0,284.0,284.0,0.0,1,WTK
2015-03-23,298.0,298.0,298.0,298.0,0.0,0,WTK
2015-03-23,284.0,261.0,261.0,261.0,4100.0,1,WTK
2015-03-24,298.0,298.0,298.0,298.0,0.0,0,WTK
2015-03-24,261.0,261.0,261.0,261.0,0.0,1,WTK
2015-03-25,261.0,262.0,261.0,261.0,2300.0,1,WTK
2015-03-25,298.0,298.0,298.0,298.0,0.0,0,WTK
2015-03-26,298.0,298.0,298.0,298.0,0.0,0,WTK
2015-03-26,261.0,261.0,261.0,261.0,500.0,1,WTK
2015-03-27,298.0,298.0,298.0,298.0,0.0,0,WTK
2015-03-27,261.0,287.0,287.0,287.0,200.0,1,WTK
2015-03-30,287.0,287.0,287.0,287.0,0.0,0,WTK
2015-03-31,287.0,287.0,287.0,287.0,0.0,0,WTK
2015-03-31,287.0,287.0,287.0,287.0,0.0,1,WTK
2015-04-01,287.0,287.0,287.0,287.0,0.0,0,WTK
2015-04-01,287.0,280.0,280.0,280.0,8700.0,1,WTK
2015-04-02,280.0,280.0,280.0,280.0,9500.0,1,WTK
2015-04-02,287.0,287.0,287.0,287.0,0.0,0,WTK
2015-04-03,280.0,280.0,280.0,280.0,9500.0,1,WTK
2015-04-03,287.0,287.0,287.0,287.0,0.0,0,WTK
2015-04-06,287.0,287.0,287.0,287.0,0.0,0,WTK
2015-04-06,280.0,280.0,280.0,280.0,9500.0,1,WTK
2015-04-07,280.0,280.0,280.0,280.0,20000.0,1,WTK
2015-04-07,287.0,287.0,287.0,287.0,0.0,0,WTK
2015-04-08,280.0,280.0,280.0,280.0,0.0,1,WTK
2015-04-08,287.0,287.0,287.0,287.0,0.0,0,WTK
2015-04-09,280.0,280.0,280.0,280.0,0.0,1,WTK
2015-04-09,287.0,287.0,287.0,287.0,0.0,0,WTK
2015-04-10,287.0,287.0,287.0,287.0,0.0,0,WTK
2015-04-10,280.0,280.0,280.0,280.0,0.0,1,WTK
2015-04-13,287.0,287.0,287.0,287.0,0.0,0,WTK
2015-04-13,280.0,280.0,280.0,280.0,0.0,1,WTK
2015-04-14,280.0,280.0,280.0,280.0,0.0,1,WTK
2015-04-14,287.0,287.0,287.0,287.0,0.0,0,WTK
2015-04-15,280.0,278.0,278.0,278.0,3000.0,1,WTK
2015-04-15,287.0,287.0,287.0,287.0,0.0,0,WTK
2015-04-16,287.0,287.0,287.0,287.0,0.0,0,WTK
2015-04-16,278.0,278.0,278.0,278.0,200.0,1,WTK
2015-04-17,278.0,278.0,278.0,278.0,0.0,1,WTK
2015-04-17,287.0,287.0,287.0,287.0,0.0,0,WTK
2015-04-20,278.0,278.0,278.0,278.0,0.0,1,WTK
2015-04-20,287.0,287.0,287.0,287.0,0.0,0,WTK
2015-04-21,287.0,287.0,287.0,287.0,0.0,0,WTK
2015-04-21,278.0,278.0,278.0,278.0,0.0,1,WTK
2015-04-22,278.0,278.0,278.0,278.0,0.0,1,WTK
2015-04-22,287.0,287.0,287.0,287.0,0.0,0,WTK
2015-04-23,278.0,280.0,280.0,280.0,2200.0,1,WTK
2015-04-23,287.0,287.0,287.0,287.0,0.0,0,WTK
2015-04-24,280.0,280.0,280.0,280.0,0.0,1,WTK
2015-04-24,287.0,287.0,287.0,287.0,0.0,0,WTK
2015-04-27,280.0,280.0,280.0,280.0,0.0,1,WTK
2015-04-27,287.0,287.0,287.0,287.0,0.0,0,WTK
2015-04-28,280.0,280.0,280.0,280.0,0.0,1,WTK
2015-04-28,287.0,287.0,287.0,287.0,0.0,0,WTK
2015-04-29,287.0,287.0,287.0,287.0,0.0,0,WTK
2015-04-29,280.0,280.0,280.0,280.0,0.0,1,WTK
2015-04-30,280.0,280.0,280.0,280.0,0.0,1,WTK
2015-04-30,287.0,287.0,287.0,287.0,0.0,0,WTK
2015-05-01,287.0,287.0,287.0,287.0,0.0,0,WTK
2015-05-01,280.0,280.0,280.0,280.0,0.0,1,WTK
2015-05-04,280.0,280.0,280.0,280.0,0.0,1,WTK
2015-05-04,287.0,287.0,287.0,287.0,0.0,0,WTK
2015-05-05,287.0,287.0,287.0,287.0,0.0,0,WTK
2015-05-05,280.0,275.0,273.0,274.0,16500.0,1,WTK
2015-05-06,287.0,287.0,287.0,287.0,0.0,0,WTK
2015-05-06,274.0,274.0,274.0,274.0,0.0,1,WTK
2015-05-07,287.0,287.0,287.0,287.0,0.0,0,WTK
2015-05-07,274.0,274.0,274.0,274.0,0.0,1,WTK
2015-05-08,287.0,287.0,287.0,287.0,0.0,0,WTK
2015-05-08,274.0,274.0,274.0,274.0,0.0,1,WTK
2015-05-11,287.0,287.0,287.0,287.0,0.0,0,WTK
2015-05-11,172.0,274.0,274.0,274.0,0.0,1,WTK
2015-05-12,274.0,274.0,274.0,274.0,0.0,1,WTK
2015-05-12,287.0,287.0,287.0,287.0,0.0,0,WTK
2015-05-13,287.0,287.0,287.0,287.0,0.0,0,WTK
2015-05-13,274.0,274.0,274.0,274.0,0.0,1,WTK
2015-05-14,287.0,287.0,287.0,287.0,0.0,0,WTK
2015-05-14,274.0,274.0,274.0,274.0,0.0,1,WTK
2015-05-15,287.0,287.0,287.0,287.0,0.0,0,WTK
2015-05-15,274.0,274.0,274.0,274.0,0.0,1,WTK
2015-05-18,274.0,274.0,274.0,274.0,0.0,1,WTK
2015-05-18,287.0,287.0,287.0,287.0,0.0,0,WTK
2015-05-19,274.0,274.0,274.0,274.0,0.0,1,WTK
2015-05-19,287.0,287.0,287.0,287.0,0.0,0,WTK
2015-05-20,287.0,287.0,287.0,287.0,0.0,0,WTK
2015-05-20,274.0,274.0,274.0,274.0,0.0,1,WTK
2015-05-21,287.0,287.0,287.0,287.0,0.0,0,WTK
2015-05-21,274.0,274.0,274.0,274.0,0.0,1,WTK
2015-05-22,274.0,274.0,274.0,274.0,0.0,1,WTK
2015-05-22,287.0,287.0,287.0,287.0,0.0,0,WTK
2015-05-25,287.0,287.0,287.0,287.0,0.0,0,WTK
2015-05-25,274.0,274.0,274.0,274.0,0.0,1,WTK
2015-05-26,287.0,287.0,287.0,287.0,0.0,0,WTK
2015-05-26,274.0,274.0,274.0,274.0,0.0,1,WTK
2015-05-27,287.0,287.0,287.0,287.0,0.0,0,WTK
2015-05-27,274.0,274.0,274.0,274.0,0.0,1,WTK
2015-05-28,274.0,274.0,274.0,274.0,0.0,1,WTK
2015-05-28,287.0,287.0,287.0,287.0,0.0,0,WTK
2015-05-29,287.0,287.0,287.0,287.0,0.0,0,WTK
2015-05-29,274.0,274.0,274.0,274.0,0.0,1,WTK
2015-06-01,274.0,274.0,274.0,274.0,0.0,1,WTK
2015-06-01,287.0,287.0,287.0,287.0,0.0,0,WTK
2015-06-02,274.0,274.0,274.0,274.0,0.0,1,WTK
2015-06-02,287.0,287.0,287.0,287.0,0.0,0,WTK
2015-06-03,287.0,287.0,287.0,287.0,0.0,0,WTK
2015-06-03,274.0,274.0,274.0,274.0,400.0,1,WTK
2015-06-04,287.0,287.0,287.0,287.0,0.0,0,WTK
2015-06-04,274.0,270.0,270.0,270.0,500.0,1,WTK
2015-06-05,287.0,287.0,287.0,287.0,0.0,0,WTK
2015-06-05,270.0,270.0,270.0,270.0,500.0,1,WTK
2015-06-08,287.0,287.0,287.0,287.0,0.0,0,WTK
2015-06-08,270.0,270.0,270.0,270.0,0.0,1,WTK
2015-06-09,270.0,270.0,270.0,270.0,0.0,1,WTK
2015-06-09,287.0,287.0,287.0,287.0,0.0,0,WTK
2015-06-10,287.0,287.0,287.0,287.0,0.0,0,WTK
2015-06-10,270.0,270.0,270.0,270.0,0.0,1,WTK
2015-06-11,270.0,270.0,265.0,265.0,100.0,0,WTK
2015-06-12,265.0,265.0,265.0,265.0,0.0,0,WTK
2015-06-15,265.0,350.0,265.0,345.0,14500.0,0,WTK
2015-06-16,345.0,362.0,345.0,360.0,9400.0,0,WTK
2015-06-17,360.0,396.0,360.0,363.0,7400.0,0,WTK
2015-06-18,363.0,370.0,363.0,365.0,500.0,0,WTK
2015-06-19,365.0,400.0,365.0,394.0,17100.0,0,WTK
2015-06-22,394.0,400.0,390.0,399.0,4700.0,0,WTK
2015-06-23,399.0,400.0,399.0,399.0,6500.0,0,WTK
2015-06-24,399.0,435.0,399.0,404.0,14300.0,0,WTK
2015-06-25,404.0,425.0,404.0,415.0,3500.0,0,WTK
2015-06-26,415.0,425.0,415.0,418.0,3500.0,0,WTK
2015-06-29,418.0,420.0,406.0,414.0,3400.0,0,WTK
2015-06-30,414.0,420.0,402.0,414.0,1100.0,0,WTK
2015-07-01,414.0,414.0,358.0,366.0,1500.0,0,WTK
2015-07-02,366.0,366.0,345.0,347.0,2800.0,0,WTK
2015-07-03,347.0,350.0,340.0,348.0,600.0,0,WTK
2015-07-06,348.0,348.0,348.0,348.0,0.0,0,WTK
2015-07-06,348.0,380.0,350.0,368.0,1800.0,1,WTK
2015-07-07,368.0,368.0,368.0,368.0,0.0,0,WTK
2015-07-08,368.0,368.0,368.0,368.0,0.0,0,WTK
2015-07-08,368.0,368.0,368.0,368.0,0.0,1,WTK
2015-07-09,368.0,399.0,332.0,386.0,1300.0,0,WTK
2015-07-10,368.0,399.0,332.0,386.0,1300.0,1,WTK
2015-07-10,386.0,386.0,386.0,386.0,0.0,0,WTK
2015-07-13,386.0,399.0,386.0,399.0,1000.0,0,WTK
2015-07-14,399.0,399.0,397.0,397.0,1000.0,0,WTK
2015-07-15,397.0,397.0,397.0,397.0,0.0,0,WTK
2015-07-15,397.0,397.0,375.0,380.0,1300.0,1,WTK
2015-07-16,380.0,380.0,380.0,380.0,100.0,0,WTK
2015-07-17,380.0,380.0,380.0,380.0,0.0,1,WTK
2015-07-17,380.0,380.0,380.0,380.0,0.0,0,WTK
2015-07-20,380.0,380.0,375.0,375.0,300.0,0,WTK
2015-07-21,375.0,390.0,375.0,390.0,200.0,0,WTK
2015-07-22,390.0,400.0,390.0,400.0,300.0,0,WTK
2015-07-23,400.0,400.0,400.0,400.0,1000.0,0,WTK
2015-07-24,400.0,400.0,390.0,390.0,100.0,0,WTK
2015-07-27,390.0,400.0,375.0,392.0,1400.0,0,WTK
2015-07-28,392.0,396.0,392.0,396.0,1000.0,0,WTK
2015-07-29,396.0,399.0,396.0,399.0,1000.0,0,WTK
2015-07-30,399.0,399.0,395.0,395.0,2700.0,0,WTK
2015-07-31,395.0,398.0,395.0,397.0,500.0,0,WTK
2015-08-03,397.0,397.0,395.0,395.0,100.0,0,WTK
2015-08-04,395.0,395.0,390.0,390.0,1000.0,0,WTK
2015-08-05,390.0,390.0,390.0,390.0,0.0,0,WTK
2015-08-06,390.0,395.0,390.0,395.0,1000.0,0,WTK
2015-08-07,395.0,395.0,395.0,395.0,200.0,0,WTK
2015-08-10,395.0,395.0,394.0,394.0,1000.0,0,WTK
2015-08-11,394.0,395.0,394.0,394.0,2500.0,0,WTK
2015-08-12,394.0,395.0,395.0,395.0,500.0,1,WTK
2015-08-12,394.0,394.0,394.0,394.0,0.0,0,WTK
2015-08-13,394.0,394.0,394.0,394.0,0.0,0,WTK
2015-08-13,395.0,395.0,395.0,395.0,0.0,1,WTK
2015-08-14,394.0,394.0,394.0,394.0,0.0,0,WTK
2015-08-14,395.0,395.0,395.0,395.0,0.0,1,WTK
2015-08-17,395.0,395.0,395.0,395.0,500.0,1,WTK
2015-08-17,394.0,394.0,394.0,394.0,0.0,0,WTK
2015-08-18,395.0,400.0,395.0,396.0,700.0,0,WTK
2015-08-19,396.0,396.0,395.0,395.0,400.0,0,WTK
2015-08-20,395.0,400.0,395.0,400.0,500.0,0,WTK
2015-08-21,400.0,400.0,399.0,399.0,100.0,0,WTK
2015-08-24,399.0,400.0,400.0,400.0,1000.0,1,WTK
2015-08-24,399.0,399.0,399.0,399.0,0.0,0,WTK
2015-08-25,399.0,399.0,399.0,399.0,0.0,0,WTK
2015-08-25,400.0,400.0,400.0,400.0,0.0,1,WTK
2015-08-26,399.0,399.0,399.0,399.0,0.0,0,WTK
2015-08-26,400.0,400.0,400.0,400.0,0.0,1,WTK
2015-08-27,400.0,400.0,400.0,400.0,0.0,1,WTK
2015-08-27,399.0,399.0,399.0,399.0,0.0,0,WTK
2015-08-28,400.0,399.0,398.0,398.0,500.0,1,WTK
2015-08-28,399.0,399.0,399.0,399.0,0.0,0,WTK
2015-08-31,398.0,398.0,398.0,398.0,0.0,1,WTK
2015-08-31,399.0,399.0,399.0,399.0,0.0,0,WTK
2015-09-01,399.0,399.0,399.0,399.0,0.0,0,WTK
2015-09-01,398.0,399.0,398.0,398.0,400.0,1,WTK
2015-09-02,399.0,399.0,399.0,399.0,0.0,0,WTK
2015-09-02,398.0,398.0,398.0,398.0,0.0,1,WTK
2015-09-03,398.0,399.0,398.0,399.0,300.0,0,WTK
2015-09-04,399.0,399.0,399.0,399.0,0.0,0,WTK
2015-09-04,399.0,398.0,380.0,389.0,200.0,1,WTK
2015-09-07,399.0,399.0,399.0,399.0,0.0,0,WTK
2015-09-07,389.0,389.0,389.0,389.0,0.0,1,WTK
2015-09-08,399.0,399.0,399.0,399.0,0.0,0,WTK
2015-09-08,389.0,389.0,389.0,389.0,0.0,1,WTK
2015-09-09,399.0,399.0,399.0,399.0,0.0,0,WTK
2015-09-09,389.0,389.0,389.0,389.0,0.0,1,WTK
2015-09-10,399.0,399.0,399.0,399.0,0.0,0,WTK
2015-09-10,389.0,389.0,389.0,389.0,0.0,1,WTK
2015-09-11,389.0,389.0,351.0,370.0,300.0,0,WTK
2015-09-14,370.0,370.0,370.0,370.0,0.0,0,WTK
2015-09-15,370.0,370.0,345.0,345.0,200.0,0,WTK
2015-09-16,345.0,345.0,330.0,335.0,3000.0,0,WTK
2015-09-17,335.0,335.0,330.0,334.0,500.0,0,WTK
2015-09-18,334.0,334.0,334.0,334.0,0.0,0,WTK
2015-09-21,334.0,367.0,334.0,367.0,100.0,0,WTK
2015-09-22,367.0,367.0,367.0,367.0,0.0,0,WTK
2015-09-23,367.0,367.0,331.0,336.0,1300.0,0,WTK
2015-09-24,336.0,336.0,336.0,336.0,0.0,0,WTK
2015-09-24,336.0,369.0,369.0,369.0,100.0,1,WTK
2015-09-25,369.0,369.0,369.0,369.0,0.0,0,WTK
2015-09-28,369.0,369.0,369.0,369.0,0.0,1,WTK
2015-09-28,369.0,369.0,369.0,369.0,0.0,0,WTK
2015-09-29,369.0,370.0,369.0,370.0,1500.0,0,WTK
2015-09-30,370.0,370.0,350.0,361.0,1700.0,0,WTK
2015-10-01,361.0,350.0,340.0,349.0,2100.0,1,WTK
2015-10-01,361.0,361.0,361.0,361.0,0.0,0,WTK
2015-10-02,361.0,361.0,361.0,361.0,0.0,0,WTK
2015-10-02,349.0,349.0,349.0,349.0,15000.0,1,WTK
2015-10-05,361.0,361.0,361.0,361.0,0.0,0,WTK
2015-10-05,349.0,349.0,349.0,349.0,0.0,1,WTK
2015-10-06,349.0,349.0,349.0,349.0,0.0,1,WTK
2015-10-06,361.0,361.0,361.0,361.0,0.0,0,WTK
2015-10-07,349.0,370.0,349.0,370.0,800.0,0,WTK
2015-10-08,370.0,397.0,395.0,396.0,200.0,1,WTK
2015-10-08,370.0,370.0,370.0,370.0,0.0,0,WTK
2015-10-09,370.0,370.0,370.0,370.0,0.0,0,WTK
2015-10-09,396.0,396.0,396.0,396.0,0.0,1,WTK
2015-10-12,370.0,370.0,370.0,370.0,0.0,0,WTK
2015-10-12,396.0,396.0,396.0,396.0,0.0,1,WTK
2015-10-13,370.0,370.0,370.0,370.0,0.0,0,WTK
2015-10-13,396.0,396.0,396.0,396.0,0.0,1,WTK
2015-10-14,396.0,392.0,385.0,389.0,1100.0,1,WTK
2015-10-14,370.0,370.0,370.0,370.0,0.0,0,WTK
2015-10-15,389.0,389.0,389.0,389.0,0.0,1,WTK
2015-10-15,370.0,370.0,370.0,370.0,0.0,0,WTK
2015-10-16,370.0,370.0,370.0,370.0,0.0,0,WTK
2015-10-16,389.0,389.0,389.0,389.0,0.0,1,WTK
2015-10-19,370.0,370.0,370.0,370.0,0.0,0,WTK
2015-10-19,389.0,389.0,389.0,389.0,0.0,1,WTK
2015-10-20,370.0,370.0,370.0,370.0,0.0,0,WTK
2015-10-20,389.0,389.0,389.0,389.0,0.0,1,WTK
2015-10-21,389.0,389.0,389.0,389.0,0.0,1,WTK
2015-10-21,370.0,370.0,370.0,370.0,0.0,0,WTK
2015-10-22,370.0,370.0,370.0,370.0,0.0,0,WTK
2015-10-22,389.0,389.0,389.0,389.0,0.0,1,WTK
2015-10-23,389.0,389.0,351.0,351.0,100.0,0,WTK
2015-10-26,351.0,351.0,351.0,351.0,0.0,0,WTK
2015-10-27,351.0,360.0,351.0,360.0,100.0,0,WTK
2015-10-28,360.0,360.0,360.0,360.0,0.0,0,WTK
2015-10-28,360.0,358.0,350.0,357.0,1100.0,1,WTK
2015-10-29,357.0,357.0,357.0,357.0,0.0,1,WTK
2015-10-29,360.0,360.0,360.0,360.0,0.0,0,WTK
2015-10-30,360.0,360.0,360.0,360.0,0.0,0,WTK
2015-10-30,357.0,357.0,357.0,357.0,0.0,1,WTK
2015-11-02,357.0,357.0,357.0,357.0,0.0,1,WTK
2015-11-02,360.0,360.0,360.0,360.0,0.0,0,WTK
2015-11-03,357.0,369.0,350.0,359.0,1000.0,1,WTK
2015-11-03,360.0,360.0,360.0,360.0,0.0,0,WTK
2015-11-04,360.0,360.0,360.0,360.0,0.0,0,WTK
2015-11-04,359.0,359.0,359.0,359.0,0.0,1,WTK
2015-11-05,359.0,359.0,359.0,359.0,0.0,1,WTK
2015-11-05,360.0,360.0,360.0,360.0,0.0,0,WTK
2015-11-06,359.0,359.0,359.0,359.0,0.0,1,WTK
2015-11-06,360.0,360.0,360.0,360.0,0.0,0,WTK
2015-11-09,359.0,360.0,360.0,360.0,500.0,1,WTK
2015-11-09,360.0,360.0,360.0,360.0,0.0,0,WTK
2015-11-10,360.0,360.0,360.0,360.0,0.0,0,WTK
2015-11-11,360.0,360.0,360.0,360.0,0.0,1,WTK
2015-11-11,360.0,360.0,360.0,360.0,0.0,0,WTK
2015-11-12,360.0,360.0,350.0,350.0,500.0,0,WTK
2015-11-13,350.0,350.0,350.0,350.0,0.0,0,WTK
2015-11-16,350.0,360.0,350.0,355.0,400.0,0,WTK
2015-11-17,355.0,355.0,350.0,350.0,2000.0,0,WTK
2015-11-18,350.0,360.0,350.0,360.0,25000.0,0,WTK
2015-11-19,360.0,360.0,360.0,360.0,0.0,0,WTK
2015-11-19,360.0,370.0,360.0,361.0,1200.0,1,WTK
2015-11-20,361.0,361.0,361.0,361.0,0.0,1,WTK
2015-11-20,360.0,360.0,360.0,360.0,0.0,0,WTK
2015-11-23,360.0,360.0,360.0,360.0,0.0,0,WTK
2015-11-23,361.0,361.0,361.0,361.0,0.0,1,WTK
2015-11-24,361.0,361.0,361.0,361.0,0.0,1,WTK
2015-11-24,360.0,360.0,360.0,360.0,0.0,0,WTK
2015-11-25,361.0,341.0,341.0,341.0,200.0,1,WTK
2015-11-25,360.0,360.0,360.0,360.0,0.0,0,WTK
2015-11-26,360.0,360.0,360.0,360.0,0.0,0,WTK
2015-11-26,361.0,341.0,341.0,341.0,200.0,1,WTK
2015-11-27,360.0,360.0,360.0,360.0,0.0,0,WTK
2015-11-27,341.0,341.0,341.0,341.0,0.0,1,WTK
2015-11-30,360.0,360.0,360.0,360.0,0.0,0,WTK
2015-11-30,341.0,356.0,350.0,353.0,200.0,1,WTK
2015-12-01,353.0,353.0,353.0,353.0,0.0,0,WTK
2015-12-02,353.0,353.0,353.0,353.0,0.0,1,WTK
2015-12-02,353.0,353.0,353.0,353.0,0.0,0,WTK
2015-12-03,353.0,366.0,350.0,352.0,13300.0,1,WTK
2015-12-03,353.0,353.0,353.0,353.0,0.0,0,WTK
2015-12-04,352.0,352.0,352.0,352.0,0.0,0,WTK
2015-12-07,352.0,352.0,352.0,352.0,0.0,0,WTK
2015-12-07,352.0,352.0,352.0,352.0,0.0,1,WTK
2015-12-08,352.0,370.0,352.0,370.0,14700.0,0,WTK
2015-12-09,370.0,369.0,369.0,369.0,3000.0,1,WTK
2015-12-09,370.0,370.0,370.0,370.0,0.0,0,WTK
2015-12-10,369.0,369.0,369.0,369.0,0.0,1,WTK
2015-12-10,370.0,370.0,370.0,370.0,0.0,0,WTK
2015-12-11,370.0,370.0,370.0,370.0,0.0,0,WTK
2015-12-11,369.0,369.0,369.0,369.0,200.0,1,WTK
2015-12-14,369.0,369.0,369.0,369.0,0.0,1,WTK
2015-12-14,370.0,370.0,370.0,370.0,0.0,0,WTK
2015-12-15,370.0,370.0,370.0,370.0,0.0,0,WTK
2015-12-15,369.0,370.0,368.0,369.0,2000.0,1,WTK
2015-12-16,370.0,370.0,370.0,370.0,0.0,0,WTK
2015-12-16,369.0,369.0,369.0,369.0,0.0,1,WTK
2015-12-17,369.0,369.0,369.0,369.0,0.0,1,WTK
2015-12-17,370.0,370.0,370.0,370.0,0.0,0,WTK
2015-12-18,370.0,370.0,370.0,370.0,0.0,0,WTK
2015-12-18,369.0,369.0,369.0,369.0,0.0,1,WTK
2015-12-21,370.0,370.0,370.0,370.0,0.0,0,WTK
2015-12-21,369.0,400.0,400.0,400.0,1100.0,1,WTK
2015-12-22,400.0,400.0,400.0,400.0,400.0,0,WTK
2015-12-23,400.0,400.0,400.0,400.0,0.0,0,WTK
2015-12-23,400.0,400.0,400.0,400.0,0.0,1,WTK
2015-12-24,400.0,400.0,399.0,399.0,400.0,0,WTK
2015-12-25,400.0,400.0,399.0,399.0,400.0,1,WTK
2015-12-25,399.0,399.0,399.0,399.0,0.0,0,WTK
2015-12-28,399.0,400.0,399.0,400.0,100.0,0,WTK
2015-12-29,400.0,400.0,360.0,360.0,300.0,0,WTK
2015-12-30,360.0,396.0,365.0,384.0,500.0,1,WTK
2015-12-30,360.0,360.0,360.0,360.0,0.0,0,WTK
2015-12-31,384.0,384.0,384.0,384.0,0.0,0,WTK
2016-01-01,384.0,384.0,384.0,384.0,0.0,1,WTK
2016-01-01,384.0,384.0,384.0,384.0,0.0,0,WTK
2016-01-04,384.0,410.0,384.0,401.0,700.0,0,WTK
2016-01-05,401.0,401.0,390.0,398.0,4200.0,0,WTK
2016-01-06,398.0,400.0,390.0,397.0,2400.0,0,WTK
2016-01-07,397.0,400.0,371.0,389.0,4500.0,0,WTK
2016-01-08,389.0,400.0,380.0,392.0,1700.0,0,WTK
2016-01-11,392.0,392.0,299.0,318.0,13800.0,0,WTK
2016-01-12,318.0,318.0,287.0,287.0,200.0,0,WTK
2016-01-13,287.0,287.0,259.0,259.0,200.0,0,WTK
2016-01-14,259.0,259.0,259.0,259.0,0.0,0,WTK
2016-01-15,259.0,259.0,234.0,234.0,1500.0,0,WTK
2016-01-18,234.0,234.0,211.0,216.0,400.0,0,WTK
2016-01-19,216.0,216.0,200.0,200.0,100.0,0,WTK
2016-01-20,200.0,200.0,180.0,180.0,3200.0,0,WTK
2016-01-21,180.0,170.0,162.0,163.0,6100.0,1,WTK
2016-01-21,180.0,180.0,180.0,180.0,0.0,0,WTK
2016-01-22,163.0,163.0,163.0,163.0,0.0,0,WTK
2016-01-25,163.0,163.0,163.0,163.0,0.0,0,WTK
2016-01-25,163.0,163.0,163.0,163.0,0.0,1,WTK
2016-01-26,163.0,177.0,163.0,170.0,1900.0,0,WTK
2016-01-27,170.0,185.0,170.0,184.0,5600.0,0,WTK
2016-01-28,184.0,195.0,184.0,194.0,7000.0,0,WTK
2016-01-29,194.0,194.0,180.0,187.0,6300.0,0,WTK
2016-02-01,187.0,187.0,187.0,187.0,0.0,0,WTK
2016-02-01,194.0,194.0,180.0,187.0,6300.0,1,WTK
2016-02-02,187.0,200.0,200.0,200.0,300.0,1,WTK
2016-02-02,187.0,187.0,187.0,187.0,0.0,0,WTK
2016-02-03,200.0,200.0,200.0,200.0,1500.0,0,WTK
2016-02-04,200.0,200.0,200.0,200.0,0.0,0,WTK
2016-02-04,200.0,200.0,200.0,200.0,1000.0,1,WTK
2016-02-05,200.0,200.0,182.0,191.0,200.0,0,WTK
2016-02-08,191.0,200.0,191.0,197.0,300.0,0,WTK
2016-02-09,197.0,200.0,190.0,196.0,6300.0,0,WTK
2016-02-10,196.0,200.0,193.0,195.0,500.0,0,WTK
2016-02-11,195.0,195.0,186.0,189.0,3200.0,0,WTK
2016-02-12,189.0,200.0,189.0,200.0,100.0,0,WTK
2016-02-15,200.0,200.0,199.0,199.0,2100.0,0,WTK
2016-02-16,199.0,200.0,196.0,199.0,2300.0,0,WTK
2016-02-17,199.0,200.0,195.0,198.0,6000.0,0,WTK
2016-02-18,198.0,198.0,190.0,190.0,4300.0,0,WTK
2016-02-19,190.0,199.0,185.0,189.0,12200.0,0,WTK
2016-02-22,189.0,194.0,189.0,194.0,100.0,0,WTK
2016-02-23,194.0,194.0,193.0,193.0,500.0,0,WTK
2016-02-24,193.0,193.0,193.0,193.0,2100.0,0,WTK
2016-02-25,193.0,193.0,190.0,190.0,2900.0,0,WTK
2016-02-26,190.0,190.0,190.0,190.0,0.0,0,WTK
2016-02-29,190.0,193.0,186.0,189.0,3000.0,0,WTK
2016-03-01,189.0,190.0,185.0,185.0,1600.0,0,WTK
2016-03-02,185.0,185.0,185.0,185.0,600.0,0,WTK
2016-03-03,185.0,200.0,185.0,196.0,6500.0,0,WTK
2016-03-04,196.0,196.0,182.0,182.0,300.0,0,WTK
2016-03-07,182.0,199.0,182.0,199.0,100.0,0,WTK
2016-03-08,199.0,199.0,189.0,190.0,1700.0,0,WTK
2016-03-09,190.0,190.0,190.0,190.0,300.0,0,WTK
2016-03-10,190.0,195.0,190.0,194.0,6100.0,0,WTK
2016-03-11,194.0,194.0,190.0,191.0,900.0,0,WTK
2016-03-14,191.0,195.0,190.0,193.0,1200.0,0,WTK
2016-03-15,193.0,193.0,193.0,193.0,0.0,0,WTK
2016-03-16,193.0,193.0,190.0,191.0,300.0,0,WTK
2016-03-17,191.0,191.0,189.0,189.0,700.0,0,WTK
2016-03-18,189.0,189.0,188.0,188.0,800.0,0,WTK
2016-03-21,188.0,189.0,188.0,189.0,100.0,0,WTK
2016-03-22,189.0,189.0,189.0,189.0,0.0,0,WTK
2016-03-23,189.0,189.0,189.0,189.0,0.0,0,WTK
2016-03-23,189.0,189.0,186.0,186.0,5200.0,1,WTK
2016-03-24,189.0,189.0,189.0,189.0,0.0,0,WTK
2016-03-24,186.0,186.0,186.0,186.0,0.0,1,WTK
2016-03-25,189.0,189.0,189.0,189.0,0.0,0,WTK
2016-03-25,186.0,186.0,186.0,186.0,0.0,1,WTK
2016-03-28,189.0,189.0,189.0,189.0,0.0,0,WTK
2016-03-28,186.0,186.0,186.0,186.0,0.0,1,WTK
2016-03-29,186.0,186.0,185.0,185.0,2100.0,0,WTK
2016-03-30,185.0,185.0,181.0,184.0,8000.0,0,WTK
2016-03-31,184.0,185.0,182.0,183.0,200.0,0,WTK
2016-04-01,183.0,183.0,183.0,183.0,0.0,0,WTK
2016-04-04,183.0,185.0,181.0,181.0,1500.0,0,WTK
2016-04-05,181.0,185.0,181.0,185.0,200.0,0,WTK
2016-04-06,185.0,185.0,181.0,181.0,900.0,0,WTK
2016-04-07,181.0,185.0,180.0,184.0,1100.0,0,WTK
2016-04-08,184.0,190.0,184.0,186.0,1900.0,0,WTK
2016-04-11,186.0,187.0,186.0,187.0,300.0,0,WTK
2016-04-12,187.0,190.0,187.0,189.0,10500.0,0,WTK
2016-04-13,189.0,190.0,186.0,189.0,1300.0,0,WTK
2016-04-14,189.0,191.0,189.0,191.0,2200.0,0,WTK
2016-04-15,191.0,191.0,191.0,191.0,700.0,0,WTK
2016-04-18,191.0,191.0,190.0,190.0,400.0,0,WTK
2016-04-19,190.0,185.0,181.0,182.0,1900.0,1,WTK
2016-04-19,190.0,190.0,190.0,190.0,0.0,0,WTK
2016-04-20,182.0,188.0,181.0,182.0,3100.0,1,WTK
2016-04-20,190.0,190.0,190.0,190.0,0.0,0,WTK
2016-04-21,182.0,182.0,182.0,182.0,500.0,1,WTK
2016-04-21,190.0,190.0,190.0,190.0,0.0,0,WTK
2016-04-22,190.0,190.0,190.0,190.0,0.0,0,WTK
2016-04-22,182.0,182.0,182.0,182.0,0.0,1,WTK
2016-04-25,182.0,184.0,180.0,181.0,4700.0,0,WTK
2016-04-26,181.0,181.0,181.0,181.0,0.0,0,WTK
2016-04-27,181.0,183.0,180.0,180.0,1600.0,0,WTK
2016-04-28,180.0,180.0,180.0,180.0,200.0,0,WTK
2016-04-29,180.0,180.0,170.0,171.0,8300.0,0,WTK
2016-05-02,171.0,171.0,171.0,171.0,0.0,0,WTK
2016-05-02,180.0,175.0,170.0,171.0,8300.0,1,WTK
2016-05-03,171.0,180.0,171.0,180.0,400.0,0,WTK
2016-05-04,180.0,185.0,180.0,181.0,1300.0,0,WTK
2016-05-05,181.0,181.0,180.0,180.0,1300.0,0,WTK
2016-05-06,180.0,180.0,173.0,173.0,7800.0,0,WTK
2016-05-09,173.0,173.0,173.0,173.0,0.0,0,WTK
2016-05-09,173.0,175.0,175.0,175.0,10000.0,1,WTK
2016-05-10,175.0,175.0,175.0,175.0,2200.0,0,WTK
2016-05-11,175.0,175.0,175.0,175.0,0.0,0,WTK
2016-05-11,175.0,175.0,175.0,175.0,0.0,1,WTK
2016-05-12,175.0,180.0,175.0,180.0,100.0,0,WTK
2016-05-13,180.0,180.0,175.0,175.0,2300.0,0,WTK
2016-05-16,175.0,175.0,172.0,172.0,106800.0,0,WTK
2016-05-17,172.0,185.0,172.0,183.0,14100.0,0,WTK
2016-05-18,183.0,183.0,182.0,182.0,10500.0,0,WTK
2016-05-19,182.0,199.0,180.0,197.0,6800.0,0,WTK
2016-05-20,197.0,197.0,190.0,190.0,300.0,0,WTK
2016-05-23,190.0,190.0,190.0,190.0,100.0,0,WTK
2016-05-24,190.0,199.0,180.0,182.0,6800.0,0,WTK
2016-05-25,182.0,182.0,178.0,179.0,6800.0,0,WTK
2016-05-26,179.0,179.0,177.0,177.0,3100.0,0,WTK
2016-05-27,177.0,180.0,177.0,180.0,1100.0,0,WTK
2016-05-30,180.0,194.0,180.0,194.0,100.0,0,WTK
2016-05-31,194.0,194.0,194.0,194.0,0.0,0,WTK
2016-05-31,194.0,185.0,185.0,185.0,2000.0,1,WTK
2016-06-01,194.0,194.0,194.0,194.0,0.0,0,WTK
2016-06-01,194.0,185.0,185.0,185.0,2000.0,1,WTK
2016-06-02,194.0,194.0,194.0,194.0,0.0,0,WTK
2016-06-02,185.0,185.0,185.0,185.0,0.0,1,WTK
2016-06-03,185.0,190.0,185.0,190.0,100.0,0,WTK
2016-06-06,190.0,190.0,180.0,183.0,600.0,0,WTK
2016-06-07,183.0,183.0,183.0,183.0,0.0,0,WTK
2016-06-08,183.0,183.0,180.0,180.0,100.0,0,WTK
2016-06-09,180.0,180.0,180.0,180.0,0.0,0,WTK
2016-06-10,180.0,182.0,180.0,182.0,1500.0,0,WTK
2016-06-13,182.0,205.0,182.0,201.0,6100.0,0,WTK
2016-06-14,201.0,216.0,200.0,209.0,56000.0,0,WTK
2016-06-15,209.0,213.0,209.0,210.0,4300.0,0,WTK
2016-06-16,210.0,220.0,213.0,215.0,201300.0,1,WTK
2016-06-16,210.0,210.0,210.0,210.0,0.0,0,WTK
2016-06-17,215.0,230.0,215.0,215.0,16300.0,0,WTK
2016-06-20,215.0,215.0,215.0,215.0,800.0,1,WTK
2016-06-20,215.0,215.0,215.0,215.0,0.0,0,WTK
2016-06-21,215.0,215.0,210.0,214.0,11500.0,0,WTK
2016-06-22,214.0,215.0,206.0,208.0,5000.0,0,WTK
2016-06-23,208.0,210.0,205.0,207.0,5200.0,0,WTK
2016-06-24,207.0,215.0,207.0,215.0,1300.0,0,WTK
2016-06-27,215.0,215.0,201.0,201.0,2500.0,0,WTK
2016-06-28,201.0,215.0,201.0,214.0,6900.0,0,WTK
2016-06-29,214.0,214.0,206.0,213.0,5500.0,0,WTK
2016-06-30,213.0,213.0,206.0,209.0,8000.0,0,WTK
2016-07-01,209.0,209.0,180.0,198.0,5900.0,0,WTK
2016-07-04,198.0,198.0,189.0,189.0,200.0,0,WTK
2016-07-05,189.0,189.0,189.0,189.0,0.0,0,WTK
2016-07-06,189.0,189.0,189.0,189.0,0.0,0,WTK
2016-07-06,189.0,180.0,180.0,180.0,200.0,1,WTK
2016-07-07,189.0,180.0,180.0,180.0,200.0,1,WTK
2016-07-07,189.0,189.0,189.0,189.0,0.0,0,WTK
2016-07-08,180.0,180.0,180.0,180.0,0.0,1,WTK
2016-07-08,189.0,189.0,189.0,189.0,0.0,0,WTK
2016-07-11,180.0,198.0,180.0,198.0,1100.0,0,WTK
2016-07-12,198.0,183.0,183.0,183.0,100.0,1,WTK
2016-07-12,198.0,198.0,198.0,198.0,0.0,0,WTK
2016-07-13,183.0,183.0,183.0,183.0,0.0,0,WTK
2016-07-14,183.0,183.0,183.0,183.0,0.0,1,WTK
2016-07-14,183.0,183.0,183.0,183.0,0.0,0,WTK
2016-07-15,183.0,183.0,183.0,183.0,0.0,0,WTK
2016-07-15,183.0,190.0,185.0,187.0,1000.0,1,WTK
2016-07-18,187.0,187.0,187.0,187.0,0.0,0,WTK
2016-07-19,187.0,187.0,187.0,187.0,0.0,0,WTK
2016-07-19,187.0,187.0,187.0,187.0,300.0,1,WTK
2016-07-20,187.0,187.0,183.0,183.0,1600.0,0,WTK
2016-07-21,183.0,189.0,180.0,184.0,400.0,0,WTK
2016-07-22,184.0,184.0,173.0,173.0,300.0,0,WTK
2016-07-25,173.0,181.0,173.0,180.0,300.0,0,WTK
2016-07-26,180.0,181.0,180.0,180.0,13100.0,0,WTK
2016-07-27,180.0,185.0,180.0,181.0,12700.0,0,WTK
2016-07-28,181.0,181.0,181.0,181.0,0.0,0,WTK
2016-07-29,181.0,182.0,180.0,180.0,6100.0,0,WTK
2016-08-01,180.0,185.0,180.0,183.0,800.0,0,WTK
2016-08-02,183.0,185.0,183.0,185.0,200.0,0,WTK
2016-08-03,185.0,185.0,180.0,180.0,3800.0,0,WTK
2016-08-04,180.0,180.0,180.0,180.0,2000.0,0,WTK
2016-08-05,180.0,180.0,178.0,178.0,10500.0,0,WTK
2016-08-08,178.0,180.0,175.0,175.0,52500.0,0,WTK
2016-08-09,175.0,180.0,172.0,174.0,23700.0,1,WTK
2016-08-09,175.0,175.0,175.0,175.0,0.0,0,WTK
2016-08-10,174.0,174.0,174.0,174.0,0.0,0,WTK
2016-08-11,174.0,174.0,174.0,174.0,0.0,1,WTK
2016-08-11,174.0,174.0,174.0,174.0,0.0,0,WTK
2016-08-12,174.0,183.0,174.0,183.0,400.0,0,WTK
2016-08-15,183.0,183.0,180.0,180.0,600.0,0,WTK
2016-08-16,180.0,181.0,180.0,180.0,2700.0,0,WTK
2016-08-17,180.0,183.0,180.0,182.0,500.0,0,WTK
2016-08-18,182.0,185.0,181.0,184.0,2600.0,1,WTK
2016-08-18,182.0,182.0,182.0,182.0,0.0,0,WTK
2016-08-19,184.0,185.0,181.0,184.0,8200.0,0,WTK
2016-08-22,184.0,184.0,184.0,184.0,0.0,1,WTK
2016-08-22,184.0,184.0,184.0,184.0,0.0,0,WTK
2016-08-23,184.0,184.0,183.0,183.0,1100.0,0,WTK
2016-08-24,183.0,200.0,182.0,182.0,3800.0,0,WTK
2016-08-25,182.0,182.0,182.0,182.0,0.0,0,WTK
2016-08-26,182.0,183.0,176.0,177.0,400.0,0,WTK
2016-08-29,177.0,177.0,174.0,174.0,7100.0,0,WTK
2016-08-30,174.0,175.0,174.0,174.0,2400.0,0,WTK
2016-08-31,174.0,175.0,175.0,175.0,1400.0,1,WTK
2016-08-31,174.0,174.0,174.0,174.0,0.0,0,WTK
2016-09-01,175.0,180.0,175.0,175.0,2400.0,0,WTK
2016-09-02,175.0,175.0,175.0,175.0,0.0,0,WTK
2016-09-02,175.0,175.0,175.0,175.0,200.0,1,WTK
2016-09-05,175.0,175.0,174.0,174.0,3700.0,0,WTK
2016-09-06,174.0,175.0,174.0,175.0,1400.0,0,WTK
2016-09-07,175.0,185.0,175.0,185.0,2000.0,0,WTK
2016-09-08,185.0,185.0,180.0,181.0,2100.0,1,WTK
2016-09-08,185.0,185.0,185.0,185.0,0.0,0,WTK
2016-09-09,181.0,181.0,181.0,181.0,0.0,0,WTK
2016-09-12,181.0,181.0,181.0,181.0,0.0,0,WTK
2016-09-12,181.0,181.0,181.0,181.0,0.0,1,WTK
2016-09-13,181.0,181.0,181.0,181.0,0.0,0,WTK
2016-09-13,181.0,175.0,175.0,175.0,100.0,1,WTK
2016-09-14,175.0,175.0,175.0,175.0,0.0,0,WTK
2016-09-15,175.0,175.0,175.0,175.0,22900.0,1,WTK
2016-09-15,175.0,175.0,175.0,175.0,0.0,0,WTK
2016-09-16,175.0,175.0,175.0,175.0,0.0,0,WTK
2016-09-16,175.0,175.0,171.0,174.0,7500.0,1,WTK
2016-09-19,174.0,174.0,174.0,174.0,0.0,0,WTK
2016-09-20,174.0,174.0,174.0,174.0,0.0,0,WTK
2016-09-20,174.0,174.0,174.0,174.0,0.0,1,WTK
2016-09-21,174.0,174.0,174.0,174.0,0.0,0,WTK
2016-09-21,174.0,179.0,179.0,179.0,1400.0,1,WTK
2016-09-22,179.0,179.0,179.0,179.0,0.0,0,WTK
2016-09-23,179.0,179.0,179.0,179.0,0.0,0,WTK
2016-09-23,179.0,179.0,179.0,179.0,0.0,1,WTK
2016-09-26,179.0,180.0,179.0,180.0,500.0,0,WTK
2016-09-27,180.0,180.0,179.0,179.0,100.0,0,WTK
2016-09-28,179.0,179.0,179.0,179.0,0.0,0,WTK
2016-09-29,179.0,180.0,179.0,180.0,600.0,0,WTK
2016-09-30,180.0,182.0,182.0,182.0,600.0,1,WTK
2016-09-30,180.0,180.0,180.0,180.0,0.0,0,WTK
2016-10-03,182.0,185.0,180.0,182.0,1100.0,1,WTK
2016-10-03,180.0,180.0,180.0,180.0,0.0,0,WTK
2016-10-04,182.0,182.0,182.0,182.0,800.0,1,WTK
2016-10-04,180.0,180.0,180.0,180.0,0.0,0,WTK
2016-10-05,180.0,180.0,180.0,180.0,0.0,0,WTK
2016-10-05,182.0,182.0,182.0,182.0,100.0,1,WTK
2016-10-06,182.0,182.0,181.0,181.0,4200.0,1,WTK
2016-10-06,180.0,180.0,180.0,180.0,0.0,0,WTK
2016-10-07,180.0,180.0,180.0,180.0,0.0,0,WTK
2016-10-07,181.0,181.0,181.0,181.0,0.0,1,WTK
2016-10-10,180.0,180.0,180.0,180.0,0.0,0,WTK
2016-10-10,181.0,181.0,181.0,181.0,100.0,1,WTK
2016-10-11,181.0,181.0,181.0,181.0,0.0,1,WTK
2016-10-11,180.0,180.0,180.0,180.0,0.0,0,WTK
2016-10-12,181.0,182.0,181.0,181.0,2500.0,1,WTK
2016-10-12,180.0,180.0,180.0,180.0,0.0,0,WTK
2016-10-13,181.0,182.0,181.0,182.0,200.0,0,WTK
2016-10-14,182.0,182.0,182.0,182.0,4000.0,0,WTK
2016-10-17,182.0,182.0,180.0,181.0,2800.0,0,WTK
2016-10-18,181.0,181.0,181.0,181.0,2000.0,0,WTK
2016-10-19,181.0,181.0,181.0,181.0,0.0,0,WTK
2016-10-19,181.0,182.0,182.0,182.0,100.0,1,WTK
2016-10-20,181.0,182.0,182.0,182.0,100.0,1,WTK
2016-10-20,181.0,181.0,181.0,181.0,0.0,0,WTK
2016-10-21,182.0,182.0,182.0,182.0,2900.0,1,WTK
2016-10-21,181.0,181.0,181.0,181.0,0.0,0,WTK
2016-10-24,182.0,182.0,181.0,181.0,1400.0,0,WTK
2016-10-25,181.0,182.0,181.0,182.0,4100.0,0,WTK
2016-10-26,182.0,185.0,182.0,183.0,800.0,0,WTK
2016-10-27,183.0,183.0,183.0,183.0,0.0,0,WTK
2016-10-27,183.0,182.0,182.0,182.0,1500.0,1,WTK
2016-10-28,183.0,183.0,183.0,183.0,0.0,0,WTK
2016-10-28,182.0,182.0,182.0,182.0,0.0,1,WTK
2016-10-31,182.0,182.0,182.0,182.0,0.0,1,WTK
2016-10-31,183.0,183.0,183.0,183.0,0.0,0,WTK
2016-11-01,183.0,183.0,183.0,183.0,0.0,0,WTK
2016-11-01,182.0,193.0,181.0,182.0,6500.0,1,WTK
2016-11-02,182.0,182.0,182.0,182.0,0.0,1,WTK
2016-11-02,183.0,183.0,183.0,183.0,0.0,0,WTK
2016-11-03,183.0,183.0,183.0,183.0,0.0,0,WTK
2016-11-03,182.0,182.0,182.0,182.0,0.0,1,WTK
2016-11-04,182.0,182.0,182.0,182.0,0.0,1,WTK
2016-11-04,183.0,183.0,183.0,183.0,0.0,0,WTK
2016-11-07,182.0,182.0,182.0,182.0,0.0,1,WTK
2016-11-07,183.0,183.0,183.0,183.0,0.0,0,WTK
2016-11-08,182.0,182.0,182.0,182.0,100.0,1,WTK
2016-11-08,183.0,183.0,183.0,183.0,0.0,0,WTK
2016-11-09,182.0,183.0,182.0,182.0,1700.0,1,WTK
2016-11-09,183.0,183.0,183.0,183.0,0.0,0,WTK
2016-11-10,183.0,183.0,183.0,183.0,0.0,0,WTK
2016-11-10,182.0,182.0,182.0,182.0,0.0,1,WTK
2016-11-11,183.0,183.0,183.0,183.0,0.0,0,WTK
2016-11-11,182.0,182.0,182.0,182.0,0.0,1,WTK
2016-11-14,182.0,182.0,180.0,180.0,4900.0,0,WTK
2016-11-15,180.0,181.0,180.0,181.0,600.0,0,WTK
2016-11-16,181.0,182.0,181.0,181.0,300.0,0,WTK
2016-11-17,181.0,184.0,181.0,182.0,5100.0,0,WTK
2016-11-18,182.0,182.0,182.0,182.0,200.0,0,WTK
2016-11-21,182.0,183.0,180.0,180.0,2000.0,1,WTK
2016-11-21,182.0,182.0,182.0,182.0,0.0,0,WTK
2016-11-22,180.0,180.0,180.0,180.0,0.0,1,WTK
2016-11-22,182.0,182.0,182.0,182.0,0.0,0,WTK
2016-11-23,180.0,180.0,180.0,180.0,500.0,1,WTK
2016-11-23,182.0,182.0,182.0,182.0,0.0,0,WTK
2016-11-24,182.0,182.0,182.0,182.0,0.0,0,WTK
2016-11-24,180.0,180.0,180.0,180.0,0.0,1,WTK
2016-11-25,180.0,180.0,170.0,171.0,3900.0,0,WTK
2016-11-28,171.0,180.0,170.0,170.0,6300.0,0,WTK
2016-11-29,170.0,180.0,170.0,172.0,5100.0,0,WTK
2016-11-30,172.0,170.0,170.0,170.0,2400.0,1,WTK
2016-11-30,172.0,172.0,172.0,172.0,0.0,0,WTK
2016-12-01,170.0,170.0,170.0,170.0,1100.0,0,WTK
2016-12-02,170.0,170.0,170.0,170.0,0.0,0,WTK
2016-12-02,170.0,170.0,170.0,170.0,2300.0,1,WTK
2016-12-05,170.0,170.0,170.0,170.0,0.0,0,WTK
2016-12-05,170.0,180.0,179.0,179.0,2500.0,1,WTK
2016-12-06,170.0,170.0,170.0,170.0,0.0,0,WTK
2016-12-06,179.0,179.0,179.0,179.0,0.0,1,WTK
2016-12-07,170.0,170.0,170.0,170.0,0.0,0,WTK
2016-12-07,179.0,179.0,179.0,179.0,0.0,1,WTK
2016-12-08,170.0,170.0,170.0,170.0,0.0,0,WTK
2016-12-08,179.0,179.0,179.0,179.0,0.0,1,WTK
2016-12-09,179.0,179.0,179.0,179.0,1600.0,1,WTK
2016-12-09,170.0,170.0,170.0,170.0,0.0,0,WTK
2016-12-12,179.0,179.0,179.0,179.0,1600.0,1,WTK
2016-12-12,170.0,170.0,170.0,170.0,0.0,0,WTK
2016-12-13,170.0,170.0,170.0,170.0,0.0,0,WTK
2016-12-13,179.0,179.0,179.0,179.0,300.0,1,WTK
2016-12-14,179.0,179.0,179.0,179.0,400.0,1,WTK
2016-12-14,170.0,170.0,170.0,170.0,0.0,0,WTK
2016-12-15,179.0,179.0,179.0,179.0,0.0,1,WTK
2016-12-15,170.0,170.0,170.0,170.0,0.0,0,WTK
2016-12-16,170.0,170.0,170.0,170.0,0.0,0,WTK
2016-12-16,179.0,179.0,179.0,179.0,2300.0,1,WTK
2016-12-19,170.0,170.0,170.0,170.0,0.0,0,WTK
2016-12-19,179.0,179.0,179.0,179.0,0.0,1,WTK
2016-12-20,170.0,170.0,170.0,170.0,0.0,0,WTK
2016-12-20,179.0,179.0,179.0,179.0,0.0,1,WTK
2016-12-21,179.0,179.0,170.0,170.0,300.0,0,WTK
2016-12-22,170.0,170.0,170.0,170.0,0.0,0,WTK
2016-12-22,170.0,178.0,178.0,178.0,300.0,1,WTK
2016-12-23,178.0,178.0,178.0,178.0,0.0,1,WTK
2016-12-23,170.0,170.0,170.0,170.0,0.0,0,WTK
2016-12-26,178.0,178.0,178.0,178.0,0.0,1,WTK
2016-12-26,170.0,170.0,170.0,170.0,0.0,0,WTK
2016-12-27,178.0,178.0,178.0,178.0,0.0,1,WTK
2016-12-27,170.0,170.0,170.0,170.0,0.0,0,WTK
2016-12-28,178.0,178.0,178.0,178.0,0.0,1,WTK
2016-12-28,170.0,170.0,170.0,170.0,0.0,0,WTK
2016-12-29,170.0,170.0,170.0,170.0,0.0,0,WTK
2016-12-29,178.0,179.0,178.0,178.0,1200.0,1,WTK
2016-12-30,178.0,178.0,178.0,178.0,0.0,1,WTK
2016-12-30,170.0,170.0,170.0,170.0,0.0,0,WTK
2017-01-02,178.0,178.0,178.0,178.0,0.0,1,WTK
2017-01-02,170.0,170.0,170.0,170.0,0.0,0,WTK
2017-01-03,170.0,170.0,170.0,170.0,0.0,0,WTK
2017-01-03,178.0,178.0,178.0,178.0,0.0,1,WTK
2017-01-04,170.0,170.0,170.0,170.0,0.0,0,WTK
2017-01-04,178.0,178.0,178.0,178.0,500.0,1,WTK
2017-01-05,178.0,178.0,175.0,175.0,400.0,0,WTK
2017-01-06,175.0,176.0,170.0,170.0,5200.0,0,WTK
2017-01-09,170.0,175.0,168.0,169.0,5500.0,0,WTK
2017-01-10,169.0,170.0,167.0,168.0,400.0,0,WTK
2017-01-11,168.0,168.0,165.0,165.0,4900.0,0,WTK
2017-01-12,165.0,165.0,165.0,165.0,0.0,0,WTK
2017-01-13,165.0,165.0,162.0,163.0,500.0,0,WTK
2017-01-16,163.0,165.0,163.0,165.0,2100.0,0,WTK
2017-01-17,165.0,165.0,164.0,164.0,1500.0,0,WTK
2017-01-18,164.0,164.0,164.0,164.0,0.0,0,WTK
2017-01-19,164.0,164.0,160.0,161.0,900.0,1,WTK
2017-01-19,164.0,164.0,164.0,164.0,0.0,0,WTK
2017-01-20,161.0,165.0,160.0,161.0,700.0,1,WTK
2017-01-20,164.0,164.0,164.0,164.0,0.0,0,WTK
2017-01-23,164.0,164.0,164.0,164.0,0.0,0,WTK
2017-01-23,161.0,165.0,160.0,161.0,1000.0,1,WTK
2017-01-24,161.0,161.0,161.0,161.0,0.0,1,WTK
2017-01-24,164.0,164.0,164.0,164.0,0.0,0,WTK
2017-01-25,164.0,164.0,164.0,164.0,0.0,0,WTK
2017-01-25,161.0,160.0,160.0,160.0,500.0,1,WTK
2017-01-26,160.0,160.0,160.0,160.0,100.0,0,WTK
2017-01-27,160.0,160.0,160.0,160.0,6200.0,1,WTK
2017-01-27,160.0,160.0,160.0,160.0,0.0,0,WTK
2017-01-30,160.0,160.0,159.0,159.0,14000.0,0,WTK
2017-01-31,159.0,160.0,159.0,160.0,17600.0,0,WTK
2017-02-01,160.0,160.0,160.0,160.0,300.0,0,WTK
2017-02-02,160.0,160.0,160.0,160.0,0.0,0,WTK
2017-02-02,160.0,160.0,159.0,159.0,300.0,1,WTK
2017-02-03,159.0,159.0,159.0,159.0,100.0,1,WTK
2017-02-03,160.0,160.0,160.0,160.0,0.0,0,WTK
2017-02-06,160.0,160.0,160.0,160.0,0.0,0,WTK
2017-02-06,159.0,160.0,159.0,159.0,2300.0,1,WTK
2017-02-07,159.0,159.0,159.0,159.0,0.0,1,WTK
2017-02-07,160.0,160.0,160.0,160.0,0.0,0,WTK
2017-02-08,159.0,160.0,160.0,160.0,1000.0,1,WTK
2017-02-08,160.0,160.0,160.0,160.0,0.0,0,WTK
2017-02-09,160.0,160.0,160.0,160.0,1300.0,1,WTK
2017-02-09,160.0,160.0,160.0,160.0,0.0,0,WTK
2017-02-10,160.0,160.0,160.0,160.0,0.0,0,WTK
2017-02-10,160.0,160.0,160.0,160.0,300.0,1,WTK
2017-02-13,160.0,160.0,160.0,160.0,500.0,1,WTK
2017-02-13,160.0,160.0,160.0,160.0,0.0,0,WTK
2017-02-14,160.0,160.0,159.0,159.0,200.0,0,WTK
2017-02-15,159.0,160.0,159.0,159.0,2700.0,0,WTK
2017-02-16,159.0,160.0,159.0,160.0,1200.0,0,WTK
2017-02-17,160.0,160.0,160.0,160.0,0.0,0,WTK
2017-02-20,160.0,170.0,160.0,164.0,500.0,0,WTK
2017-02-21,164.0,164.0,159.0,159.0,2200.0,0,WTK
2017-02-22,159.0,160.0,159.0,160.0,1200.0,0,WTK
2017-02-23,160.0,160.0,160.0,160.0,0.0,0,WTK
2017-02-23,160.0,170.0,169.0,169.0,2100.0,1,WTK
2017-02-24,169.0,169.0,169.0,169.0,0.0,1,WTK
2017-02-24,160.0,160.0,160.0,160.0,0.0,0,WTK
2017-02-27,160.0,160.0,160.0,160.0,0.0,0,WTK
2017-02-27,169.0,169.0,169.0,169.0,0.0,1,WTK
2017-02-28,160.0,160.0,160.0,160.0,0.0,0,WTK
2017-02-28,169.0,169.0,169.0,169.0,0.0,1,WTK
2017-03-01,169.0,180.0,180.0,180.0,700.0,1,WTK
2017-03-01,160.0,160.0,160.0,160.0,0.0,0,WTK
2017-03-02,160.0,160.0,160.0,160.0,0.0,0,WTK
2017-03-02,180.0,180.0,180.0,180.0,0.0,1,WTK
2017-03-03,180.0,180.0,180.0,180.0,500.0,1,WTK
2017-03-03,160.0,160.0,160.0,160.0,0.0,0,WTK
2017-03-06,180.0,180.0,180.0,180.0,0.0,1,WTK
2017-03-06,160.0,160.0,160.0,160.0,0.0,0,WTK
2017-03-07,180.0,179.0,167.0,171.0,300.0,1,WTK
2017-03-07,160.0,160.0,160.0,160.0,0.0,0,WTK
2017-03-08,171.0,171.0,171.0,171.0,0.0,0,WTK
2017-03-09,171.0,171.0,171.0,171.0,0.0,0,WTK
2017-03-09,171.0,171.0,171.0,171.0,0.0,1,WTK
2017-03-10,171.0,179.0,171.0,179.0,200.0,0,WTK
2017-03-13,179.0,180.0,179.0,180.0,500.0,0,WTK
2017-03-14,180.0,168.0,165.0,166.0,1300.0,1,WTK
2017-03-14,180.0,180.0,180.0,180.0,0.0,0,WTK
2017-03-15,166.0,166.0,166.0,166.0,0.0,0,WTK
2017-03-16,166.0,166.0,166.0,166.0,0.0,1,WTK
2017-03-16,166.0,166.0,166.0,166.0,0.0,0,WTK
2017-03-17,166.0,170.0,166.0,170.0,500.0,0,WTK
2017-03-20,170.0,170.0,170.0,170.0,0.0,0,WTK
2017-03-21,170.0,180.0,170.0,180.0,100.0,0,WTK
2017-03-22,180.0,180.0,180.0,180.0,0.0,0,WTK
2017-03-23,180.0,180.0,175.0,175.0,1600.0,0,WTK
2017-03-24,175.0,180.0,175.0,180.0,1900.0,0,WTK
2017-03-27,180.0,180.0,170.0,172.0,1900.0,1,WTK
2017-03-27,180.0,180.0,180.0,180.0,0.0,0,WTK
2017-03-28,172.0,173.0,170.0,172.0,1000.0,0,WTK
2017-03-29,172.0,173.0,170.0,172.0,4700.0,1,WTK
2017-03-29,172.0,172.0,172.0,172.0,0.0,0,WTK
2017-03-30,172.0,172.0,172.0,172.0,0.0,0,WTK
2017-03-30,172.0,161.0,161.0,161.0,300.0,1,WTK
2017-03-31,161.0,161.0,161.0,161.0,0.0,1,WTK
2017-03-31,172.0,172.0,172.0,172.0,0.0,0,WTK
2017-04-03,161.0,161.0,161.0,161.0,0.0,1,WTK
2017-04-03,172.0,172.0,172.0,172.0,0.0,0,WTK
2017-04-04,172.0,172.0,172.0,172.0,0.0,0,WTK
2017-04-04,161.0,161.0,161.0,161.0,0.0,1,WTK
2017-04-05,172.0,172.0,172.0,172.0,0.0,0,WTK
2017-04-05,161.0,161.0,161.0,161.0,0.0,1,WTK
2017-04-06,172.0,172.0,172.0,172.0,0.0,0,WTK
2017-04-06,161.0,161.0,161.0,161.0,0.0,1,WTK
2017-04-07,172.0,172.0,172.0,172.0,0.0,0,WTK
2017-04-07,161.0,161.0,161.0,161.0,0.0,1,WTK
2017-04-10,161.0,164.0,161.0,162.0,500.0,0,WTK
2017-04-11,162.0,177.0,162.0,177.0,300.0,0,WTK
2017-04-12,177.0,177.0,175.0,175.0,200.0,0,WTK
2017-04-13,175.0,175.0,175.0,175.0,0.0,0,WTK
2017-04-13,175.0,178.0,175.0,176.0,1100.0,1,WTK
2017-04-14,175.0,175.0,175.0,175.0,0.0,0,WTK
2017-04-14,175.0,178.0,175.0,176.0,1100.0,1,WTK
2017-04-17,175.0,175.0,175.0,175.0,0.0,0,WTK
2017-04-17,175.0,178.0,175.0,176.0,1100.0,1,WTK
2017-04-18,176.0,176.0,176.0,176.0,0.0,1,WTK
2017-04-18,175.0,175.0,175.0,175.0,0.0,0,WTK
2017-04-19,175.0,175.0,175.0,175.0,0.0,0,WTK
2017-04-19,176.0,176.0,176.0,176.0,0.0,1,WTK
2017-04-20,175.0,175.0,175.0,175.0,0.0,0,WTK
2017-04-20,176.0,180.0,170.0,177.0,700.0,1,WTK
2017-04-21,175.0,175.0,175.0,175.0,0.0,0,WTK
2017-04-21,177.0,177.0,177.0,177.0,0.0,1,WTK
2017-04-24,177.0,177.0,177.0,177.0,0.0,1,WTK
2017-04-24,175.0,175.0,175.0,175.0,0.0,0,WTK
2017-04-25,175.0,175.0,175.0,175.0,0.0,0,WTK
2017-04-25,177.0,177.0,177.0,177.0,100.0,1,WTK
2017-04-26,175.0,175.0,175.0,175.0,0.0,0,WTK
2017-04-26,177.0,179.0,179.0,179.0,400.0,1,WTK
2017-04-27,175.0,175.0,175.0,175.0,0.0,0,WTK
2017-04-27,179.0,180.0,179.0,179.0,600.0,1,WTK
2017-04-28,179.0,179.0,179.0,179.0,0.0,1,WTK
2017-04-28,175.0,175.0,175.0,175.0,0.0,0,WTK
2017-05-01,175.0,175.0,175.0,175.0,0.0,0,WTK
2017-05-01,179.0,179.0,179.0,179.0,0.0,1,WTK
2017-05-02,179.0,180.0,180.0,180.0,100.0,1,WTK
2017-05-02,175.0,175.0,175.0,175.0,0.0,0,WTK
2017-05-03,180.0,180.0,180.0,180.0,1000.0,0,WTK
2017-05-04,180.0,180.0,180.0,180.0,0.0,0,WTK
2017-05-04,180.0,180.0,180.0,180.0,1000.0,1,WTK
2017-05-05,180.0,172.0,172.0,172.0,100.0,1,WTK
2017-05-05,180.0,180.0,180.0,180.0,0.0,0,WTK
2017-05-08,172.0,172.0,172.0,172.0,0.0,1,WTK
2017-05-08,180.0,180.0,180.0,180.0,0.0,0,WTK
2017-05-09,172.0,172.0,172.0,172.0,0.0,1,WTK
2017-05-09,180.0,180.0,180.0,180.0,0.0,0,WTK
2017-05-10,172.0,172.0,172.0,172.0,0.0,1,WTK
2017-05-10,180.0,180.0,180.0,180.0,0.0,0,WTK
2017-05-11,172.0,173.0,172.0,173.0,1700.0,0,WTK
2017-05-12,173.0,173.0,173.0,173.0,0.0,0,WTK
2017-05-15,173.0,180.0,173.0,180.0,600.0,0,WTK
2017-05-16,180.0,180.0,174.0,177.0,800.0,1,WTK
2017-05-16,180.0,180.0,180.0,180.0,0.0,0,WTK
2017-05-17,180.0,180.0,180.0,180.0,0.0,0,WTK
2017-05-17,177.0,177.0,177.0,177.0,0.0,1,WTK
2017-05-18,180.0,180.0,180.0,180.0,0.0,0,WTK
2017-05-18,177.0,177.0,177.0,177.0,0.0,1,WTK
2017-05-19,177.0,177.0,177.0,177.0,0.0,1,WTK
2017-05-19,180.0,180.0,180.0,180.0,0.0,0,WTK
2017-05-22,177.0,178.0,177.0,178.0,500.0,0,WTK
2017-05-23,178.0,180.0,178.0,179.0,6400.0,0,WTK
2017-05-24,179.0,180.0,179.0,180.0,2000.0,0,WTK
2017-05-25,180.0,180.0,180.0,180.0,900.0,0,WTK
2017-05-26,180.0,182.0,180.0,182.0,600.0,0,WTK
2017-05-29,182.0,184.0,182.0,184.0,200.0,0,WTK
2017-05-30,184.0,184.0,184.0,184.0,0.0,0,WTK
2017-05-30,184.0,185.0,185.0,185.0,600.0,1,WTK
2017-05-31,185.0,185.0,185.0,185.0,0.0,0,WTK
2017-06-01,185.0,185.0,185.0,185.0,0.0,0,WTK
2017-06-01,185.0,185.0,185.0,185.0,0.0,1,WTK
2017-06-02,185.0,184.0,184.0,184.0,200.0,1,WTK
2017-06-02,185.0,185.0,185.0,185.0,0.0,0,WTK
2017-06-05,185.0,185.0,185.0,185.0,0.0,0,WTK
2017-06-05,184.0,184.0,184.0,184.0,0.0,1,WTK
2017-06-06,184.0,185.0,180.0,184.0,2800.0,1,WTK
2017-06-06,185.0,185.0,185.0,185.0,0.0,0,WTK
2017-06-07,185.0,185.0,185.0,185.0,0.0,0,WTK
2017-06-07,184.0,184.0,184.0,184.0,0.0,1,WTK
2017-06-08,185.0,185.0,185.0,185.0,0.0,0,WTK
2017-06-08,184.0,185.0,184.0,184.0,300.0,1,WTK
2017-06-09,184.0,185.0,184.0,185.0,3500.0,0,WTK
2017-06-12,185.0,185.0,185.0,185.0,9500.0,0,WTK
2017-06-13,185.0,185.0,184.0,184.0,600.0,0,WTK
2017-06-14,184.0,184.0,184.0,184.0,0.0,0,WTK
2017-06-15,184.0,190.0,184.0,190.0,1700.0,0,WTK
2017-06-16,190.0,190.0,190.0,190.0,0.0,0,WTK
2017-06-19,190.0,190.0,185.0,189.0,1700.0,1,WTK
2017-06-19,190.0,190.0,190.0,190.0,0.0,0,WTK
2017-06-20,189.0,189.0,189.0,189.0,0.0,1,WTK
2017-06-20,190.0,190.0,190.0,190.0,0.0,0,WTK
2017-06-21,189.0,189.0,189.0,189.0,0.0,1,WTK
2017-06-21,190.0,190.0,190.0,190.0,0.0,0,WTK
2017-06-22,190.0,190.0,190.0,190.0,0.0,0,WTK
2017-06-22,189.0,190.0,189.0,189.0,600.0,1,WTK
2017-06-23,189.0,190.0,190.0,190.0,9800.0,1,WTK
2017-06-23,190.0,190.0,190.0,190.0,0.0,0,WTK
2017-06-26,189.0,190.0,190.0,190.0,9800.0,1,WTK
2017-06-26,190.0,190.0,190.0,190.0,0.0,0,WTK
2017-06-27,190.0,190.0,190.0,190.0,0.0,0,WTK
2017-06-27,190.0,190.0,190.0,190.0,0.0,1,WTK
2017-06-28,190.0,190.0,190.0,190.0,0.0,1,WTK
2017-06-28,190.0,190.0,190.0,190.0,0.0,0,WTK
2017-06-29,190.0,190.0,190.0,190.0,0.0,0,WTK
2017-06-29,190.0,190.0,190.0,190.0,900.0,1,WTK
2017-06-30,190.0,190.0,190.0,190.0,2000.0,1,WTK
2017-06-30,190.0,190.0,190.0,190.0,0.0,0,WTK
2017-07-03,190.0,190.0,190.0,190.0,0.0,0,WTK
2017-07-03,190.0,199.0,180.0,183.0,28500.0,1,WTK
2017-07-04,183.0,183.0,183.0,183.0,0.0,0,WTK
2017-07-05,183.0,183.0,183.0,183.0,0.0,0,WTK
2017-07-05,183.0,183.0,183.0,183.0,0.0,1,WTK
2017-07-06,183.0,183.0,183.0,183.0,0.0,0,WTK
2017-07-06,183.0,190.0,185.0,185.0,700.0,1,WTK
2017-07-07,185.0,190.0,185.0,185.0,800.0,0,WTK
2017-07-10,185.0,185.0,185.0,185.0,0.0,1,WTK
2017-07-10,185.0,185.0,185.0,185.0,0.0,0,WTK
2017-07-11,185.0,185.0,185.0,185.0,0.0,0,WTK
2017-07-11,185.0,186.0,186.0,186.0,300.0,1,WTK
2017-07-12,185.0,185.0,185.0,185.0,0.0,0,WTK
2017-07-12,186.0,186.0,186.0,186.0,2300.0,1,WTK
2017-07-13,185.0,185.0,185.0,185.0,0.0,0,WTK
2017-07-13,186.0,186.0,186.0,186.0,100.0,1,WTK
2017-07-14,186.0,186.0,186.0,186.0,200.0,1,WTK
2017-07-14,185.0,185.0,185.0,185.0,0.0,0,WTK
2017-07-17,186.0,186.0,185.0,185.0,1200.0,0,WTK
2017-07-18,185.0,189.0,185.0,189.0,100.0,0,WTK
2017-07-19,189.0,189.0,189.0,189.0,0.0,0,WTK
2017-07-19,189.0,186.0,180.0,180.0,15900.0,1,WTK
2017-07-20,180.0,189.0,180.0,180.0,23500.0,1,WTK
2017-07-20,189.0,189.0,189.0,189.0,0.0,0,WTK
2017-07-21,180.0,180.0,180.0,180.0,0.0,1,WTK
2017-07-21,189.0,189.0,189.0,189.0,0.0,0,WTK
2017-07-24,189.0,189.0,189.0,189.0,0.0,0,WTK
2017-07-24,180.0,181.0,180.0,180.0,13300.0,1,WTK
2017-07-25,189.0,189.0,189.0,189.0,0.0,0,WTK
2017-07-25,180.0,186.0,180.0,180.0,3100.0,1,WTK
2017-07-26,180.0,180.0,180.0,180.0,0.0,1,WTK
2017-07-26,189.0,189.0,189.0,189.0,0.0,0,WTK
2017-07-27,180.0,180.0,180.0,180.0,16200.0,1,WTK
2017-07-27,189.0,189.0,189.0,189.0,0.0,0,WTK
2017-07-28,180.0,186.0,180.0,186.0,500.0,0,WTK
2017-07-31,186.0,186.0,186.0,186.0,0.0,0,WTK
2017-07-31,186.0,185.0,180.0,180.0,8700.0,1,WTK
2017-08-01,186.0,186.0,186.0,186.0,0.0,0,WTK
2017-08-01,180.0,180.0,180.0,180.0,5200.0,1,WTK
2017-08-02,180.0,180.0,180.0,180.0,0.0,1,WTK
2017-08-02,186.0,186.0,186.0,186.0,0.0,0,WTK
2017-08-03,180.0,180.0,180.0,180.0,8000.0,1,WTK
2017-08-03,186.0,186.0,186.0,186.0,0.0,0,WTK
2017-08-04,186.0,186.0,186.0,186.0,0.0,0,WTK
2017-08-04,180.0,190.0,180.0,180.0,155500.0,1,WTK
2017-08-07,180.0,185.0,180.0,185.0,200.0,0,WTK
2017-08-08,185.0,185.0,185.0,185.0,0.0,0,WTK
2017-08-08,180.0,185.0,185.0,185.0,200.0,1,WTK
2017-08-09,185.0,190.0,185.0,190.0,200.0,0,WTK
2017-08-10,190.0,190.0,180.0,186.0,1000.0,0,WTK
2017-08-11,186.0,190.0,186.0,186.0,4400.0,0,WTK
2017-08-14,186.0,181.0,179.0,179.0,30600.0,1,WTK
2017-08-14,186.0,186.0,186.0,186.0,0.0,0,WTK
2017-08-15,179.0,179.0,179.0,179.0,0.0,0,WTK
2017-08-16,179.0,179.0,179.0,179.0,0.0,0,WTK
2017-08-16,179.0,185.0,179.0,179.0,21700.0,1,WTK
2017-08-17,179.0,180.0,179.0,180.0,10000.0,0,WTK
2017-08-18,180.0,180.0,180.0,180.0,1800.0,0,WTK
2017-08-21,180.0,190.0,180.0,186.0,400.0,0,WTK
2017-08-22,186.0,186.0,186.0,186.0,0.0,0,WTK
2017-08-22,186.0,180.0,180.0,180.0,5300.0,1,WTK
2017-08-23,180.0,180.0,180.0,180.0,0.0,0,WTK
2017-08-24,180.0,180.0,180.0,180.0,0.0,0,WTK
2017-08-24,180.0,180.0,180.0,180.0,0.0,1,WTK
2017-08-25,180.0,180.0,162.0,166.0,2400.0,0,WTK
2017-08-28,166.0,170.0,165.0,166.0,1200.0,0,WTK
2017-08-29,166.0,175.0,165.0,170.0,600.0,1,WTK
2017-08-29,166.0,166.0,166.0,166.0,0.0,0,WTK
2017-08-30,170.0,170.0,170.0,170.0,0.0,0,WTK
2017-08-31,170.0,170.0,170.0,170.0,0.0,0,WTK
2017-08-31,170.0,170.0,170.0,170.0,0.0,1,WTK
2017-09-01,170.0,174.0,170.0,174.0,200.0,0,WTK
2017-09-04,174.0,174.0,174.0,174.0,0.0,0,WTK
2017-09-05,174.0,174.0,168.0,171.0,200.0,0,WTK
2017-09-06,171.0,171.0,171.0,171.0,0.0,0,WTK
2017-09-06,171.0,170.0,170.0,170.0,500.0,1,WTK
2017-09-07,170.0,170.0,170.0,170.0,0.0,0,WTK
2017-09-08,170.0,170.0,170.0,170.0,0.0,0,WTK
2017-09-08,170.0,170.0,170.0,170.0,0.0,1,WTK
2017-09-11,170.0,174.0,174.0,174.0,400.0,1,WTK
2017-09-11,170.0,170.0,170.0,170.0,0.0,0,WTK
2017-09-12,170.0,170.0,170.0,170.0,0.0,0,WTK
2017-09-12,174.0,174.0,174.0,174.0,0.0,1,WTK
2017-09-13,170.0,170.0,170.0,170.0,0.0,0,WTK
2017-09-13,174.0,174.0,174.0,174.0,0.0,1,WTK
2017-09-14,170.0,170.0,170.0,170.0,0.0,0,WTK
2017-09-14,174.0,174.0,174.0,174.0,0.0,1,WTK
2017-09-15,174.0,175.0,174.0,175.0,100.0,0,WTK
2017-09-18,175.0,175.0,175.0,175.0,0.0,0,WTK
2017-09-19,175.0,170.0,170.0,170.0,1000.0,1,WTK
2017-09-19,175.0,175.0,175.0,175.0,0.0,0,WTK
2017-09-20,175.0,175.0,175.0,175.0,0.0,0,WTK
2017-09-20,170.0,170.0,170.0,170.0,0.0,1,WTK
2017-09-21,170.0,170.0,170.0,170.0,900.0,1,WTK
2017-09-21,175.0,175.0,175.0,175.0,0.0,0,WTK
2017-09-22,170.0,170.0,170.0,170.0,200.0,1,WTK
2017-09-22,175.0,175.0,175.0,175.0,0.0,0,WTK
2017-09-25,170.0,170.0,170.0,170.0,0.0,1,WTK
2017-09-25,175.0,175.0,175.0,175.0,0.0,0,WTK
2017-09-26,170.0,170.0,170.0,170.0,1400.0,1,WTK
2017-09-26,175.0,175.0,175.0,175.0,0.0,0,WTK
2017-09-27,170.0,187.0,168.0,172.0,1000.0,0,WTK
2017-09-28,172.0,185.0,185.0,185.0,100.0,1,WTK
2017-09-28,172.0,172.0,172.0,172.0,0.0,0,WTK
2017-09-29,172.0,172.0,172.0,172.0,0.0,0,WTK
2017-09-29,185.0,185.0,185.0,185.0,0.0,1,WTK
2017-10-02,185.0,185.0,185.0,185.0,0.0,1,WTK
2017-10-02,172.0,172.0,172.0,172.0,0.0,0,WTK
2017-10-03,185.0,185.0,185.0,185.0,0.0,1,WTK
2017-10-03,172.0,172.0,172.0,172.0,0.0,0,WTK
2017-10-04,185.0,168.0,168.0,168.0,0.0,1,WTK
2017-10-04,172.0,172.0,172.0,172.0,0.0,0,WTK
2017-10-05,168.0,168.0,168.0,168.0,0.0,0,WTK
2017-10-06,168.0,168.0,168.0,168.0,0.0,0,WTK
2017-10-06,168.0,168.0,168.0,168.0,0.0,1,WTK
2017-10-09,168.0,180.0,168.0,177.0,1700.0,0,WTK
2017-10-10,177.0,177.0,160.0,164.0,2000.0,0,WTK
2017-10-11,164.0,164.0,150.0,150.0,152600.0,0,WTK
2017-10-12,150.0,150.0,150.0,150.0,0.0,0,WTK
2017-10-12,150.0,158.0,158.0,158.0,800.0,1,WTK
2017-10-13,158.0,158.0,158.0,158.0,0.0,1,WTK
2017-10-13,150.0,150.0,150.0,150.0,0.0,0,WTK
2017-10-16,158.0,158.0,158.0,158.0,0.0,1,WTK
2017-10-16,150.0,150.0,150.0,150.0,0.0,0,WTK
2017-10-17,150.0,150.0,150.0,150.0,0.0,0,WTK
2017-10-17,158.0,158.0,158.0,158.0,0.0,1,WTK
2017-10-18,158.0,160.0,158.0,160.0,3100.0,0,WTK
2017-10-19,160.0,172.0,160.0,162.0,600.0,1,WTK
2017-10-19,160.0,160.0,160.0,160.0,0.0,0,WTK
2017-10-20,160.0,160.0,160.0,160.0,0.0,0,WTK
2017-10-20,160.0,172.0,160.0,162.0,600.0,1,WTK
2017-10-23,162.0,162.0,162.0,162.0,0.0,1,WTK
2017-10-23,160.0,160.0,160.0,160.0,0.0,0,WTK
2017-10-24,160.0,160.0,160.0,160.0,0.0,0,WTK
2017-10-24,162.0,172.0,160.0,166.0,1600.0,1,WTK
2017-10-25,162.0,172.0,160.0,166.0,1600.0,1,WTK
2017-10-25,160.0,160.0,160.0,160.0,0.0,0,WTK
2017-10-26,162.0,172.0,160.0,166.0,1600.0,1,WTK
2017-10-26,160.0,160.0,160.0,160.0,0.0,0,WTK
2017-10-27,166.0,175.0,166.0,172.0,700.0,0,WTK
2017-10-30,172.0,172.0,160.0,160.0,5000.0,0,WTK
2017-10-31,160.0,164.0,160.0,160.0,3600.0,0,WTK
2017-11-01,160.0,165.0,165.0,165.0,3800.0,1,WTK
2017-11-01,160.0,160.0,160.0,160.0,0.0,0,WTK
2017-11-02,160.0,160.0,160.0,160.0,0.0,0,WTK
2017-11-02,165.0,165.0,165.0,165.0,0.0,1,WTK
2017-11-03,165.0,165.0,165.0,165.0,700.0,1,WTK
2017-11-03,160.0,160.0,160.0,160.0,0.0,0,WTK
2017-11-06,165.0,165.0,165.0,165.0,500.0,1,WTK
2017-11-06,160.0,160.0,160.0,160.0,0.0,0,WTK
2017-11-07,160.0,160.0,160.0,160.0,0.0,0,WTK
2017-11-07,165.0,165.0,165.0,165.0,0.0,1,WTK
2017-11-08,165.0,170.0,164.0,164.0,2000.0,0,WTK
2017-11-09,164.0,173.0,164.0,167.0,2900.0,0,WTK
2017-11-10,167.0,167.0,166.0,166.0,200.0,0,WTK
2017-11-13,166.0,166.0,166.0,166.0,0.0,0,WTK
2017-11-14,166.0,166.0,165.0,165.0,500.0,0,WTK
2017-11-15,165.0,165.0,165.0,165.0,2500.0,0,WTK
2017-11-16,165.0,166.0,161.0,162.0,2800.0,0,WTK
2017-11-17,162.0,163.0,162.0,163.0,1000.0,0,WTK
2017-11-20,163.0,166.0,163.0,166.0,100.0,0,WTK
2017-11-21,166.0,166.0,166.0,166.0,100.0,0,WTK
2017-11-22,166.0,166.0,165.0,165.0,18000.0,0,WTK
2017-11-23,165.0,168.0,165.0,168.0,300.0,0,WTK
2017-11-24,168.0,168.0,168.0,168.0,0.0,0,WTK
2017-11-24,168.0,168.0,165.0,166.0,2700.0,1,WTK
2017-11-27,166.0,166.0,166.0,166.0,0.0,0,WTK
2017-11-28,166.0,166.0,166.0,166.0,0.0,1,WTK
2017-11-28,166.0,166.0,166.0,166.0,0.0,0,WTK
2017-11-29,166.0,168.0,166.0,168.0,100.0,0,WTK
2017-11-30,168.0,168.0,160.0,165.0,8700.0,0,WTK
2017-12-01,165.0,165.0,165.0,165.0,0.0,0,WTK
2017-12-01,165.0,166.0,166.0,166.0,100.0,1,WTK
2017-12-04,165.0,165.0,165.0,165.0,0.0,0,WTK
2017-12-04,166.0,166.0,166.0,166.0,2700.0,1,WTK
2017-12-05,166.0,166.0,166.0,166.0,100.0,1,WTK
2017-12-05,165.0,165.0,165.0,165.0,0.0,0,WTK
2017-12-06,166.0,166.0,166.0,166.0,400.0,1,WTK
2017-12-06,165.0,165.0,165.0,165.0,0.0,0,WTK
2017-12-07,165.0,165.0,165.0,165.0,0.0,0,WTK
2017-12-07,166.0,166.0,166.0,166.0,2000.0,1,WTK
2017-12-08,165.0,165.0,165.0,165.0,0.0,0,WTK
2017-12-08,166.0,166.0,166.0,166.0,0.0,1,WTK
2017-12-11,166.0,166.0,165.0,165.0,2200.0,0,WTK
2017-12-12,166.0,166.0,165.0,165.0,2200.0,1,WTK
2017-12-12,165.0,165.0,165.0,165.0,0.0,0,WTK
2017-12-13,165.0,163.0,160.0,160.0,7400.0,1,WTK
2017-12-13,165.0,165.0,165.0,165.0,0.0,0,WTK
2017-12-14,160.0,160.0,160.0,160.0,6200.0,1,WTK
2017-12-14,165.0,165.0,165.0,165.0,0.0,0,WTK
2017-12-15,165.0,165.0,165.0,165.0,0.0,0,WTK
2017-12-15,160.0,160.0,160.0,160.0,100.0,1,WTK
2017-12-18,160.0,160.0,160.0,160.0,300.0,1,WTK
2017-12-18,165.0,165.0,165.0,165.0,0.0,0,WTK
2017-12-19,165.0,165.0,165.0,165.0,0.0,0,WTK
2017-12-19,160.0,160.0,160.0,160.0,1100.0,1,WTK
2017-12-20,165.0,165.0,165.0,165.0,0.0,0,WTK
2017-12-20,160.0,160.0,160.0,160.0,6000.0,1,WTK
2017-12-21,160.0,160.0,158.0,158.0,1700.0,0,WTK
2017-12-22,158.0,160.0,160.0,160.0,1300.0,1,WTK
2017-12-22,158.0,158.0,158.0,158.0,0.0,0,WTK
2017-12-25,158.0,158.0,158.0,158.0,0.0,0,WTK
2017-12-25,158.0,160.0,160.0,160.0,1300.0,1,WTK
2017-12-26,158.0,160.0,160.0,160.0,1300.0,1,WTK
2017-12-26,158.0,158.0,158.0,158.0,0.0,0,WTK
2017-12-27,158.0,158.0,158.0,158.0,0.0,0,WTK
2017-12-27,160.0,165.0,160.0,160.0,3100.0,1,WTK
2017-12-28,158.0,158.0,158.0,158.0,0.0,0,WTK
2017-12-28,160.0,160.0,160.0,160.0,1000.0,1,WTK
2017-12-29,160.0,160.0,158.0,159.0,4500.0,0,WTK
2018-01-01,159.0,159.0,159.0,159.0,0.0,0,WTK
2018-01-01,160.0,160.0,158.0,159.0,4500.0,1,WTK
2018-01-02,159.0,158.0,158.0,158.0,100.0,1,WTK
2018-01-02,159.0,159.0,159.0,159.0,0.0,0,WTK
2018-01-03,158.0,158.0,158.0,158.0,0.0,0,WTK
2018-01-04,158.0,158.0,158.0,158.0,0.0,1,WTK
2018-01-04,158.0,158.0,158.0,158.0,0.0,0,WTK
2018-01-05,158.0,160.0,158.0,159.0,1100.0,0,WTK
2018-01-08,159.0,159.0,158.0,158.5,700.0,0,WTK
2018-01-09,158.5,158.5,158.0,158.0,1000.0,0,WTK
2018-01-10,158.0,158.0,157.0,157.0,1700.0,0,WTK
2018-01-11,157.0,157.0,155.0,155.0,600.0,0,WTK
2018-01-12,155.0,156.0,155.0,156.0,4100.0,0,WTK
2018-01-15,156.0,156.0,150.0,150.0,4600.0,0,WTK
2018-01-16,150.0,155.0,150.0,151.0,900.0,0,WTK
2018-01-17,151.0,151.0,150.0,150.0,100.0,0,WTK
2018-01-18,150.0,156.0,150.0,152.0,2900.0,0,WTK
2018-01-19,152.0,152.0,152.0,152.0,0.0,0,WTK
2018-01-22,152.0,153.0,152.0,153.0,100.0,0,WTK
2018-01-23,153.0,153.0,152.0,152.0,2200.0,0,WTK
2018-01-24,152.0,156.0,152.0,153.0,3200.0,0,WTK
2018-01-25,153.0,156.0,150.0,150.0,10500.0,0,WTK
2018-01-26,150.0,150.0,149.0,149.0,600.0,0,WTK
2018-01-29,149.0,149.0,149.0,149.0,0.0,0,WTK
2018-01-29,149.0,150.0,150.0,150.0,200.0,1,WTK
2018-01-30,150.0,150.0,150.0,150.0,0.0,0,WTK
2018-01-31,150.0,150.0,150.0,150.0,2400.0,1,WTK
2018-01-31,150.0,150.0,150.0,150.0,0.0,0,WTK
2018-02-01,150.0,150.0,149.0,149.0,1400.0,0,WTK
2018-02-02,149.0,150.0,149.0,150.0,600.0,0,WTK
2018-02-05,150.0,155.0,150.0,150.0,2800.0,0,WTK
2018-02-06,150.0,150.0,146.0,149.0,1200.0,0,WTK
2018-02-07,149.0,149.0,149.0,149.0,0.0,0,WTK
2018-02-07,149.0,150.0,150.0,150.0,200.0,1,WTK
2018-02-08,149.0,149.0,149.0,149.0,0.0,0,WTK
2018-02-08,150.0,152.0,150.0,150.0,3000.0,1,WTK
2018-02-09,150.0,152.0,150.0,150.0,700.0,1,WTK
2018-02-09,149.0,149.0,149.0,149.0,0.0,0,WTK
2018-02-12,150.0,152.0,150.0,150.0,700.0,1,WTK
2018-02-12,149.0,149.0,149.0,149.0,0.0,0,WTK
2018-02-13,150.0,150.0,149.0,149.0,1300.0,1,WTK
2018-02-13,149.0,149.0,149.0,149.0,0.0,0,WTK
2018-02-14,149.0,149.0,149.0,149.0,0.0,0,WTK
2018-02-14,149.0,150.0,149.0,149.0,5400.0,1,WTK
2018-02-15,149.0,149.0,149.0,149.0,0.0,0,WTK
2018-02-15,149.0,149.0,149.0,149.0,0.0,1,WTK
2018-02-16,149.0,149.0,149.0,149.0,0.0,1,WTK
2018-02-16,149.0,149.0,149.0,149.0,0.0,0,WTK
2018-02-19,149.0,152.0,149.0,152.0,200.0,0,WTK
2018-02-20,152.0,155.0,152.0,152.0,1200.0,0,WTK
2018-02-21,152.0,152.0,152.0,152.0,0.0,0,WTK
2018-02-21,152.0,155.0,155.0,155.0,1200.0,1,WTK
2018-02-22,155.0,155.0,155.0,155.0,1300.0,0,WTK
2018-02-23,155.0,155.0,155.0,155.0,400.0,1,WTK
2018-02-23,155.0,155.0,155.0,155.0,0.0,0,WTK
2018-02-26,155.0,159.0,155.0,158.0,600.0,1,WTK
2018-02-26,155.0,155.0,155.0,155.0,0.0,0,WTK
2018-02-27,158.0,158.0,158.0,158.0,0.0,1,WTK
2018-02-27,155.0,155.0,155.0,155.0,0.0,0,WTK
2018-02-28,155.0,155.0,155.0,155.0,0.0,0,WTK
2018-02-28,158.0,158.0,158.0,158.0,0.0,1,WTK
2018-03-01,158.0,159.0,158.0,158.0,600.0,1,WTK
2018-03-01,155.0,155.0,155.0,155.0,0.0,0,WTK
2018-03-02,155.0,155.0,155.0,155.0,0.0,0,WTK
2018-03-02,158.0,158.0,158.0,158.0,100.0,1,WTK
2018-03-05,155.0,155.0,155.0,155.0,0.0,0,WTK
2018-03-05,158.0,158.0,150.0,150.0,26900.0,1,WTK
2018-03-06,150.0,151.0,150.0,150.0,9000.0,1,WTK
2018-03-06,155.0,155.0,155.0,155.0,0.0,0,WTK
2018-03-07,150.0,150.0,150.0,150.0,200.0,1,WTK
2018-03-07,155.0,155.0,155.0,155.0,0.0,0,WTK
2018-03-08,150.0,150.0,150.0,150.0,400.0,1,WTK
2018-03-08,155.0,155.0,155.0,155.0,0.0,0,WTK
2018-03-09,150.0,154.0,150.0,151.0,700.0,0,WTK
2018-03-12,151.0,151.0,150.0,150.0,3800.0,1,WTK
2018-03-12,151.0,151.0,151.0,151.0,0.0,0,WTK
2018-03-13,150.0,150.0,150.0,150.0,0.0,1,WTK
2018-03-13,151.0,151.0,151.0,151.0,0.0,0,WTK
2018-03-14,151.0,151.0,151.0,151.0,0.0,0,WTK
2018-03-14,150.0,151.0,150.0,150.0,2100.0,1,WTK
2018-03-15,151.0,151.0,151.0,151.0,0.0,0,WTK
2018-03-15,150.0,150.0,150.0,150.0,0.0,1,WTK
2018-03-16,150.0,151.0,150.0,150.0,9000.0,1,WTK
2018-03-16,151.0,151.0,151.0,151.0,0.0,0,WTK
2018-03-19,151.0,151.0,151.0,151.0,0.0,0,WTK
2018-03-19,150.0,151.0,150.0,150.0,2800.0,1,WTK
2018-03-20,150.0,150.0,150.0,150.0,0.0,1,WTK
2018-03-20,151.0,151.0,151.0,151.0,0.0,0,WTK
2018-03-21,150.0,150.0,150.0,150.0,300.0,1,WTK
2018-03-21,151.0,151.0,151.0,151.0,0.0,0,WTK
2018-03-22,150.0,155.0,150.0,151.0,1000.0,0,WTK
2018-03-23,151.0,155.0,150.0,151.0,1200.0,0,WTK
2018-03-26,151.0,151.0,151.0,151.0,0.0,0,WTK
2018-03-26,151.0,150.0,150.0,150.0,8500.0,1,WTK
2018-03-27,150.0,150.0,150.0,150.0,100.0,1,WTK
2018-03-27,151.0,151.0,151.0,151.0,0.0,0,WTK
2018-03-28,150.0,150.0,150.0,150.0,2500.0,1,WTK
2018-03-28,151.0,151.0,151.0,151.0,0.0,0,WTK
2018-03-29,151.0,151.0,151.0,151.0,0.0,0,WTK
2018-03-29,150.0,150.0,150.0,150.0,0.0,1,WTK
2018-03-30,150.0,150.0,150.0,150.0,0.0,1,WTK
2018-03-30,151.0,151.0,151.0,151.0,0.0,0,WTK
2018-04-02,151.0,151.0,151.0,151.0,0.0,0,WTK
2018-04-02,150.0,150.0,150.0,150.0,0.0,1,WTK
2018-04-03,151.0,151.0,151.0,151.0,0.0,0,WTK
2018-04-03,150.0,150.0,150.0,150.0,900.0,1,WTK
2018-04-04,150.0,155.0,155.0,155.0,100.0,1,WTK
2018-04-04,151.0,151.0,151.0,151.0,0.0,0,WTK
2018-04-05,155.0,155.0,155.0,155.0,0.0,1,WTK
2018-04-05,151.0,151.0,151.0,151.0,0.0,0,WTK
2018-04-06,155.0,162.0,150.0,155.0,3500.0,1,WTK
2018-04-06,151.0,151.0,151.0,151.0,0.0,0,WTK
2018-04-09,155.0,155.0,155.0,155.0,0.0,1,WTK
2018-04-09,151.0,151.0,151.0,151.0,0.0,0,WTK
2018-04-10,155.0,162.0,155.0,156.0,1600.0,0,WTK
2018-04-11,156.0,162.0,156.0,162.0,700.0,0,WTK
2018-04-12,162.0,162.0,160.0,160.0,400.0,0,WTK
2018-04-13,160.0,160.0,160.0,160.0,300.0,0,WTK
2018-04-16,160.0,162.0,160.0,161.0,2800.0,0,WTK
2018-04-17,161.0,161.0,159.0,159.0,10800.0,1,WTK
2018-04-17,161.0,161.0,161.0,161.0,0.0,0,WTK
2018-04-18,159.0,159.0,159.0,159.0,200.0,0,WTK
2018-04-19,159.0,160.0,152.0,159.0,20100.0,1,WTK
2018-04-19,159.0,159.0,159.0,159.0,0.0,0,WTK
2018-04-20,159.0,159.0,159.0,159.0,0.0,0,WTK
2018-04-20,159.0,152.0,152.0,152.0,200.0,1,WTK
2018-04-23,152.0,153.0,152.0,152.0,400.0,0,WTK
2018-04-24,152.0,152.0,152.0,152.0,0.0,0,WTK
2018-04-24,152.0,152.0,152.0,152.0,0.0,1,WTK
2018-04-25,152.0,158.0,152.0,153.0,600.0,0,WTK
2018-04-26,153.0,159.0,153.0,159.0,800.0,0,WTK
2018-04-27,159.0,159.0,153.0,153.0,400.0,0,WTK
2018-04-30,153.0,159.0,155.0,157.0,400.0,1,WTK
2018-04-30,153.0,153.0,153.0,153.0,0.0,0,WTK
2018-05-01,153.0,159.0,155.0,157.0,400.0,1,WTK
2018-05-01,153.0,153.0,153.0,153.0,0.0,0,WTK
2018-05-02,157.0,157.0,157.0,157.0,0.0,1,WTK
2018-05-02,153.0,153.0,153.0,153.0,0.0,0,WTK
2018-05-03,157.0,157.0,155.0,155.0,1200.0,0,WTK
2018-05-04,155.0,155.0,150.0,151.0,1500.0,0,WTK
2018-05-07,151.0,151.0,151.0,151.0,0.0,0,WTK
2018-05-08,151.0,151.0,151.0,151.0,0.0,0,WTK
2018-05-08,151.0,160.0,159.0,159.0,1000.0,1,WTK
2018-05-09,159.0,159.0,159.0,159.0,0.0,0,WTK
2018-05-10,159.0,159.0,159.0,159.0,0.0,0,WTK
2018-05-10,159.0,159.0,159.0,159.0,100.0,1,WTK
2018-05-11,159.0,159.0,155.0,155.0,200.0,0,WTK
2018-05-14,155.0,155.0,150.0,151.0,2600.0,0,WTK
2018-05-15,151.0,155.0,150.0,152.0,4200.0,0,WTK
2018-05-16,152.0,152.0,152.0,152.0,0.0,0,WTK
2018-05-17,152.0,150.0,150.0,150.0,6000.0,1,WTK
2018-05-17,152.0,152.0,152.0,152.0,0.0,0,WTK
2018-05-18,152.0,152.0,152.0,152.0,0.0,0,WTK
2018-05-18,150.0,150.0,150.0,150.0,2000.0,1,WTK
2018-05-21,150.0,150.0,150.0,150.0,0.0,1,WTK
2018-05-21,152.0,152.0,152.0,152.0,0.0,0,WTK
2018-05-22,152.0,152.0,152.0,152.0,0.0,0,WTK
2018-05-22,150.0,150.0,150.0,150.0,900.0,1,WTK
2018-05-23,150.0,150.0,150.0,150.0,0.0,1,WTK
2018-05-23,152.0,152.0,152.0,152.0,0.0,0,WTK
2018-05-24,152.0,152.0,152.0,152.0,0.0,0,WTK
2018-05-24,150.0,150.0,150.0,150.0,5600.0,1,WTK
2018-05-25,152.0,152.0,152.0,152.0,0.0,0,WTK
2018-05-25,150.0,150.0,150.0,150.0,0.0,1,WTK
2018-05-28,150.0,147.0,140.0,141.0,2000.0,1,WTK
2018-05-28,152.0,152.0,152.0,152.0,0.0,0,WTK
2018-05-29,152.0,152.0,152.0,152.0,0.0,0,WTK
2018-05-29,141.0,141.0,141.0,141.0,0.0,1,WTK
2018-05-30,141.0,142.0,141.0,141.0,200.0,1,WTK
2018-05-30,152.0,152.0,152.0,152.0,0.0,0,WTK
2018-05-31,141.0,141.0,141.0,141.0,0.0,1,WTK
2018-05-31,152.0,152.0,152.0,152.0,0.0,0,WTK
2018-06-01,141.0,141.0,141.0,141.0,0.0,1,WTK
2018-06-01,152.0,152.0,152.0,152.0,0.0,0,WTK
2018-06-04,141.0,145.0,141.0,145.0,200.0,0,WTK
2018-06-05,145.0,145.0,140.0,140.0,2800.0,0,WTK
2018-06-06,140.0,140.0,140.0,140.0,0.0,0,WTK
2018-06-06,140.0,145.0,145.0,145.0,300.0,1,WTK
2018-06-07,145.0,145.0,145.0,145.0,200.0,0,WTK
2018-06-08,145.0,145.0,145.0,145.0,0.0,0,WTK
2018-06-08,145.0,145.0,145.0,145.0,0.0,1,WTK
2018-06-11,145.0,145.0,142.0,142.0,1000.0,0,WTK
2018-06-12,142.0,145.0,145.0,145.0,1300.0,1,WTK
2018-06-12,142.0,142.0,142.0,142.0,0.0,0,WTK
2018-06-13,145.0,145.0,145.0,145.0,1000.0,1,WTK
2018-06-13,142.0,142.0,142.0,142.0,0.0,0,WTK
2018-06-14,142.0,142.0,142.0,142.0,0.0,0,WTK
2018-06-14,145.0,145.0,145.0,145.0,0.0,1,WTK
2018-06-15,145.0,145.0,145.0,145.0,0.0,1,WTK
2018-06-15,142.0,142.0,142.0,142.0,0.0,0,WTK
2018-06-18,145.0,145.0,142.0,142.0,1400.0,0,WTK
2018-06-19,142.0,142.0,142.0,142.0,0.0,0,WTK
2018-06-19,142.0,142.0,138.0,139.0,5600.0,1,WTK
2018-06-20,139.0,139.0,139.0,139.0,0.0,0,WTK
2018-06-21,139.0,139.0,139.0,139.0,900.0,1,WTK
2018-06-21,139.0,139.0,139.0,139.0,0.0,0,WTK
2018-06-22,139.0,139.0,138.0,138.0,2300.0,0,WTK
2018-06-25,138.0,142.0,138.0,142.0,100.0,0,WTK
2018-06-26,142.0,142.0,140.0,140.0,700.0,0,WTK
2018-06-27,140.0,140.0,139.0,139.0,2000.0,1,WTK
2018-06-27,140.0,140.0,140.0,140.0,0.0,0,WTK
2018-06-28,139.0,139.0,139.0,139.0,700.0,0,WTK
2018-06-29,139.0,139.0,139.0,139.0,500.0,1,WTK
2018-06-29,139.0,139.0,139.0,139.0,0.0,0,WTK
2018-07-02,139.0,140.0,139.0,140.0,600.0,0,WTK
2018-07-03,140.0,140.0,138.0,138.0,300.0,0,WTK
2018-07-04,138.0,138.0,138.0,138.0,0.0,0,WTK
2018-07-05,138.0,140.0,138.0,140.0,900.0,0,WTK
2018-07-06,140.0,140.0,140.0,140.0,100.0,0,WTK
2018-07-09,140.0,140.0,138.0,138.0,10400.0,0,WTK
2018-07-10,138.0,138.0,136.0,136.0,900.0,0,WTK
2018-07-11,136.0,136.0,136.0,136.0,0.0,0,WTK
2018-07-12,136.0,138.0,136.0,138.0,6900.0,0,WTK
2018-07-13,138.0,138.0,137.0,137.0,500.0,0,WTK
2018-07-16,137.0,138.0,136.0,136.0,1800.0,0,WTK
2018-07-17,136.0,138.0,136.0,137.0,1000.0,0,WTK
2018-07-18,137.0,138.0,136.0,137.0,1100.0,0,WTK
2018-07-19,137.0,138.0,137.0,138.0,1000.0,0,WTK
2018-07-20,138.0,138.0,136.0,136.0,1700.0,0,WTK
2018-07-23,136.0,136.0,136.0,136.0,0.0,0,WTK
2018-07-23,136.0,138.0,138.0,138.0,800.0,1,WTK
2018-07-24,138.0,138.0,138.0,138.0,400.0,1,WTK
2018-07-24,136.0,136.0,136.0,136.0,0.0,0,WTK
2018-07-25,138.0,138.0,138.0,138.0,300.0,1,WTK
2018-07-25,136.0,136.0,136.0,136.0,0.0,0,WTK
2018-07-26,138.0,138.0,138.0,138.0,0.0,1,WTK
2018-07-26,136.0,136.0,136.0,136.0,0.0,0,WTK
2018-07-27,138.0,138.0,138.0,138.0,1800.0,1,WTK
2018-07-27,136.0,136.0,136.0,136.0,0.0,0,WTK
2018-07-30,138.0,138.0,138.0,138.0,0.0,1,WTK
2018-07-30,136.0,136.0,136.0,136.0,0.0,0,WTK
2018-07-31,138.0,138.0,135.0,135.0,1100.0,0,WTK
2018-08-01,135.0,135.0,135.0,135.0,0.0,0,WTK
2018-08-02,135.0,170.0,135.0,169.0,200700.0,0,WTK
2018-08-03,169.0,180.0,169.0,171.0,232600.0,0,WTK
2018-08-06,171.0,180.0,171.0,172.0,63600.0,0,WTK
2018-08-07,172.0,180.0,170.0,170.0,9100.0,0,WTK
2018-08-08,170.0,180.0,170.0,174.0,36800.0,0,WTK
2018-08-09,174.0,179.0,174.0,179.0,900.0,0,WTK
2018-08-10,179.0,180.0,175.0,177.0,2500.0,0,WTK
2018-08-13,177.0,180.0,174.0,175.0,5700.0,0,WTK
2018-08-14,175.0,175.0,174.0,174.0,6200.0,1,WTK
2018-08-14,175.0,175.0,175.0,175.0,0.0,0,WTK
2018-08-15,174.0,175.0,174.0,174.0,6800.0,0,WTK
2018-08-16,174.0,175.0,174.0,174.0,15700.0,1,WTK
2018-08-16,174.0,174.0,174.0,174.0,0.0,0,WTK
2018-08-17,174.0,174.0,170.0,170.0,14600.0,0,WTK
2018-08-20,170.0,172.0,169.0,169.0,17800.0,0,WTK
2018-08-21,170.0,172.0,169.0,169.0,17800.0,1,WTK
2018-08-21,169.0,169.0,169.0,169.0,0.0,0,WTK
2018-08-22,169.0,171.0,169.0,170.0,6700.0,0,WTK
2018-08-23,170.0,170.0,168.0,169.0,7500.0,0,WTK
2018-08-24,169.0,172.0,168.0,168.0,7800.0,0,WTK
2018-08-27,168.0,169.0,167.0,167.0,5200.0,1,WTK
2018-08-27,168.0,168.0,168.0,168.0,0.0,0,WTK
2018-08-28,168.0,168.0,168.0,168.0,0.0,0,WTK
2018-08-28,167.0,168.0,167.0,167.0,10700.0,1,WTK
2018-08-29,167.0,168.0,167.0,167.0,5800.0,1,WTK
2018-08-29,168.0,168.0,168.0,168.0,0.0,0,WTK
2018-08-30,167.0,168.0,167.0,167.0,17900.0,1,WTK
2018-08-30,168.0,168.0,168.0,168.0,0.0,0,WTK
2018-08-31,168.0,168.0,168.0,168.0,0.0,0,WTK
2018-08-31,167.0,170.0,167.0,167.0,6200.0,1,WTK
2018-09-03,167.0,170.0,167.0,170.0,1300.0,0,WTK
2018-09-04,170.0,175.0,168.0,170.0,7700.0,0,WTK
2018-09-05,170.0,170.0,167.0,168.0,4800.0,0,WTK
2018-09-06,168.0,170.0,168.0,169.0,18500.0,0,WTK
2018-09-07,169.0,173.0,169.0,171.0,6600.0,0,WTK
2018-09-10,171.0,171.0,168.0,168.0,5400.0,0,WTK
2018-09-11,168.0,169.0,168.0,168.0,6100.0,0,WTK
2018-09-12,168.0,172.0,168.0,169.0,2600.0,0,WTK
2018-09-13,169.0,169.0,168.0,168.0,1900.0,0,WTK
2018-09-14,168.0,168.0,165.0,166.0,16900.0,0,WTK
2018-09-17,166.0,168.0,166.0,167.0,4200.0,0,WTK
2018-09-18,167.0,168.0,167.0,167.0,4200.0,0,WTK
2018-09-19,167.0,167.0,163.0,164.0,4500.0,0,WTK
2018-09-20,164.0,170.0,164.0,164.0,7700.0,0,WTK
2018-09-21,164.0,175.0,164.0,174.0,2100.0,0,WTK
2018-09-24,174.0,174.0,145.0,159.0,6600.0,0,WTK
2018-09-25,159.0,159.0,156.0,156.0,200.0,0,WTK
2018-09-26,156.0,156.0,142.0,143.0,300.0,0,WTK
2018-09-27,143.0,144.0,140.0,140.0,600.0,0,WTK
2018-09-28,140.0,140.0,140.0,140.0,0.0,0,WTK
2018-10-01,140.0,144.0,140.0,144.0,300.0,0,WTK
2018-10-02,144.0,144.0,140.0,140.0,3000.0,1,WTK
2018-10-02,144.0,144.0,144.0,144.0,0.0,0,WTK
2018-10-03,140.0,140.0,140.0,140.0,300.0,1,WTK
2018-10-03,144.0,144.0,144.0,144.0,0.0,0,WTK
2018-10-04,140.0,140.0,140.0,140.0,6300.0,1,WTK
2018-10-04,144.0,144.0,144.0,144.0,0.0,0,WTK
2018-10-05,140.0,140.0,140.0,140.0,200.0,1,WTK
2018-10-05,144.0,144.0,144.0,144.0,0.0,0,WTK
2018-10-08,144.0,144.0,144.0,144.0,0.0,0,WTK
2018-10-08,140.0,139.0,139.0,139.0,100.0,1,WTK
2018-10-09,139.0,139.0,139.0,139.0,0.0,0,WTK
2018-10-10,139.0,139.0,139.0,139.0,0.0,0,WTK
2018-10-10,139.0,139.0,139.0,139.0,0.0,1,WTK
2018-10-11,139.0,140.0,139.0,140.0,500.0,0,WTK
2018-10-12,140.0,140.0,139.0,139.0,1200.0,0,WTK
2018-10-15,139.0,140.0,139.0,140.0,100.0,0,WTK
2018-10-16,140.0,140.0,139.0,139.0,100.0,0,WTK
2018-10-17,139.0,140.0,134.0,138.0,5400.0,0,WTK
2018-10-18,138.0,144.0,138.0,141.0,700.0,0,WTK
2018-10-19,141.0,141.0,140.0,140.0,2100.0,0,WTK
2018-10-22,140.0,141.0,140.0,141.0,100.0,0,WTK
2018-10-23,141.0,146.0,140.0,142.0,900.0,0,WTK
2018-10-24,142.0,145.0,139.0,141.0,3100.0,0,WTK
2018-10-25,141.0,141.0,141.0,141.0,0.0,0,WTK
2018-10-26,141.0,142.0,141.0,142.0,100.0,0,WTK
2018-10-29,142.0,150.0,142.0,144.0,2100.0,0,WTK
2018-10-30,144.0,149.0,144.0,149.0,300.0,0,WTK
2018-10-31,149.0,150.0,149.0,150.0,1300.0,0,WTK
2018-11-01,150.0,150.0,145.0,149.0,45300.0,0,WTK
2018-11-02,149.0,150.0,149.0,150.0,100.0,0,WTK
2018-11-05,150.0,155.0,150.0,153.0,9100.0,0,WTK
2018-11-06,153.0,155.0,153.0,155.0,300.0,0,WTK
2018-11-07,155.0,155.0,155.0,155.0,20300.0,0,WTK
2018-11-08,155.0,164.0,155.0,162.0,2800.0,0,WTK
2018-11-09,162.0,164.0,160.0,160.0,16800.0,1,WTK
2018-11-09,162.0,162.0,162.0,162.0,0.0,0,WTK
2018-11-12,162.0,162.0,162.0,162.0,0.0,0,WTK
2018-11-12,160.0,160.0,160.0,160.0,3000.0,1,WTK
2018-11-13,160.0,160.0,160.0,160.0,20300.0,1,WTK
2018-11-13,162.0,162.0,162.0,162.0,0.0,0,WTK
2018-11-14,162.0,162.0,162.0,162.0,0.0,0,WTK
2018-11-14,160.0,160.0,160.0,160.0,0.0,1,WTK
2018-11-15,160.0,160.0,152.0,156.0,2600.0,0,WTK
2018-11-16,156.0,160.0,151.0,153.0,3500.0,0,WTK
2018-11-19,153.0,154.0,153.0,154.0,300.0,0,WTK
2018-11-20,154.0,164.0,154.0,160.0,6500.0,0,WTK
2018-11-21,160.0,160.0,150.0,154.0,1200.0,0,WTK
2018-11-22,154.0,164.0,154.0,164.0,500.0,0,WTK
2018-11-23,164.0,164.0,162.0,163.0,1400.0,0,WTK
2018-11-26,163.0,163.0,163.0,163.0,0.0,0,WTK
2018-11-27,163.0,163.0,159.0,159.0,1100.0,0,WTK
2018-11-28,159.0,160.0,159.0,160.0,1000.0,0,WTK
2018-11-29,160.0,160.0,160.0,160.0,0.0,0,WTK
2018-11-30,160.0,160.0,144.0,144.5,3500.0,0,WTK
2018-12-03,144.5,144.5,144.5,144.5,0.0,0,WTK
2018-12-04,144.5,144.5,140.0,141.75,3000.0,0,WTK
2018-12-05,141.75,144.0,140.0,140.5,6400.0,0,WTK
2018-12-06,140.5,140.5,140.0,140.0,600.0,0,WTK
2018-12-07,140.0,140.0,140.0,140.0,0.0,0,WTK
2018-12-10,140.0,143.0,140.0,140.5,1000.0,1,WTK
2018-12-10,140.0,140.0,140.0,140.0,0.0,0,WTK
2018-12-11,140.5,140.5,140.5,140.5,0.0,1,WTK
2018-12-11,140.0,140.0,140.0,140.0,0.0,0,WTK
2018-12-12,140.0,140.0,140.0,140.0,0.0,0,WTK
2018-12-12,140.5,140.5,140.5,140.5,0.0,1,WTK
2018-12-13,140.5,140.5,140.5,140.5,0.0,1,WTK
2018-12-13,140.0,140.0,140.0,140.0,0.0,0,WTK
2018-12-14,140.5,145.0,140.5,142.25,1100.0,0,WTK
2018-12-17,142.25,142.25,142.25,142.25,0.0,0,WTK
2018-12-18,142.25,145.0,142.25,145.0,900.0,0,WTK
2018-12-19,145.0,145.0,145.0,145.0,0.0,0,WTK
2018-12-20,145.0,155.0,145.0,153.75,2000.0,0,WTK
2018-12-21,153.75,153.75,153.75,153.75,0.0,0,WTK
2018-12-21,153.75,150.0,150.0,150.0,100.0,1,WTK
2018-12-24,150.0,150.0,150.0,150.0,1000.0,1,WTK
2018-12-24,153.75,153.75,153.75,153.75,0.0,0,WTK
2018-12-25,150.0,150.0,150.0,150.0,1000.0,1,WTK
2018-12-25,153.75,153.75,153.75,153.75,0.0,0,WTK
2018-12-26,153.75,153.75,153.75,153.75,0.0,0,WTK
2018-12-26,150.0,150.0,150.0,150.0,1000.0,1,WTK
2018-12-27,150.0,150.0,149.0,149.25,2600.0,0,WTK
2018-12-28,149.25,149.25,149.25,149.25,0.0,0,WTK
2018-12-31,149.25,150.0,150.0,150.0,100.0,1,WTK
2018-12-31,149.25,149.25,149.25,149.25,0.0,0,WTK
2019-01-01,149.25,149.25,149.25,149.25,0.0,0,WTK
2019-01-01,149.25,150.0,150.0,150.0,100.0,1,WTK
2019-01-02,149.25,149.25,149.25,149.25,0.0,0,WTK
2019-01-02,150.0,150.0,150.0,150.0,500.0,1,WTK
2019-01-03,150.0,150.0,150.0,150.0,300.0,1,WTK
2019-01-03,149.25,149.25,149.25,149.25,0.0,0,WTK
2019-01-04,150.0,150.0,149.0,149.25,2200.0,0,WTK
2019-01-07,149.25,149.25,149.0,149.0,500.0,0,WTK
2019-01-08,149.0,149.0,148.0,148.5,1000.0,0,WTK
2019-01-09,148.5,148.5,148.5,148.5,0.0,0,WTK
2019-01-09,148.5,149.0,146.0,146.25,4600.0,1,WTK
2019-01-10,146.25,146.25,146.25,146.25,0.0,0,WTK
2019-01-11,146.25,149.0,146.0,146.25,900.0,1,WTK
2019-01-11,146.25,146.25,146.25,146.25,0.0,0,WTK
2019-01-14,146.25,148.0,146.25,148.0,1200.0,0,WTK
2019-01-15,148.0,148.0,148.0,148.0,0.0,0,WTK
2019-01-16,148.0,148.0,147.0,147.0,400.0,0,WTK
2019-01-17,147.0,147.0,143.0,144.25,800.0,0,WTK
2019-01-18,144.25,144.25,144.25,144.25,0.0,0,WTK
2019-01-21,144.25,147.0,144.25,147.0,900.0,0,WTK
2019-01-22,147.0,147.0,143.0,144.0,800.0,0,WTK
2019-01-23,144.0,147.0,144.0,147.0,300.0,0,WTK
2019-01-24,147.0,147.0,147.0,147.0,0.0,0,WTK
2019-01-24,147.0,150.0,147.0,148.0,400.0,1,WTK
2019-01-25,148.0,148.0,148.0,148.0,0.0,0,WTK
2019-01-28,148.0,148.0,148.0,148.0,0.0,0,WTK
2019-01-28,148.0,148.0,148.0,148.0,700.0,1,WTK
2019-01-29,148.0,148.0,145.0,145.0,3800.0,0,WTK
2019-01-30,145.0,148.0,145.0,147.5,600.0,0,WTK
2019-01-31,147.5,147.5,146.0,146.25,4100.0,0,WTK
2019-02-01,146.25,146.25,146.0,146.0,2000.0,0,WTK
2019-02-04,146.0,147.0,146.0,146.5,1800.0,0,WTK
2019-02-05,146.5,146.5,146.5,146.5,0.0,0,WTK
2019-02-06,146.5,146.5,146.0,146.0,2200.0,0,WTK
2019-02-07,146.0,146.0,146.0,146.0,0.0,0,WTK
2019-02-08,146.0,146.0,140.0,140.0,3600.0,0,WTK
2019-02-11,140.0,147.0,140.0,146.25,10200.0,0,WTK
2019-02-12,146.25,148.0,146.0,146.75,3600.0,0,WTK
2019-02-13,146.75,160.0,146.75,160.0,400.0,0,WTK
2019-02-14,160.0,160.0,148.0,148.0,1000.0,0,WTK
2019-02-15,148.0,156.0,148.0,151.5,2500.0,0,WTK
2019-02-18,151.5,156.0,150.0,152.75,800.0,0,WTK
2019-02-19,152.75,152.75,152.75,152.75,0.0,0,WTK
2019-02-19,152.75,155.0,155.0,155.0,100.0,1,WTK
2019-02-20,155.0,155.0,155.0,155.0,300.0,0,WTK
2019-02-21,155.0,155.0,155.0,155.0,0.0,0,WTK
2019-02-21,155.0,155.0,155.0,155.0,200.0,1,WTK
2019-02-22,155.0,155.0,146.0,146.0,200.0,0,WTK
2019-02-25,146.0,146.0,146.0,146.0,0.0,0,WTK
2019-02-26,146.0,150.0,146.0,150.0,1100.0,0,WTK
2019-02-27,150.0,155.5,150.0,155.5,400.0,0,WTK
2019-02-28,155.5,155.5,150.0,151.0,5300.0,0,WTK
2019-03-01,151.0,152.0,150.0,151.25,600.0,0,WTK
2019-03-04,151.25,152.0,151.25,152.0,300.0,0,WTK
2019-03-05,152.0,152.0,151.0,151.75,900.0,0,WTK
2019-03-06,151.75,151.75,151.75,151.75,0.0,0,WTK
2019-03-07,151.75,151.75,146.0,147.25,300.0,0,WTK
2019-03-08,147.25,150.0,147.25,148.25,600.0,0,WTK
2019-03-11,148.25,150.0,148.0,149.75,1200.0,0,WTK
2019-03-12,149.75,149.75,146.0,146.0,1200.0,0,WTK
2019-03-13,146.0,149.75,146.0,147.0,2200.0,0,WTK
2019-03-14,147.0,153.0,147.0,149.5,4700.0,0,WTK
2019-03-15,149.5,150.0,150.0,150.0,10000.0,1,WTK
2019-03-15,149.5,149.5,149.5,149.5,0.0,0,WTK
2019-03-18,149.5,149.5,149.5,149.5,0.0,0,WTK
2019-03-18,150.0,150.0,150.0,150.0,1800.0,1,WTK
2019-03-19,150.0,150.0,150.0,150.0,0.0,1,WTK
2019-03-19,149.5,149.5,149.5,149.5,0.0,0,WTK
2019-03-20,149.5,149.5,149.5,149.5,0.0,0,WTK
2019-03-20,150.0,150.0,150.0,150.0,0.0,1,WTK
2019-03-21,150.0,150.0,150.0,150.0,4000.0,1,WTK
2019-03-21,149.5,149.5,149.5,149.5,0.0,0,WTK
2019-03-22,150.0,150.0,149.0,149.5,300.0,0,WTK
2019-03-25,149.5,149.5,146.0,146.5,1200.0,0,WTK
2019-03-26,146.5,149.0,145.0,147.0,3200.0,0,WTK
2019-03-27,147.0,149.0,147.0,147.75,1700.0,0,WTK
2019-03-28,147.75,148.75,145.0,148.0,500.0,0,WTK
2019-03-29,148.0,148.0,145.0,145.0,1300.0,0,WTK
2019-04-01,145.0,145.0,145.0,145.0,700.0,0,WTK
2019-04-02,145.0,145.0,144.0,144.0,400.0,0,WTK
2019-04-03,144.0,144.0,140.0,143.25,700.0,0,WTK
2019-04-04,143.25,143.25,135.0,138.5,700.0,0,WTK
2019-04-05,138.5,140.0,138.5,140.0,900.0,0,WTK
2019-04-08,140.0,140.0,140.0,140.0,500.0,0,WTK
2019-04-09,140.0,140.0,138.0,139.5,1400.0,0,WTK
2019-04-10,139.5,140.0,139.5,140.0,300.0,0,WTK
2019-04-11,140.0,140.0,140.0,140.0,0.0,0,WTK
2019-04-12,140.0,140.0,139.5,139.75,2600.0,0,WTK
2019-04-15,139.75,139.75,139.75,139.75,0.0,0,WTK
2019-04-16,139.75,145.0,139.75,145.0,100.0,0,WTK
2019-04-17,145.0,145.0,145.0,145.0,0.0,0,WTK
2019-04-18,145.0,144.0,143.5,143.5,300.0,1,WTK
2019-04-18,145.0,145.0,145.0,145.0,0.0,0,WTK
2019-04-19,145.0,144.0,143.5,143.5,300.0,1,WTK
2019-04-19,145.0,145.0,145.0,145.0,0.0,0,WTK
2019-04-22,145.0,144.0,143.5,143.5,300.0,1,WTK
2019-04-22,145.0,145.0,145.0,145.0,0.0,0,WTK
2019-04-23,143.5,143.5,142.0,143.0,700.0,0,WTK
2019-04-24,143.0,143.0,138.0,138.0,200.0,0,WTK
2019-04-25,138.0,140.5,138.0,139.5,300.0,0,WTK
2019-04-26,139.5,144.0,138.0,143.75,10200.0,0,WTK
2019-04-29,143.75,143.75,138.0,143.0,900.0,0,WTK
2019-04-30,143.0,144.0,143.0,144.0,400.0,0,WTK
2019-05-01,144.0,144.0,144.0,144.0,0.0,0,WTK
2019-05-01,143.0,144.0,144.0,144.0,400.0,1,WTK
2019-05-02,144.0,144.0,138.0,141.5,300.0,0,WTK
2019-05-03,141.5,142.75,141.5,142.75,200.0,0,WTK
2019-05-06,142.75,143.0,140.0,141.75,2200.0,0,WTK
2019-05-07,141.75,142.75,140.0,140.5,500.0,0,WTK
2019-05-08,140.5,140.5,140.5,140.5,300.0,0,WTK
2019-05-09,140.5,140.5,140.5,140.5,0.0,0,WTK
2019-05-09,140.5,140.0,140.0,140.0,400.0,1,WTK
2019-05-10,140.5,140.5,140.5,140.5,0.0,0,WTK
2019-05-10,140.0,140.0,140.0,140.0,700.0,1,WTK
2019-05-13,140.0,140.0,140.0,140.0,1000.0,1,WTK
2019-05-13,140.5,140.5,140.5,140.5,0.0,0,WTK
2019-05-14,140.5,140.5,140.5,140.5,0.0,0,WTK
2019-05-14,140.0,140.0,140.0,140.0,0.0,1,WTK
2019-05-15,140.0,142.0,140.0,142.0,900.0,0,WTK
2019-05-16,142.0,142.0,142.0,142.0,0.0,0,WTK
2019-05-17,142.0,142.0,140.0,140.0,600.0,0,WTK
2019-05-20,140.0,142.0,140.0,142.0,300.0,0,WTK
2019-05-21,142.0,142.0,140.0,140.0,700.0,0,WTK
2019-05-22,140.0,140.0,140.0,140.0,600.0,0,WTK
2019-05-23,140.0,142.0,140.0,140.75,2600.0,0,WTK
2019-05-24,140.75,141.0,140.0,140.5,1400.0,0,WTK
2019-05-27,140.5,140.5,138.0,138.5,300.0,0,WTK
2019-05-28,138.5,138.5,138.5,138.5,0.0,0,WTK
2019-05-28,138.5,140.0,140.0,140.0,55800.0,1,WTK
2019-05-29,140.0,140.0,140.0,140.0,0.0,0,WTK
2019-05-30,140.0,140.0,140.0,140.0,0.0,0,WTK
2019-05-30,140.0,140.0,140.0,140.0,300.0,1,WTK
2019-05-31,140.0,140.0,138.0,138.5,300.0,0,WTK
2019-06-03,138.5,138.5,138.0,138.0,10000.0,0,WTK
2019-06-04,138.0,140.0,136.0,136.5,3100.0,0,WTK
2019-06-05,136.5,136.5,136.5,136.5,0.0,0,WTK
2019-06-05,138.0,140.0,136.0,136.5,3100.0,1,WTK
2019-06-06,136.5,138.0,136.5,138.0,1200.0,0,WTK
2019-06-07,138.0,138.0,136.0,136.5,400.0,0,WTK
2019-06-10,136.5,136.5,136.0,136.0,9700.0,0,WTK
2019-06-11,136.0,136.0,136.0,136.0,0.0,0,WTK
2019-06-12,136.0,138.0,136.0,138.0,400.0,0,WTK
2019-06-13,138.0,140.0,138.0,139.5,2600.0,0,WTK
2019-06-14,139.5,140.0,139.5,139.75,5000.0,0,WTK
2019-06-17,139.75,140.0,139.75,140.0,100.0,0,WTK
2019-06-18,140.0,140.0,138.0,138.75,800.0,0,WTK
2019-06-19,138.75,140.0,137.0,138.5,1100.0,0,WTK
2019-06-20,138.5,138.5,136.25,136.25,700.0,0,WTK
2019-06-21,136.25,138.0,136.25,138.0,1000.0,0,WTK
2019-06-24,138.0,138.0,137.0,137.25,300.0,0,WTK
2019-06-25,137.25,137.25,136.0,136.0,1900.0,0,WTK
2019-06-26,136.0,140.0,136.0,140.0,500.0,0,WTK
2019-06-27,140.0,140.0,140.0,140.0,0.0,0,WTK
2019-06-28,140.0,154.0,140.0,141.5,26200.0,0,WTK
2019-07-01,141.5,154.0,141.5,151.0,3600.0,0,WTK
2019-07-02,151.0,155.0,151.0,154.25,20700.0,0,WTK
2019-07-03,154.25,155.0,154.25,155.0,100.0,0,WTK
2019-07-04,155.0,155.0,154.0,154.25,800.0,0,WTK
2019-07-05,154.25,155.0,154.25,155.0,3600.0,0,WTK
2019-07-08,155.0,155.0,154.0,154.5,1300.0,0,WTK
2019-07-09,154.5,155.0,154.5,155.0,7800.0,0,WTK
2019-07-10,155.0,155.0,154.0,154.5,4100.0,0,WTK
2019-07-11,154.5,155.0,153.0,154.25,6100.0,0,WTK
2019-07-12,154.25,155.0,154.25,155.0,2800.0,0,WTK
2019-07-15,155.0,160.0,155.0,156.5,1600.0,0,WTK
2019-07-16,156.5,160.0,156.5,158.25,600.0,0,WTK
2019-07-17,158.25,159.5,158.25,159.5,100.0,0,WTK
2019-07-18,159.5,164.0,159.5,161.75,1800.0,0,WTK
2019-07-19,161.75,163.0,159.5,162.5,2300.0,0,WTK
2019-07-22,162.5,165.0,162.5,164.0,61400.0,0,WTK
2019-07-23,164.0,165.0,164.0,165.0,900.0,0,WTK
2019-07-24,165.0,165.0,160.0,162.0,4500.0,0,WTK
2019-07-25,162.0,165.0,160.0,163.75,7600.0,0,WTK
2019-07-26,163.75,165.0,163.75,165.0,2800.0,0,WTK
2019-07-29,165.0,165.0,164.5,164.5,5900.0,0,WTK
2019-07-30,164.5,164.5,162.5,163.75,4900.0,0,WTK
2019-07-31,163.75,165.0,162.5,164.75,17600.0,0,WTK
2019-08-01,164.75,164.75,145.0,150.0,29000.0,0,WTK
2019-08-02,150.0,140.0,140.0,140.0,100.0,1,WTK
2019-08-02,150.0,150.0,150.0,150.0,0.0,0,WTK
2019-08-05,150.0,150.0,150.0,150.0,0.0,0,WTK
2019-08-05,140.0,140.0,140.0,140.0,100.0,1,WTK
2019-08-06,140.0,140.0,140.0,140.0,100.0,1,WTK
2019-08-06,150.0,150.0,150.0,150.0,0.0,0,WTK
2019-08-07,140.0,140.0,140.0,140.0,100.0,1,WTK
2019-08-07,150.0,150.0,150.0,150.0,0.0,0,WTK
2019-08-08,140.0,145.0,140.0,145.0,2100.0,0,WTK
2019-08-09,145.0,140.0,140.0,140.0,700.0,1,WTK
2019-08-09,145.0,145.0,145.0,145.0,0.0,0,WTK
2019-08-12,145.0,145.0,145.0,145.0,0.0,0,WTK
2019-08-12,145.0,140.0,140.0,140.0,700.0,1,WTK
2019-08-13,140.0,140.0,140.0,140.0,600.0,1,WTK
2019-08-13,145.0,145.0,145.0,145.0,0.0,0,WTK
2019-08-14,140.0,140.0,140.0,140.0,100.0,1,WTK
2019-08-14,145.0,145.0,145.0,145.0,0.0,0,WTK
2019-08-15,140.0,140.0,140.0,140.0,200.0,1,WTK
2019-08-15,145.0,145.0,145.0,145.0,0.0,0,WTK
2019-08-16,140.0,140.0,126.0,130.0,300.0,0,WTK
2019-08-19,130.0,130.0,126.25,127.0,400.0,0,WTK
2019-08-20,127.0,135.0,127.0,135.0,800.0,0,WTK
2019-08-21,135.0,135.0,135.0,135.0,4200.0,0,WTK
2019-08-22,135.0,135.0,130.0,132.25,1700.0,0,WTK
2019-08-23,132.25,135.0,132.25,134.25,3800.0,0,WTK
2019-08-26,134.25,135.0,135.0,135.0,100.0,1,WTK
2019-08-26,134.25,134.25,134.25,134.25,0.0,0,WTK
2019-08-27,134.25,134.25,134.25,134.25,0.0,0,WTK
2019-08-27,135.0,135.0,135.0,135.0,3800.0,1,WTK
2019-08-28,134.25,134.25,134.25,134.25,0.0,0,WTK
2019-08-28,135.0,135.0,135.0,135.0,500.0,1,WTK
2019-08-29,134.25,134.25,134.25,134.25,0.0,0,WTK
2019-08-29,135.0,135.0,135.0,135.0,100.0,1,WTK
2019-08-30,134.25,134.25,134.25,134.25,0.0,0,WTK
2019-08-30,135.0,135.0,135.0,135.0,200.0,1,WTK
2019-09-02,135.0,135.0,130.0,130.0,500.0,0,WTK
2019-09-03,130.0,140.0,130.0,140.0,600.0,0,WTK
2019-09-04,140.0,130.0,130.0,130.0,1900.0,1,WTK
2019-09-04,140.0,140.0,140.0,140.0,0.0,0,WTK
2019-09-05,130.0,130.0,130.0,130.0,1500.0,1,WTK
2019-09-05,140.0,140.0,140.0,140.0,0.0,0,WTK
2019-09-06,140.0,140.0,140.0,140.0,0.0,0,WTK
2019-09-06,130.0,130.0,130.0,130.0,500.0,1,WTK
2019-09-09,140.0,140.0,140.0,140.0,0.0,0,WTK
2019-09-09,130.0,130.0,130.0,130.0,0.0,1,WTK
2019-09-10,140.0,140.0,140.0,140.0,0.0,0,WTK
2019-09-10,130.0,130.0,130.0,130.0,0.0,1,WTK
2019-09-11,130.0,142.0,130.0,142.0,200.0,0,WTK
2019-09-12,142.0,142.0,140.0,140.0,200.0,0,WTK
2019-09-13,140.0,140.0,140.0,140.0,0.0,0,WTK
2019-09-16,140.0,140.0,132.0,136.25,1100.0,0,WTK
2019-09-17,136.25,138.0,136.25,138.0,100.0,0,WTK
2019-09-18,138.0,138.0,138.0,138.0,500.0,0,WTK
2019-09-19,138.0,138.0,135.0,135.5,500.0,0,WTK
2019-09-20,135.5,135.5,135.0,135.0,4700.0,0,WTK
2019-09-23,135.0,140.0,135.0,135.75,1100.0,0,WTK
2019-09-24,135.75,136.0,135.0,135.75,4500.0,0,WTK
2019-09-25,135.75,135.75,135.0,135.0,1600.0,0,WTK
2019-09-26,135.0,135.0,131.0,131.0,400.0,0,WTK
2019-09-27,131.0,136.0,131.0,135.75,9400.0,0,WTK
2019-09-30,135.75,140.0,135.75,138.25,3200.0,0,WTK
2019-10-01,138.25,138.25,138.0,138.0,200.0,0,WTK
2019-10-02,138.0,138.0,138.0,138.0,100.0,0,WTK
2019-10-03,138.0,138.0,135.0,136.25,2600.0,0,WTK
2019-10-04,136.25,137.0,136.25,137.0,100.0,0,WTK
2019-10-07,137.0,137.0,135.0,136.0,500.0,0,WTK
2019-10-08,136.0,137.0,136.0,136.5,1400.0,0,WTK
2019-10-09,136.5,137.0,135.0,135.25,7200.0,0,WTK
2019-10-10,135.25,135.25,135.25,135.25,0.0,0,WTK
2019-10-10,136.5,137.0,135.0,135.25,7200.0,1,WTK
2019-10-11,135.25,135.25,135.0,135.0,200.0,0,WTK
2019-10-14,135.0,137.0,135.0,136.5,2400.0,0,WTK
2019-10-15,136.5,136.5,135.0,135.0,2200.0,0,WTK
2019-10-16,135.0,135.0,132.0,135.0,6300.0,0,WTK
2019-10-17,135.0,135.0,134.0,134.75,900.0,0,WTK
2019-10-18,134.75,134.0,134.0,134.0,2300.0,1,WTK
2019-10-18,134.75,134.75,134.75,134.75,0.0,0,WTK
2019-10-21,134.75,134.75,134.75,134.75,0.0,0,WTK
2019-10-21,134.75,134.0,134.0,134.0,2300.0,1,WTK
2019-10-22,134.75,134.75,134.75,134.75,0.0,0,WTK
2019-10-22,134.0,134.0,134.0,134.0,1000.0,1,WTK
2019-10-23,134.0,134.0,134.0,134.0,1500.0,1,WTK
2019-10-23,134.75,134.75,134.75,134.75,0.0,0,WTK
2019-10-24,134.0,134.0,134.0,134.0,0.0,1,WTK
2019-10-24,134.75,134.75,134.75,134.75,0.0,0,WTK
2019-10-25,134.0,135.0,134.0,134.5,3800.0,0,WTK
2019-10-28,134.5,134.5,134.0,134.0,1600.0,0,WTK
2019-10-29,134.0,134.0,133.0,133.0,1100.0,0,WTK
2019-10-30,133.0,135.0,132.0,132.5,2300.0,0,WTK
2019-10-31,132.5,134.0,130.0,131.75,1500.0,0,WTK
2019-11-01,131.75,134.0,131.75,134.0,200.0,0,WTK
2019-11-04,134.0,134.0,129.0,130.25,1300.0,0,WTK
2019-11-05,130.25,135.0,130.0,131.25,2600.0,0,WTK
2019-11-06,131.25,134.0,131.25,134.0,1200.0,0,WTK
2019-11-07,134.0,134.0,133.0,133.75,500.0,0,WTK
2019-11-08,133.75,133.75,129.0,131.75,700.0,0,WTK
2019-11-11,131.75,133.0,131.0,132.25,1500.0,0,WTK
2019-11-12,132.25,132.25,130.0,130.75,1100.0,0,WTK
2019-11-13,130.75,130.75,130.75,130.75,0.0,0,WTK
2019-11-14,130.75,132.0,125.0,128.0,2000.0,0,WTK
2019-11-15,128.0,135.0,128.0,132.75,1700.0,0,WTK
2019-11-18,132.75,132.75,132.0,132.0,600.0,0,WTK
2019-11-19,132.0,133.0,130.0,131.75,2300.0,0,WTK
2019-11-20,131.75,132.0,131.0,131.5,200.0,0,WTK
2019-11-21,131.5,131.5,130.0,130.25,2000.0,0,WTK
2019-11-22,130.25,130.25,130.25,130.25,0.0,0,WTK
2019-11-22,130.25,131.0,131.0,131.0,600.0,1,WTK
2019-11-25,131.0,131.0,131.0,131.0,0.0,0,WTK
2019-11-26,131.0,131.0,131.0,131.0,0.0,1,WTK
2019-11-26,131.0,131.0,131.0,131.0,0.0,0,WTK
2019-11-27,131.0,135.0,131.0,135.0,200.0,0,WTK
2019-11-28,135.0,135.0,135.0,135.0,0.0,0,WTK
2019-11-29,135.0,135.0,131.0,133.75,3300.0,0,WTK
2019-12-02,133.75,133.75,132.0,132.0,700.0,0,WTK
2019-12-03,132.0,134.0,132.0,134.0,100.0,0,WTK
2019-12-04,134.0,134.0,132.0,132.25,600.0,0,WTK
2019-12-05,132.25,133.0,132.0,132.5,400.0,0,WTK
2019-12-06,132.5,132.5,132.0,132.0,1300.0,0,WTK
2019-12-09,132.0,134.0,132.0,134.0,0.0,0,WTK
2019-12-10,134.0,134.0,134.0,134.0,0.0,0,WTK
2019-12-11,134.0,134.0,133.0,133.75,1400.0,0,WTK
2019-12-12,133.75,133.75,133.75,133.75,0.0,0,WTK
2019-12-12,134.0,134.0,133.0,133.75,1400.0,1,WTK
2019-12-13,133.75,134.0,133.0,134.0,1900.0,0,WTK
2019-12-16,134.0,135.0,134.0,134.75,600.0,0,WTK
2019-12-17,134.75,134.75,131.0,132.5,7400.0,0,WTK
2019-12-18,132.5,133.0,132.5,133.0,3600.0,0,WTK
2019-12-19,133.0,133.0,133.0,133.0,2100.0,0,WTK
2019-12-20,133.0,133.0,132.0,132.5,1000.0,0,WTK
2019-12-23,132.5,132.0,132.0,132.0,2100.0,1,WTK
2019-12-23,132.5,132.5,132.5,132.5,0.0,0,WTK
2019-12-24,132.5,132.5,132.5,132.5,0.0,0,WTK
2019-12-24,132.0,132.0,132.0,132.0,0.0,1,WTK
2019-12-25,132.0,132.0,132.0,132.0,0.0,1,WTK
2019-12-25,132.5,132.5,132.5,132.5,0.0,0,WTK
2019-12-26,132.0,132.0,132.0,132.0,0.0,1,WTK
2019-12-26,132.5,132.5,132.5,132.5,0.0,0,WTK
2019-12-27,132.0,135.0,132.0,133.5,1300.0,0,WTK
2019-12-30,133.5,133.5,132.25,132.25,1400.0,0,WTK
2019-12-31,132.25,145.25,132.25,139.5,4400.0,0,WTK
2020-01-01,132.25,145.25,135.0,139.5,4400.0,1,WTK
2020-01-01,139.5,139.5,139.5,139.5,0.0,0,WTK
2020-01-02,139.5,139.5,139.0,139.0,100.0,0,WTK
2020-01-03,139.0,140.0,138.0,138.25,1600.0,0,WTK
2020-01-06,138.25,139.0,138.25,139.0,300.0,0,WTK
2020-01-07,139.0,139.0,134.0,134.5,6100.0,0,WTK
2020-01-08,134.5,134.5,130.0,130.0,700.0,0,WTK
2020-01-09,130.0,130.0,130.0,130.0,0.0,0,WTK
2020-01-10,130.0,134.0,130.0,133.75,8000.0,0,WTK
2020-01-13,133.75,133.75,133.75,133.75,0.0,0,WTK
2020-01-14,133.75,134.0,134.0,134.0,100.0,1,WTK
2020-01-14,133.75,133.75,133.75,133.75,0.0,0,WTK
2020-01-15,133.75,133.75,133.75,133.75,0.0,0,WTK
2020-01-15,134.0,134.0,134.0,134.0,0.0,1,WTK
2020-01-16,134.0,134.0,134.0,134.0,300.0,1,WTK
2020-01-16,133.75,133.75,133.75,133.75,0.0,0,WTK
2020-01-17,133.75,133.75,133.75,133.75,0.0,0,WTK
2020-01-17,134.0,134.0,134.0,134.0,500.0,1,WTK
2020-01-20,133.75,133.75,133.75,133.75,0.0,0,WTK
2020-01-20,134.0,134.0,134.0,134.0,2700.0,1,WTK
2020-01-21,134.0,134.0,133.0,133.25,400.0,0,WTK
2020-01-22,133.25,133.25,131.0,132.0,2700.0,0,WTK
2020-01-23,132.0,133.0,125.0,130.75,6400.0,0,WTK
2020-01-24,130.75,133.0,130.75,133.0,500.0,0,WTK
2020-01-27,133.0,133.0,126.0,132.25,900.0,0,WTK
2020-01-28,132.25,133.0,132.25,133.0,400.0,0,WTK
2020-01-29,133.0,133.0,133.0,133.0,100.0,0,WTK
2020-01-30,133.0,133.0,131.0,131.0,900.0,0,WTK
2020-01-31,131.0,131.0,128.0,130.25,5900.0,0,WTK
2020-02-03,130.25,130.25,130.0,130.0,2500.0,0,WTK
2020-02-04,130.0,132.0,129.0,129.5,700.0,0,WTK
2020-02-05,129.5,130.0,129.5,130.0,500.0,1,WTK
2020-02-05,129.5,129.5,129.5,129.5,0.0,0,WTK
2020-02-06,130.0,130.0,130.0,130.0,27700.0,1,WTK
2020-02-06,129.5,129.5,129.5,129.5,0.0,0,WTK
2020-02-07,130.0,130.0,130.0,130.0,2300.0,1,WTK
2020-02-07,129.5,129.5,129.5,129.5,0.0,0,WTK
2020-02-10,129.5,129.5,129.5,129.5,0.0,0,WTK
2020-02-10,130.0,130.0,130.0,130.0,1000.0,1,WTK
2020-02-11,129.5,129.5,129.5,129.5,0.0,0,WTK
2020-02-11,130.0,130.0,130.0,130.0,1000.0,1,WTK
2020-02-12,130.0,130.0,130.0,130.0,300.0,1,WTK
2020-02-12,129.5,129.5,129.5,129.5,0.0,0,WTK
2020-02-13,130.0,130.0,130.0,130.0,0.0,1,WTK
2020-02-13,129.5,129.5,129.5,129.5,0.0,0,WTK
2020-02-14,129.5,129.5,129.5,129.5,0.0,0,WTK
2020-02-14,130.0,130.0,130.0,130.0,700.0,1,WTK
2020-02-17,130.0,130.0,129.5,129.75,3100.0,0,WTK
2020-02-18,129.75,129.75,129.0,129.25,3000.0,0,WTK
2020-02-19,129.25,129.25,120.0,123.0,3900.0,0,WTK
2020-02-20,123.0,125.0,123.0,125.0,1500.0,0,WTK
2020-02-21,125.0,125.0,125.0,125.0,1500.0,0,WTK
2020-02-24,125.0,125.0,123.0,123.75,500.0,0,WTK
2020-02-25,123.75,123.75,123.0,123.0,200.0,0,WTK
2020-02-26,123.0,124.0,122.0,122.75,300.0,0,WTK
2020-02-27,122.75,122.75,122.75,122.75,0.0,0,WTK
2020-02-28,122.75,124.0,122.75,123.25,1500.0,0,WTK
2020-03-02,123.25,123.25,122.0,122.75,1100.0,0,WTK
2020-03-03,122.75,122.75,120.0,120.25,5300.0,0,WTK
2020-03-04,120.25,122.0,120.0,120.25,1200.0,0,WTK
2020-03-05,120.25,120.0,120.0,120.0,11100.0,1,WTK
2020-03-05,120.25,120.25,120.25,120.25,0.0,0,WTK
2020-03-06,120.0,120.0,120.0,120.0,1000.0,0,WTK
2020-03-09,120.0,120.0,120.0,120.0,1300.0,1,WTK
2020-03-09,120.0,120.0,120.0,120.0,0.0,0,WTK
2020-03-10,120.0,120.0,119.0,119.75,500.0,0,WTK
2020-03-11,119.75,119.75,119.0,119.0,100.0,0,WTK
2020-03-12,119.0,120.0,116.0,119.0,900.0,0,WTK
2020-03-13,119.0,119.0,110.0,112.0,1600.0,0,WTK
2020-03-16,112.0,112.0,112.0,112.0,1200.0,0,WTK
2020-03-17,112.0,112.0,108.0,109.75,1700.0,0,WTK
2020-03-18,109.75,109.75,109.0,109.0,800.0,0,WTK
2020-03-19,109.0,109.0,98.5,102.75,1800.0,0,WTK
2020-03-20,102.75,105.0,93.0,94.25,11300.0,0,WTK
2020-03-23,94.25,100.0,94.0,94.75,2500.0,0,WTK
2020-03-24,94.75,94.75,93.0,93.0,1300.0,0,WTK
2020-03-25,93.0,93.0,92.0,92.0,100.0,0,WTK
2020-03-26,92.0,99.75,92.0,93.5,3000.0,0,WTK
2020-03-27,93.5,99.5,93.0,94.75,800.0,0,WTK
2020-03-30,94.75,104.0,94.75,96.75,500.0,0,WTK
2020-03-31,96.75,104.0,96.75,104.0,100.0,0,WTK
2020-04-01,104.0,104.0,100.0,100.0,100.0,0,WTK
2020-04-02,100.0,108.0,100.0,106.25,500.0,0,WTK
2020-04-03,106.25,111.0,105.0,109.0,1200.0,0,WTK
2020-04-06,109.0,110.0,104.0,105.75,800.0,0,WTK
2020-04-07,105.75,105.75,105.75,105.75,0.0,0,WTK
2020-04-07,105.75,106.0,106.0,106.0,200.0,1,WTK
2020-04-08,105.75,105.75,105.75,105.75,0.0,0,WTK
2020-04-08,106.0,106.0,106.0,106.0,1000.0,1,WTK
2020-04-09,106.0,106.0,106.0,106.0,500.0,1,WTK
2020-04-09,105.75,105.75,105.75,105.75,0.0,0,WTK
2020-04-10,105.75,105.75,105.75,105.75,0.0,0,WTK
2020-04-10,106.0,106.0,106.0,106.0,500.0,1,WTK
2020-04-13,105.75,105.75,105.75,105.75,0.0,0,WTK
2020-04-13,106.0,106.0,106.0,106.0,500.0,1,WTK
2020-04-14,106.0,112.0,106.0,111.0,200.0,0,WTK
2020-04-15,111.0,115.0,111.0,114.75,1800.0,0,WTK
2020-04-16,114.75,114.75,114.75,114.75,0.0,0,WTK
2020-04-16,114.75,115.0,115.0,115.0,900.0,1,WTK
2020-04-17,115.0,115.0,115.0,115.0,0.0,1,WTK
2020-04-17,114.75,114.75,114.75,114.75,0.0,0,WTK
2020-04-20,114.75,114.75,114.75,114.75,0.0,0,WTK
2020-04-20,115.0,115.0,115.0,115.0,4000.0,1,WTK
2020-04-21,114.75,114.75,114.75,114.75,0.0,0,WTK
2020-04-21,115.0,115.0,115.0,115.0,0.0,1,WTK
2020-04-22,115.0,115.0,115.0,115.0,800.0,1,WTK
2020-04-22,114.75,114.75,114.75,114.75,0.0,0,WTK
2020-04-23,115.0,115.0,111.25,112.75,2000.0,0,WTK
2020-04-24,112.75,115.0,112.0,112.25,6400.0,0,WTK
2020-04-27,112.25,115.0,112.25,115.0,1400.0,0,WTK
2020-04-28,115.0,115.0,112.0,113.0,5300.0,0,WTK
2020-04-29,113.0,113.0,113.0,113.0,0.0,0,WTK
2020-04-29,113.0,115.0,115.0,115.0,23400.0,1,WTK
2020-04-30,115.0,115.0,115.0,115.0,2400.0,1,WTK
2020-04-30,113.0,113.0,113.0,113.0,0.0,0,WTK
2020-05-01,115.0,115.0,115.0,115.0,2400.0,1,WTK
2020-05-01,113.0,113.0,113.0,113.0,0.0,0,WTK
2020-05-04,115.0,115.0,115.0,115.0,0.0,1,WTK
2020-05-04,113.0,113.0,113.0,113.0,0.0,0,WTK
2020-05-05,113.0,113.0,113.0,113.0,0.0,0,WTK
2020-05-05,115.0,115.0,115.0,115.0,600.0,1,WTK
2020-05-06,115.0,115.0,114.0,115.0,2200.0,1,WTK
2020-05-06,113.0,113.0,113.0,113.0,0.0,0,WTK
2020-05-07,113.0,113.0,113.0,113.0,0.0,0,WTK
2020-05-07,115.0,116.0,115.0,115.0,2300.0,1,WTK
2020-05-08,113.0,113.0,113.0,113.0,0.0,0,WTK
2020-05-08,115.0,115.0,115.0,115.0,0.0,1,WTK
2020-05-11,113.0,113.0,113.0,113.0,0.0,0,WTK
2020-05-11,115.0,115.0,115.0,115.0,0.0,1,WTK
2020-05-12,115.0,115.0,115.0,115.0,2000.0,1,WTK
2020-05-12,113.0,113.0,113.0,113.0,0.0,0,WTK
2020-05-13,115.0,115.0,115.0,115.0,2600.0,1,WTK
2020-05-13,113.0,113.0,113.0,113.0,0.0,0,WTK
2020-05-14,115.0,118.0,115.0,118.0,600.0,0,WTK
2020-05-15,118.0,118.0,115.0,115.0,1800.0,0,WTK
2020-05-18,115.0,120.0,115.0,118.0,2300.0,0,WTK
2020-05-19,118.0,118.0,115.0,117.75,6000.0,0,WTK
2020-05-20,117.75,118.0,115.0,117.75,2100.0,0,WTK
2020-05-21,117.75,120.0,117.75,120.0,1000.0,0,WTK
2020-05-22,120.0,120.0,119.0,119.0,2500.0,0,WTK
2020-05-25,120.0,119.0,119.0,119.0,2500.0,1,WTK
2020-05-25,119.0,119.0,119.0,119.0,0.0,0,WTK
2020-05-26,119.0,119.0,119.0,119.0,0.0,0,WTK
2020-05-26,119.0,120.0,119.0,120.0,6500.0,1,WTK
2020-05-27,120.0,120.0,120.0,120.0,800.0,1,WTK
2020-05-27,119.0,119.0,119.0,119.0,0.0,0,WTK
2020-05-28,120.0,120.0,120.0,120.0,0.0,1,WTK
2020-05-28,119.0,119.0,119.0,119.0,0.0,0,WTK
2020-05-29,120.0,120.0,120.0,120.0,0.0,1,WTK
2020-05-29,119.0,119.0,119.0,119.0,0.0,0,WTK
2020-06-01,119.0,119.0,119.0,119.0,0.0,0,WTK
2020-06-01,120.0,120.0,120.0,120.0,0.0,1,WTK
2020-06-02,120.0,124.0,120.0,124.0,200.0,0,WTK
2020-06-03,124.0,124.0,119.0,120.5,500.0,0,WTK
2020-06-04,120.5,120.5,120.5,120.5,0.0,0,WTK
2020-06-04,120.5,123.0,120.0,120.0,5100.0,1,WTK
2020-06-05,120.5,120.5,120.5,120.5,0.0,0,WTK
2020-06-05,120.0,120.0,120.0,120.0,700.0,1,WTK
2020-06-08,120.0,120.0,120.0,120.0,6200.0,1,WTK
2020-06-08,120.5,120.5,120.5,120.5,0.0,0,WTK
2020-06-09,120.5,120.5,120.5,120.5,0.0,0,WTK
2020-06-09,120.0,120.0,120.0,120.0,2900.0,1,WTK
2020-06-10,120.5,120.5,120.5,120.5,0.0,0,WTK
2020-06-10,120.0,120.0,120.0,120.0,0.0,1,WTK
2020-06-11,120.0,120.0,120.0,120.0,6400.0,1,WTK
2020-06-11,120.5,120.5,120.5,120.5,0.0,0,WTK
2020-06-12,120.0,132.0,120.0,121.0,3200.0,0,WTK
2020-06-15,121.0,121.0,121.0,121.0,0.0,0,WTK
2020-06-16,121.0,132.0,121.0,132.0,300.0,0,WTK
2020-06-17,132.0,122.0,121.0,121.0,8200.0,1,WTK
2020-06-17,132.0,132.0,132.0,132.0,0.0,0,WTK
2020-06-18,132.0,132.0,132.0,132.0,0.0,0,WTK
2020-06-18,121.0,121.0,121.0,121.0,200.0,1,WTK
2020-06-19,121.0,121.0,121.0,121.0,1300.0,1,WTK
2020-06-19,132.0,132.0,132.0,132.0,0.0,0,WTK
2020-06-22,121.0,121.0,121.0,121.0,600.0,1,WTK
2020-06-22,132.0,132.0,132.0,132.0,0.0,0,WTK
2020-06-23,132.0,132.0,132.0,132.0,0.0,0,WTK
2020-06-23,121.0,121.0,121.0,121.0,0.0,1,WTK
2020-06-24,121.0,130.0,121.0,130.0,200.0,0,WTK
2020-06-25,130.0,130.0,130.0,130.0,0.0,0,WTK
2020-06-26,130.0,132.0,130.0,131.5,2000.0,0,WTK
2020-06-29,131.5,130.0,130.0,130.0,1100.0,1,WTK
2020-06-29,131.5,131.5,131.5,131.5,0.0,0,WTK
2020-06-30,131.5,131.5,131.5,131.5,0.0,0,WTK
2020-06-30,130.0,130.0,130.0,130.0,600.0,1,WTK
2020-07-01,130.0,130.0,130.0,130.0,400.0,1,WTK
2020-07-01,131.5,131.5,131.5,131.5,0.0,0,WTK
2020-07-02,131.5,131.5,131.5,131.5,0.0,0,WTK
2020-07-02,130.0,130.0,130.0,130.0,3900.0,1,WTK
2020-07-03,130.0,135.0,130.0,130.25,2300.0,0,WTK
2020-07-06,130.25,130.25,130.0,130.0,1400.0,0,WTK
2020-07-07,130.0,132.0,130.0,130.25,1400.0,0,WTK
2020-07-08,130.25,130.25,130.25,130.25,300.0,0,WTK
2020-07-09,130.25,130.25,130.25,130.25,0.0,0,WTK
2020-07-09,130.25,130.0,127.0,128.25,1600.0,1,WTK
2020-07-10,128.25,128.25,128.25,128.25,0.0,0,WTK
2020-07-13,128.25,128.25,128.25,128.25,0.0,1,WTK
2020-07-13,128.25,128.25,128.25,128.25,0.0,0,WTK
2020-07-14,128.25,130.0,128.25,130.0,100.0,0,WTK
2020-07-15,130.0,130.0,128.0,128.25,600.0,0,WTK
2020-07-16,128.25,128.25,128.25,128.25,0.0,0,WTK
2020-07-17,128.25,141.0,128.25,137.0,2300.0,0,WTK
2020-07-20,137.0,150.0,137.0,143.25,7600.0,0,WTK
2020-07-21,143.25,148.0,143.25,147.5,3500.0,0,WTK
2020-07-22,147.5,147.5,143.25,145.5,600.0,0,WTK
2020-07-23,145.5,147.0,145.0,145.0,9000.0,0,WTK
2020-07-24,145.0,145.0,145.0,145.0,0.0,0,WTK
2020-07-27,145.0,146.0,144.0,144.75,2500.0,0,WTK
2020-07-28,144.75,144.75,144.0,144.0,600.0,0,WTK
2020-07-29,144.0,145.0,144.0,144.0,3400.0,0,WTK
2020-07-30,144.0,145.0,144.0,144.25,2700.0,0,WTK
2020-07-31,144.25,144.25,144.25,144.25,0.0,0,WTK
2020-07-31,144.0,145.0,144.0,144.25,2700.0,1,WTK
2020-08-03,144.25,144.25,143.0,143.0,1900.0,0,WTK
2020-08-04,143.0,143.0,142.0,143.0,3000.0,0,WTK
2020-08-05,143.0,143.0,140.0,142.0,2600.0,0,WTK
2020-08-06,142.0,142.0,142.0,142.0,0.0,0,WTK
2020-08-07,142.0,144.0,142.0,143.0,1300.0,0,WTK
2020-08-10,143.0,143.0,142.0,142.25,4500.0,0,WTK
2020-08-11,142.25,142.25,142.25,142.25,0.0,0,WTK
2020-08-12,142.25,144.0,144.0,144.0,7000.0,1,WTK
2020-08-12,142.25,142.25,142.25,142.25,0.0,0,WTK
2020-08-13,144.0,146.0,143.0,144.0,2100.0,0,WTK
2020-08-14,144.0,144.0,144.0,144.0,0.0,0,WTK
2020-08-14,144.0,146.0,143.0,144.0,3700.0,1,WTK
2020-08-17,144.0,144.25,142.0,143.75,8200.0,0,WTK
2020-08-18,143.75,144.0,143.75,144.0,5100.0,0,WTK
2020-08-19,144.0,144.0,130.0,132.25,1000.0,0,WTK
2020-08-20,132.25,132.25,132.25,132.25,0.0,0,WTK
2020-08-21,132.25,132.25,125.0,128.25,300.0,0,WTK
2020-08-24,128.25,128.25,128.0,128.0,100.0,0,WTK
2020-08-25,128.0,128.0,123.0,123.5,700.0,0,WTK
2020-08-26,123.5,124.0,122.0,123.0,400.0,0,WTK
2020-08-27,123.0,124.0,123.0,124.0,100.0,0,WTK
2020-08-28,124.0,124.0,124.0,124.0,100.0,0,WTK
2020-08-31,124.0,124.0,120.0,120.75,3800.0,0,WTK
2020-09-01,120.75,120.75,120.75,120.75,0.0,0,WTK
2020-09-01,120.75,120.0,120.0,120.0,100.0,1,WTK
2020-09-02,120.75,120.75,120.75,120.75,0.0,0,WTK
2020-09-02,120.0,120.0,120.0,120.0,600.0,1,WTK
2020-09-03,120.0,121.0,120.0,120.0,2100.0,1,WTK
2020-09-03,120.75,120.75,120.75,120.75,0.0,0,WTK
2020-09-04,120.0,120.0,120.0,120.0,0.0,1,WTK
2020-09-04,120.75,120.75,120.75,120.75,0.0,0,WTK
2020-09-07,120.0,125.0,120.0,125.0,1300.0,0,WTK
2020-09-08,125.0,125.0,123.0,123.0,800.0,0,WTK
2020-09-09,123.0,123.0,123.0,123.0,0.0,0,WTK
2020-09-10,123.0,123.0,120.0,120.25,9000.0,0,WTK
2020-09-11,120.25,120.25,119.0,119.75,4700.0,0,WTK
2020-09-14,119.75,120.0,119.75,120.0,600.0,0,WTK
2020-09-15,120.0,129.0,129.0,129.0,100.0,1,WTK
2020-09-15,120.0,120.0,120.0,120.0,0.0,0,WTK
2020-09-16,129.0,129.0,129.0,129.0,300.0,1,WTK
2020-09-16,120.0,120.0,120.0,120.0,0.0,0,WTK
2020-09-17,129.0,129.0,129.0,129.0,300.0,1,WTK
2020-09-17,120.0,120.0,120.0,120.0,0.0,0,WTK
2020-09-18,129.0,129.0,129.0,129.0,100.0,1,WTK
2020-09-18,120.0,120.0,120.0,120.0,0.0,0,WTK
2020-09-21,120.0,120.0,120.0,120.0,0.0,0,WTK
2020-09-21,129.0,129.0,129.0,129.0,0.0,1,WTK
2020-09-22,129.0,129.0,125.0,126.75,700.0,0,WTK
2020-09-23,126.75,130.0,126.75,130.0,900.0,0,WTK
2020-09-24,130.0,130.0,130.0,130.0,500.0,0,WTK
2020-09-25,130.0,130.0,125.0,127.5,200.0,0,WTK
2020-09-28,127.5,130.0,125.0,127.0,2500.0,0,WTK
2020-09-29,127.0,130.0,126.0,128.25,1100.0,0,WTK
2020-09-30,128.25,130.0,128.25,130.0,300.0,0,WTK
2020-10-01,130.0,139.0,130.0,131.75,8000.0,0,WTK
2020-10-02,131.75,131.75,130.0,130.0,1300.0,0,WTK
2020-10-05,130.0,140.0,130.0,139.75,2800.0,0,WTK
2020-10-06,139.75,139.75,139.75,139.75,0.0,0,WTK
2020-10-07,139.75,140.0,130.0,138.5,3200.0,1,WTK
2020-10-07,139.75,139.75,139.75,139.75,0.0,0,WTK
2020-10-08,138.5,138.5,138.5,138.5,0.0,0,WTK
2020-10-09,138.5,138.5,138.5,138.5,0.0,1,WTK
2020-10-09,138.5,138.5,138.5,138.5,0.0,0,WTK
2020-10-12,138.5,140.0,139.0,140.0,2600.0,1,WTK
2020-10-12,138.5,138.5,138.5,138.5,0.0,0,WTK
2020-10-13,140.0,140.0,140.0,140.0,1000.0,1,WTK
2020-10-13,138.5,138.5,138.5,138.5,0.0,0,WTK
2020-10-14,138.5,138.5,138.5,138.5,0.0,0,WTK
2020-10-14,140.0,140.0,140.0,140.0,500.0,1,WTK
2020-10-15,140.0,140.0,140.0,140.0,0.0,1,WTK
2020-10-15,138.5,138.5,138.5,138.5,0.0,0,WTK
2020-10-16,140.0,140.0,140.0,140.0,0.0,1,WTK
2020-10-16,138.5,138.5,138.5,138.5,0.0,0,WTK
2020-10-19,140.0,140.0,139.0,139.0,400.0,0,WTK
2020-10-20,140.0,139.0,139.0,139.0,400.0,1,WTK
2020-10-20,139.0,139.0,139.0,139.0,0.0,0,WTK
2020-10-21,139.0,139.0,137.0,137.5,1300.0,0,WTK
2020-10-22,137.5,137.5,137.5,137.5,0.0,0,WTK
2020-10-23,137.5,137.5,137.0,137.0,100.0,0,WTK
2020-10-26,137.0,137.0,137.0,137.0,0.0,0,WTK
2020-10-27,137.0,139.0,137.0,139.0,700.0,0,WTK
2020-10-28,139.0,136.5,136.5,136.5,100.0,1,WTK
2020-10-28,139.0,139.0,139.0,139.0,0.0,0,WTK
2020-10-29,136.5,136.5,136.5,136.5,100.0,0,WTK
2020-10-30,136.5,136.5,136.5,136.5,0.0,0,WTK
2020-10-30,136.5,136.5,136.5,136.5,0.0,1,WTK
2020-11-02,136.5,137.0,136.0,136.25,1700.0,0,WTK
2020-11-03,136.25,136.25,133.0,133.75,900.0,0,WTK
2020-11-04,133.75,133.75,133.0,133.0,2100.0,0,WTK
2020-11-05,133.0,133.0,129.75,130.0,500.0,0,WTK
2020-11-06,130.0,135.0,130.0,132.5,600.0,0,WTK
2020-11-09,132.5,130.0,130.0,130.0,100.0,1,WTK
2020-11-09,132.5,132.5,132.5,132.5,0.0,0,WTK
2020-11-10,130.0,130.0,130.0,130.0,500.0,1,WTK
2020-11-10,132.5,132.5,132.5,132.5,0.0,0,WTK
2020-11-11,130.0,130.0,130.0,130.0,100.0,1,WTK
2020-11-11,132.5,132.5,132.5,132.5,0.0,0,WTK
2020-11-12,132.5,132.5,132.5,132.5,0.0,0,WTK
2020-11-12,130.0,130.0,130.0,130.0,400.0,1,WTK
2020-11-13,130.0,131.0,129.0,129.75,1100.0,0,WTK
2020-11-16,129.75,129.75,129.75,129.75,0.0,0,WTK
2020-11-17,129.75,130.0,125.0,129.5,3600.0,1,WTK
2020-11-17,129.75,129.75,129.75,129.75,0.0,0,WTK
2020-11-18,129.75,129.75,129.75,129.75,0.0,0,WTK
2020-11-18,129.5,129.5,129.5,129.5,100.0,1,WTK
2020-11-19,129.5,130.0,129.0,129.5,300.0,1,WTK
2020-11-19,129.75,129.75,129.75,129.75,0.0,0,WTK
2020-11-20,129.5,129.5,129.5,129.5,100.0,1,WTK
2020-11-20,129.75,129.75,129.75,129.75,0.0,0,WTK
2020-11-23,129.5,130.0,129.5,130.0,100.0,0,WTK
2020-11-24,130.0,129.0,128.5,128.5,500.0,1,WTK
2020-11-24,130.0,130.0,130.0,130.0,0.0,0,WTK
2020-11-25,130.0,130.0,130.0,130.0,0.0,0,WTK
2020-11-25,128.5,128.5,128.5,128.5,0.0,1,WTK
2020-11-26,130.0,130.0,130.0,130.0,0.0,0,WTK
2020-11-26,128.5,128.5,128.5,128.5,0.0,1,WTK
2020-11-27,128.5,128.5,128.5,128.5,0.0,1,WTK
2020-11-27,130.0,130.0,130.0,130.0,0.0,0,WTK
2020-11-30,128.5,130.25,130.25,130.25,1000.0,1,WTK
2020-11-30,130.0,130.0,130.0,130.0,0.0,0,WTK
2020-12-01,130.25,130.25,130.25,130.25,0.0,0,WTK
2020-12-02,130.25,130.25,130.25,130.25,0.0,1,WTK
2020-12-02,130.25,130.25,130.25,130.25,0.0,0,WTK
2020-12-03,130.25,131.0,130.0,131.0,4500.0,0,WTK
2020-12-04,131.0,131.0,131.0,131.0,4700.0,0,WTK
2020-12-07,131.0,131.0,130.0,130.5,600.0,0,WTK
2020-12-08,130.5,130.5,130.0,130.0,400.0,0,WTK
2020-12-09,130.0,130.0,130.0,130.0,0.0,0,WTK
2020-12-09,130.0,132.0,132.0,132.0,500.0,1,WTK
2020-12-10,132.0,135.0,130.0,132.0,2300.0,0,WTK
2020-12-11,132.0,132.0,132.0,132.0,0.0,1,WTK
2020-12-11,132.0,132.0,132.0,132.0,0.0,0,WTK
2020-12-14,132.0,135.0,129.0,130.75,1400.0,0,WTK
2020-12-15,130.75,135.0,130.0,130.75,800.0,0,WTK
2020-12-16,130.75,130.75,130.75,130.75,0.0,0,WTK
2020-12-16,130.75,130.0,130.0,130.0,1600.0,1,WTK
2020-12-17,130.0,130.0,130.0,130.0,1300.0,0,WTK
2020-12-18,130.0,130.0,130.0,130.0,0.0,0,WTK
2020-12-18,130.0,130.0,130.0,130.0,500.0,1,WTK
2020-12-21,130.0,135.0,130.0,135.0,200.0,0,WTK
2020-12-22,135.0,135.0,130.0,131.25,1300.0,0,WTK
2020-12-23,131.25,131.25,131.0,131.0,100.0,0,WTK
2020-12-24,131.0,131.0,131.0,131.0,0.0,0,WTK
2020-12-24,131.0,130.0,130.0,130.0,500.0,1,WTK
2020-12-25,131.0,130.0,130.0,130.0,500.0,1,WTK
2020-12-25,131.0,131.0,131.0,131.0,0.0,0,WTK
2020-12-28,131.0,131.0,131.0,131.0,0.0,0,WTK
2020-12-28,130.0,130.0,130.0,130.0,500.0,1,WTK
2020-12-29,131.0,131.0,131.0,131.0,0.0,0,WTK
2020-12-29,130.0,130.0,130.0,130.0,400.0,1,WTK
2020-12-30,131.0,131.0,131.0,131.0,0.0,0,WTK
2020-12-30,130.0,131.0,130.0,130.25,3100.0,1,WTK
2020-12-31,130.25,135.0,130.0,130.25,4200.0,0,WTK
2021-01-01,130.25,130.25,130.25,130.25,0.0,0,WTK
2021-01-01,130.25,135.0,130.0,130.25,4200.0,1,WTK
2021-01-04,130.25,130.25,127.5,129.75,3200.0,0,WTK
2021-01-05,129.75,130.0,129.75,130.0,100.0,0,WTK
2021-01-06,130.0,130.0,127.5,128.25,1000.0,0,WTK
2021-01-07,128.25,128.25,128.0,128.0,100.0,0,WTK
2021-01-08,128.0,128.0,128.0,128.0,0.0,0,WTK
2021-01-08,128.25,128.0,128.0,128.0,100.0,1,WTK
2021-01-11,128.0,130.0,128.0,130.0,2200.0,0,WTK
2021-01-12,130.0,130.0,130.0,130.0,1500.0,0,WTK
2021-01-13,130.0,143.0,130.0,130.5,3400.0,0,WTK
2021-01-14,130.5,130.5,130.5,130.5,0.0,0,WTK
2021-01-15,130.5,133.0,130.5,133.0,500.0,0,WTK
2021-01-18,133.0,133.0,130.0,130.0,1100.0,0,WTK
2021-01-19,130.0,130.0,130.0,130.0,0.0,0,WTK
2021-01-20,130.0,130.5,130.0,130.5,100.0,0,WTK
2021-01-21,130.5,130.5,130.5,130.5,0.0,0,WTK
2021-01-22,130.5,139.75,130.5,132.0,1000.0,0,WTK
2021-01-25,132.0,132.0,128.0,130.0,1700.0,0,WTK
2021-01-26,130.0,137.0,137.0,137.0,400.0,1,WTK
2021-01-26,130.0,130.0,130.0,130.0,0.0,0,WTK
2021-01-27,130.0,130.0,130.0,130.0,0.0,0,WTK
2021-01-27,137.0,137.0,137.0,137.0,0.0,1,WTK
2021-01-28,137.0,137.0,137.0,137.0,0.0,1,WTK
2021-01-28,130.0,130.0,130.0,130.0,0.0,0,WTK
2021-01-29,137.0,137.0,137.0,137.0,700.0,1,WTK
2021-01-29,130.0,130.0,130.0,130.0,0.0,0,WTK
2021-02-01,137.0,137.0,135.75,135.75,200.0,0,WTK
2021-02-02,135.75,136.75,134.0,136.25,1200.0,0,WTK
2021-02-03,136.25,137.0,136.25,136.75,5100.0,0,WTK
2021-02-04,136.75,136.75,132.0,134.25,800.0,0,WTK
2021-02-05,134.25,135.0,134.25,135.0,100.0,0,WTK
2021-02-08,135.0,135.0,134.5,134.5,500.0,0,WTK
2021-02-09,134.5,135.0,134.5,135.0,2300.0,0,WTK
2021-02-10,135.0,135.0,135.0,135.0,500.0,0,WTK
2021-02-11,135.0,135.0,133.0,134.75,800.0,0,WTK
2021-02-12,134.75,134.75,134.75,134.75,0.0,0,WTK
2021-02-12,134.75,135.0,135.0,135.0,300.0,1,WTK
2021-02-15,134.75,134.75,134.75,134.75,0.0,0,WTK
2021-02-15,135.0,135.0,135.0,135.0,0.0,1,WTK
2021-02-16,134.75,134.75,134.75,134.75,0.0,0,WTK
2021-02-16,135.0,135.0,135.0,135.0,0.0,1,WTK
2021-02-17,135.0,135.0,135.0,135.0,1100.0,1,WTK
2021-02-17,134.75,134.75,134.75,134.75,0.0,0,WTK
2021-02-18,135.0,135.0,135.0,135.0,7600.0,1,WTK
2021-02-18,134.75,134.75,134.75,134.75,0.0,0,WTK
2021-02-19,134.75,134.75,134.75,134.75,0.0,0,WTK
2021-02-19,135.0,135.0,135.0,135.0,3800.0,1,WTK
2021-02-22,135.0,135.0,135.0,135.0,100.0,1,WTK
2021-02-22,134.75,134.75,134.75,134.75,0.0,0,WTK
2021-02-23,135.0,135.0,135.0,135.0,0.0,1,WTK
2021-02-23,134.75,134.75,134.75,134.75,0.0,0,WTK
2021-02-24,135.0,135.0,135.0,135.0,600.0,1,WTK
2021-02-24,134.75,134.75,134.75,134.75,0.0,0,WTK
2021-02-25,135.0,135.0,134.0,134.0,500.0,0,WTK
2021-02-26,134.0,135.0,134.0,134.5,1400.0,0,WTK
2021-03-01,134.5,134.5,133.0,133.75,1500.0,0,WTK
2021-03-02,133.75,133.75,130.0,130.0,3300.0,0,WTK
2021-03-03,130.0,130.25,130.0,130.25,4000.0,0,WTK
2021-03-04,130.25,130.25,130.25,130.25,0.0,0,WTK
2021-03-05,130.25,133.0,130.25,133.0,600.0,0,WTK
2021-03-08,133.0,135.0,133.0,135.0,900.0,0,WTK
2021-03-09,135.0,135.0,130.0,130.0,1000.0,0,WTK
2021-03-10,130.0,133.0,130.0,133.0,3900.0,0,WTK
2021-03-11,133.0,133.0,133.0,133.0,600.0,0,WTK
2021-03-12,133.0,133.0,130.5,132.5,600.0,0,WTK
2021-03-15,132.5,133.0,132.5,133.0,3400.0,0,WTK
2021-03-16,133.0,135.0,133.0,134.75,6800.0,0,WTK
2021-03-17,134.75,134.75,134.75,134.75,0.0,0,WTK
2021-03-17,134.75,135.0,135.0,135.0,100.0,1,WTK
2021-03-18,135.0,135.0,135.0,135.0,1100.0,1,WTK
2021-03-18,134.75,134.75,134.75,134.75,0.0,0,WTK
2021-03-19,135.0,135.0,135.0,135.0,4600.0,1,WTK
2021-03-19,134.75,134.75,134.75,134.75,0.0,0,WTK
2021-03-22,135.0,135.0,135.0,135.0,0.0,1,WTK
2021-03-22,134.75,134.75,134.75,134.75,0.0,0,WTK
2021-03-23,135.0,135.5,135.0,135.5,100.0,0,WTK
2021-03-24,135.5,148.5,135.5,146.75,1000.0,0,WTK
2021-03-25,146.75,146.75,146.75,146.75,0.0,0,WTK
2021-03-26,146.75,148.0,146.0,147.5,900.0,0,WTK
2021-03-29,147.5,147.5,135.0,135.25,300.0,0,WTK
2021-03-30,135.25,148.0,135.0,136.25,1100.0,0,WTK
2021-03-31,136.25,147.0,136.25,147.0,100.0,0,WTK
2021-04-01,147.0,146.5,146.5,146.5,100.0,1,WTK
2021-04-01,147.0,147.0,147.0,147.0,0.0,0,WTK
2021-04-02,147.0,146.5,146.5,146.5,100.0,1,WTK
2021-04-02,147.0,147.0,147.0,147.0,0.0,0,WTK
2021-04-05,147.0,147.0,147.0,147.0,0.0,0,WTK
2021-04-05,147.0,146.5,146.5,146.5,100.0,1,WTK
2021-04-06,146.5,146.5,145.5,145.5,500.0,0,WTK
2021-04-07,145.5,146.0,145.5,145.75,200.0,0,WTK
2021-04-08,145.75,145.75,140.0,141.25,400.0,0,WTK
2021-04-09,141.25,141.25,141.25,141.25,0.0,0,WTK
2021-04-09,141.25,145.5,140.0,143.0,2500.0,1,WTK
2021-04-12,143.0,143.0,143.0,143.0,0.0,1,WTK
2021-04-12,141.25,141.25,141.25,141.25,0.0,0,WTK
2021-04-13,141.25,141.25,141.25,141.25,0.0,0,WTK
2021-04-13,143.0,143.0,143.0,143.0,0.0,1,WTK
2021-04-14,143.0,146.0,143.0,143.0,39500.0,1,WTK
2021-04-14,141.25,141.25,141.25,141.25,0.0,0,WTK
2021-04-15,143.0,145.5,143.0,145.5,200.0,0,WTK
2021-04-16,145.5,145.5,142.0,144.0,300.0,0,WTK
2021-04-19,144.0,144.0,143.0,143.0,1100.0,0,WTK
2021-04-20,143.0,145.0,143.0,145.0,2500.0,0,WTK
2021-04-21,145.0,145.0,143.0,143.5,500.0,0,WTK
2021-04-22,143.5,145.0,140.0,140.5,5600.0,0,WTK
2021-04-23,140.5,140.5,140.5,140.5,0.0,0,WTK
2021-04-23,140.5,145.0,144.5,145.0,4600.0,1,WTK
2021-04-26,145.0,145.0,145.0,145.0,200.0,0,WTK
2021-04-27,145.0,145.0,145.0,145.0,0.0,0,WTK
2021-04-27,145.0,145.0,145.0,145.0,4700.0,1,WTK
2021-04-28,145.0,148.0,145.0,147.0,300.0,0,WTK
2021-04-29,147.0,150.0,145.0,149.25,2700.0,0,WTK
2021-04-30,149.25,149.25,149.25,149.25,0.0,0,WTK
2021-04-30,149.25,149.75,149.75,149.75,400.0,1,WTK
2021-05-03,149.75,149.75,149.75,149.75,0.0,1,WTK
2021-05-03,149.25,149.25,149.25,149.25,0.0,0,WTK
2021-05-04,149.75,149.75,149.75,149.75,100.0,1,WTK
2021-05-04,149.25,149.25,149.25,149.25,0.0,0,WTK
2021-05-05,149.25,149.25,149.25,149.25,0.0,0,WTK
2021-05-05,149.75,149.75,149.75,149.75,0.0,1,WTK
2021-05-06,149.75,149.75,149.0,149.5,1200.0,0,WTK
2021-05-07,149.5,149.0,149.0,149.0,1300.0,1,WTK
2021-05-07,149.5,149.5,149.5,149.5,0.0,0,WTK
2021-05-10,149.0,149.0,149.0,149.0,0.0,0,WTK
2021-05-11,149.0,149.0,149.0,149.0,0.0,0,WTK
2021-05-11,149.0,149.0,149.0,149.0,100.0,1,WTK
2021-05-12,149.0,149.0,148.0,148.75,300.0,0,WTK
2021-05-13,148.75,148.75,145.0,146.75,1000.0,0,WTK
2021-05-14,146.75,146.75,146.75,146.75,0.0,0,WTK
2021-05-14,148.75,148.0,145.0,146.75,1000.0,1,WTK
2021-05-17,146.75,147.0,146.75,147.0,700.0,0,WTK
2021-05-18,147.0,149.0,145.25,148.5,1400.0,0,WTK
2021-05-19,148.5,145.0,145.0,145.0,5000.0,1,WTK
2021-05-19,148.5,148.5,148.5,148.5,0.0,0,WTK
2021-05-20,145.0,145.0,145.0,145.0,0.0,1,WTK
2021-05-20,148.5,148.5,148.5,148.5,0.0,0,WTK
2021-05-21,145.0,145.0,145.0,145.0,0.0,1,WTK
2021-05-21,148.5,148.5,148.5,148.5,0.0,0,WTK
2021-05-24,145.0,146.0,145.0,145.0,1800.0,1,WTK
2021-05-24,148.5,148.5,148.5,148.5,0.0,0,WTK
2021-05-25,148.5,148.5,148.5,148.5,0.0,0,WTK
2021-05-25,145.0,145.0,145.0,145.0,200.0,1,WTK
2021-05-26,145.0,145.0,140.0,140.75,4200.0,0,WTK
2021-05-27,140.75,141.0,140.0,140.0,8100.0,0,WTK
2021-05-28,140.0,140.0,140.0,140.0,1400.0,0,WTK
2021-05-31,140.0,145.0,140.0,142.25,700.0,0,WTK
2021-06-01,142.25,142.25,142.25,142.25,0.0,0,WTK
2021-06-01,140.0,145.0,140.0,142.25,700.0,1,WTK
2021-06-02,142.25,150.0,142.25,150.0,200.0,0,WTK
2021-06-03,150.0,150.0,144.0,144.25,1400.0,0,WTK
2021-06-04,144.25,144.25,135.0,135.75,1000.0,0,WTK
2021-06-07,135.75,135.75,135.75,135.75,0.0,0,WTK
2021-06-08,135.75,140.0,135.75,140.0,1200.0,0,WTK
2021-06-09,140.0,149.0,140.0,147.0,800.0,0,WTK
2021-06-10,147.0,147.0,145.0,146.0,1400.0,0,WTK
2021-06-11,146.0,146.0,144.0,145.75,1600.0,0,WTK
2021-06-14,145.75,145.75,145.75,145.75,0.0,0,WTK
2021-06-15,145.75,146.0,145.75,146.0,400.0,0,WTK
2021-06-16,146.0,146.0,145.0,145.75,1100.0,0,WTK
2021-06-17,145.75,145.75,132.5,135.25,1500.0,0,WTK
2021-06-18,135.25,135.25,135.25,135.25,0.0,0,WTK
2021-06-21,135.25,135.25,135.25,135.25,0.0,0,WTK
2021-06-21,135.25,135.0,133.0,134.0,200.0,1,WTK
2021-06-22,134.0,134.0,134.0,134.0,0.0,0,WTK
2021-06-23,134.0,134.0,134.0,134.0,0.0,0,WTK
2021-06-23,134.0,134.0,134.0,134.0,0.0,1,WTK
2021-06-24,134.0,147.0,134.0,147.0,200.0,0,WTK
2021-06-25,147.0,149.0,147.0,147.75,2800.0,0,WTK
2021-06-28,147.75,148.0,145.0,147.5,2700.0,0,WTK
2021-06-29,147.5,147.5,147.5,147.5,0.0,0,WTK
2021-06-29,147.5,149.0,138.25,145.75,7100.0,1,WTK
2021-06-30,145.75,145.75,145.75,145.75,0.0,0,WTK
2021-07-01,145.75,145.75,145.75,145.75,0.0,0,WTK
2021-07-01,145.75,145.75,145.75,145.75,0.0,1,WTK
2021-07-02,145.75,154.75,143.0,149.0,1300.0,0,WTK
2021-07-05,149.0,149.0,149.0,149.0,0.0,0,WTK
2021-07-06,149.0,149.0,144.5,147.25,1300.0,0,WTK
2021-07-07,147.25,148.75,140.0,140.75,4000.0,0,WTK
2021-07-08,140.75,140.75,137.5,138.25,9000.0,0,WTK
2021-07-09,138.25,138.25,136.0,137.5,1300.0,0,WTK
2021-07-12,137.5,138.5,138.5,138.5,100.0,1,WTK
2021-07-12,137.5,137.5,137.5,137.5,0.0,0,WTK
2021-07-13,138.5,138.5,138.5,138.5,0.0,0,WTK
2021-07-14,138.5,138.5,138.5,138.5,0.0,1,WTK
2021-07-14,138.5,138.5,138.5,138.5,0.0,0,WTK
2021-07-15,138.5,140.0,138.5,139.25,6600.0,0,WTK
2021-07-16,139.25,139.25,139.25,139.25,0.0,0,WTK
2021-07-16,139.25,152.25,152.25,152.25,4000.0,1,WTK
2021-07-19,152.25,152.25,152.25,152.25,0.0,0,WTK
2021-07-20,152.25,152.25,152.25,152.25,0.0,1,WTK
2021-07-20,152.25,152.25,152.25,152.25,0.0,0,WTK
2021-07-21,152.25,152.25,138.5,143.5,1000.0,0,WTK
2021-07-22,143.5,143.5,137.0,138.5,1000.0,0,WTK
2021-07-23,138.5,138.5,138.5,138.5,0.0,0,WTK
2021-07-26,138.5,138.5,134.0,135.0,300.0,0,WTK
2021-07-27,135.0,135.0,134.0,134.0,200.0,0,WTK
2021-07-28,134.0,134.0,134.0,134.0,0.0,0,WTK
2021-07-29,134.0,135.0,134.0,135.0,100.0,0,WTK
2021-07-30,135.0,135.0,133.0,133.25,3200.0,0,WTK
2021-08-02,133.25,133.25,130.0,130.0,100.0,0,WTK
2021-08-03,130.0,135.0,130.0,134.5,5800.0,0,WTK
2021-08-04,134.5,135.0,134.5,135.0,6800.0,0,WTK
2021-08-05,135.0,135.0,135.0,135.0,0.0,0,WTK
2021-08-05,135.0,134.5,134.5,134.5,700.0,1,WTK
2021-08-06,134.5,134.5,134.5,134.5,1200.0,0,WTK
2021-08-09,134.5,134.5,134.5,134.5,0.0,0,WTK
2021-08-09,134.5,134.5,134.5,134.5,300.0,1,WTK
2021-08-10,134.5,135.0,134.5,134.75,3500.0,0,WTK
2021-08-11,134.75,134.75,134.75,134.75,0.0,0,WTK
2021-08-12,134.75,137.0,134.75,137.0,1000.0,0,WTK
2021-08-13,137.0,137.0,130.0,130.75,4500.0,0,WTK
2021-08-16,130.75,131.0,130.75,131.0,100.0,0,WTK
2021-08-17,131.0,135.0,131.0,135.0,400.0,0,WTK
2021-08-18,135.0,131.0,131.0,131.0,200.0,1,WTK
2021-08-18,135.0,135.0,135.0,135.0,0.0,0,WTK
2021-08-19,131.0,131.0,131.0,131.0,0.0,0,WTK
2021-08-20,131.0,131.0,131.0,131.0,0.0,1,WTK
2021-08-20,131.0,131.0,131.0,131.0,0.0,0,WTK
2021-08-23,131.0,135.75,131.0,132.5,400.0,0,WTK
2021-08-24,132.5,133.0,132.5,132.75,200.0,0,WTK
2021-08-25,132.75,132.75,132.75,132.75,0.0,0,WTK
2021-08-25,132.75,136.0,132.5,133.5,400.0,1,WTK
2021-08-26,133.5,133.5,133.5,133.5,0.0,0,WTK
2021-08-27,133.5,133.5,133.5,133.5,0.0,1,WTK
2021-08-27,133.5,133.5,133.5,133.5,0.0,0,WTK
2021-08-30,133.5,137.0,133.5,137.0,1000.0,0,WTK
2021-08-31,137.0,137.0,137.0,137.0,0.0,0,WTK
2021-09-01,137.0,137.0,137.0,137.0,0.0,0,WTK
2021-09-01,137.0,135.0,135.0,135.0,300.0,1,WTK
2021-09-02,135.0,135.0,135.0,135.0,200.0,0,WTK
2021-09-03,135.0,135.0,135.0,135.0,0.0,0,WTK
2021-09-03,135.0,135.0,135.0,135.0,0.0,1,WTK
2021-09-06,135.0,145.0,135.5,142.25,1400.0,1,WTK
2021-09-06,135.0,135.0,135.0,135.0,0.0,0,WTK
2021-09-07,142.25,144.5,140.0,142.25,200.0,0,WTK
2021-09-08,142.25,142.25,142.25,142.25,0.0,1,WTK
2021-09-08,142.25,142.25,142.25,142.25,0.0,0,WTK
2021-09-09,142.25,142.25,134.0,134.0,100.0,0,WTK
2021-09-10,134.0,134.0,134.0,134.0,0.0,0,WTK
2021-09-13,134.0,142.0,134.0,141.25,600.0,0,WTK
2021-09-14,141.25,141.25,141.25,141.25,0.0,0,WTK
2021-09-14,141.25,140.0,140.0,140.0,300.0,1,WTK
2021-09-15,140.0,140.0,140.0,140.0,0.0,1,WTK
2021-09-15,141.25,141.25,141.25,141.25,0.0,0,WTK
2021-09-16,141.25,141.25,141.25,141.25,0.0,0,WTK
2021-09-16,140.0,140.0,140.0,140.0,100.0,1,WTK
2021-09-17,140.0,140.0,140.0,140.0,0.0,1,WTK
2021-09-17,141.25,141.25,141.25,141.25,0.0,0,WTK
2021-09-20,140.0,140.0,140.0,140.0,0.0,1,WTK
2021-09-20,141.25,141.25,141.25,141.25,0.0,0,WTK
2021-09-21,140.0,140.0,134.0,134.0,100.0,0,WTK
2021-09-22,134.0,134.0,134.0,134.0,0.0,0,WTK
2021-09-23,134.0,138.0,134.0,138.0,400.0,0,WTK
2021-09-24,138.0,138.0,138.0,138.0,0.0,0,WTK
2021-09-27,138.0,140.0,138.0,140.0,200.0,0,WTK
2021-09-28,140.0,140.0,139.0,139.25,1400.0,0,WTK
2021-09-29,139.25,139.25,139.25,139.25,0.0,0,WTK
2021-09-30,139.25,139.25,139.0,139.0,300.0,0,WTK
2021-10-01,139.0,140.0,139.0,140.0,100.0,0,WTK
2021-10-04,140.0,140.0,139.0,139.25,800.0,0,WTK
2021-10-05,139.25,140.0,139.0,139.5,4700.0,0,WTK
2021-10-06,139.5,139.5,135.0,135.0,500.0,0,WTK
2021-10-07,135.0,140.0,135.0,137.5,200.0,0,WTK
2021-10-08,137.5,137.5,137.5,137.5,0.0,0,WTK
2021-10-08,137.5,137.75,135.0,135.0,7100.0,1,WTK
2021-10-11,137.5,137.5,137.5,137.5,0.0,0,WTK
2021-10-11,137.5,137.75,135.0,135.0,7100.0,1,WTK
2021-10-12,135.0,135.0,135.0,135.0,200.0,1,WTK
2021-10-12,137.5,137.5,137.5,137.5,0.0,0,WTK
2021-10-13,135.0,135.0,135.0,135.0,300.0,1,WTK
2021-10-13,137.5,137.5,137.5,137.5,0.0,0,WTK
2021-10-14,135.0,135.0,134.0,134.5,700.0,0,WTK
2021-10-15,134.5,134.5,134.5,134.5,0.0,0,WTK
2021-10-15,134.5,134.0,130.0,130.75,1500.0,1,WTK
2021-10-18,130.75,130.75,130.75,130.75,0.0,1,WTK
2021-10-18,134.5,134.5,134.5,134.5,0.0,0,WTK
2021-10-19,134.5,134.5,134.5,134.5,0.0,0,WTK
2021-10-19,130.75,130.75,130.75,130.75,0.0,1,WTK
2021-10-20,130.75,130.75,130.75,130.75,0.0,1,WTK
2021-10-20,134.5,134.5,134.5,134.5,0.0,0,WTK
2021-10-21,130.75,131.0,130.75,131.0,1800.0,0,WTK
2021-10-22,131.0,131.0,131.0,131.0,0.0,0,WTK
2021-10-22,131.0,131.0,129.0,130.75,1800.0,1,WTK
2021-10-25,130.75,130.75,130.75,130.75,0.0,0,WTK
2021-10-26,130.75,130.75,130.75,130.75,0.0,0,WTK
2021-10-26,130.75,130.75,130.75,130.75,0.0,1,WTK
2021-10-27,130.75,132.0,130.75,132.0,100.0,0,WTK
2021-10-28,132.0,140.0,132.0,140.0,500.0,0,WTK
2021-10-29,140.0,138.0,138.0,138.0,100.0,1,WTK
2021-10-29,140.0,140.0,140.0,140.0,0.0,0,WTK
2021-11-01,140.0,140.0,140.0,140.0,0.0,0,WTK
2021-11-01,138.0,138.0,138.0,138.0,0.0,1,WTK
2021-11-02,138.0,138.0,138.0,138.0,200.0,1,WTK
2021-11-02,140.0,140.0,140.0,140.0,0.0,0,WTK
2021-11-03,138.0,138.0,138.0,138.0,200.0,1,WTK
2021-11-03,140.0,140.0,140.0,140.0,0.0,0,WTK
2021-11-04,138.0,138.0,138.0,138.0,200.0,1,WTK
2021-11-04,140.0,140.0,140.0,140.0,0.0,0,WTK
2021-11-05,140.0,140.0,140.0,140.0,0.0,0,WTK
2021-11-05,138.0,138.0,138.0,138.0,0.0,1,WTK
2021-11-08,138.0,138.0,138.0,138.0,400.0,1,WTK
2021-11-08,140.0,140.0,140.0,140.0,0.0,0,WTK
2021-11-09,140.0,140.0,140.0,140.0,0.0,0,WTK
2021-11-09,138.0,134.0,134.0,134.0,200.0,1,WTK
2021-11-10,140.0,140.0,140.0,140.0,0.0,0,WTK
2021-11-10,134.0,134.0,134.0,134.0,0.0,1,WTK
2021-11-11,134.0,134.0,134.0,134.0,300.0,1,WTK
2021-11-11,140.0,140.0,140.0,140.0,0.0,0,WTK
2021-11-12,140.0,140.0,140.0,140.0,0.0,0,WTK
2021-11-12,134.0,134.0,134.0,134.0,100.0,1,WTK
2021-11-15,134.0,134.0,131.0,132.0,1200.0,0,WTK
2021-11-16,132.0,138.0,131.0,133.75,1600.0,0,WTK
2021-11-17,133.75,133.75,133.75,133.75,0.0,0,WTK
2021-11-18,133.75,137.5,133.75,137.5,100.0,0,WTK
2021-11-19,137.5,137.5,134.0,134.0,1000.0,0,WTK
2021-11-22,134.0,134.0,134.0,134.0,0.0,0,WTK
2021-11-23,134.0,134.0,130.0,130.5,400.0,0,WTK
2021-11-24,130.5,134.0,130.5,131.75,1300.0,0,WTK
2021-11-25,131.75,131.75,131.75,131.75,0.0,0,WTK
2021-11-26,131.75,131.75,130.0,131.0,2400.0,0,WTK
2021-11-29,131.0,131.0,131.0,131.0,0.0,0,WTK
2021-11-30,131.0,131.25,130.0,130.25,700.0,0,WTK
2021-12-01,130.25,130.25,128.0,129.0,200.0,0,WTK
2021-12-02,129.0,130.0,129.0,129.25,1000.0,0,WTK
2021-12-03,129.25,129.25,129.25,129.25,0.0,0,WTK
2021-12-06,129.25,129.25,126.0,127.0,400.0,0,WTK
2021-12-07,127.0,127.0,127.0,127.0,0.0,0,WTK
2021-12-07,127.0,126.0,126.0,126.0,100.0,1,WTK
2021-12-08,126.0,126.0,126.0,126.0,0.0,1,WTK
2021-12-08,127.0,127.0,127.0,127.0,0.0,0,WTK
2021-12-09,127.0,127.0,127.0,127.0,0.0,0,WTK
2021-12-09,126.0,126.0,126.0,126.0,0.0,1,WTK
2021-12-10,126.0,126.0,126.0,126.0,0.0,1,WTK
2021-12-10,127.0,127.0,127.0,127.0,0.0,0,WTK
2021-12-13,126.0,126.0,126.0,126.0,0.0,1,WTK
2021-12-13,127.0,127.0,127.0,127.0,0.0,0,WTK
2021-12-14,127.0,127.0,127.0,127.0,0.0,0,WTK
2021-12-14,126.0,126.0,126.0,126.0,0.0,1,WTK
2021-12-15,126.0,126.0,126.0,126.0,0.0,1,WTK
2021-12-15,127.0,127.0,127.0,127.0,0.0,0,WTK
2021-12-16,127.0,127.0,127.0,127.0,0.0,0,WTK
2021-12-16,126.0,126.0,126.0,126.0,0.0,1,WTK
2021-12-17,126.0,126.0,126.0,126.0,0.0,1,WTK
2021-12-17,127.0,127.0,127.0,127.0,0.0,0,WTK
2021-12-20,126.0,138.5,126.0,138.5,600.0,0,WTK
2021-12-21,138.5,138.5,129.0,129.0,700.0,0,WTK
2021-12-22,129.0,138.5,129.0,138.5,100.0,0,WTK
2021-12-23,138.5,138.5,135.0,135.0,100.0,0,WTK
2021-12-24,135.0,135.0,130.25,130.25,15000.0,0,WTK
2021-12-27,135.0,130.25,130.25,130.25,15000.0,1,WTK
2021-12-27,130.25,130.25,130.25,130.25,0.0,0,WTK
2021-12-28,130.25,130.0,130.0,130.0,100.0,1,WTK
2021-12-28,130.25,130.25,130.25,130.25,0.0,0,WTK
2021-12-29,130.25,130.25,130.25,130.25,0.0,0,WTK
2021-12-29,130.0,130.0,130.0,130.0,0.0,1,WTK
2021-12-30,130.25,130.25,130.25,130.25,0.0,0,WTK
2021-12-30,130.0,130.0,130.0,130.0,0.0,1,WTK
2021-12-31,130.0,130.0,130.0,130.0,0.0,1,WTK
2021-12-31,130.25,130.25,130.25,130.25,0.0,0,WTK
2022-01-03,130.0,132.0,130.0,132.0,15000.0,0,WTK
2022-01-04,132.0,132.0,132.0,132.0,0.0,0,WTK
2022-01-05,132.0,135.0,130.0,130.75,1900.0,0,WTK
2022-01-06,130.75,130.75,130.75,130.75,0.0,0,WTK
2022-01-07,130.75,132.0,130.75,132.0,100.0,0,WTK
2022-01-10,132.0,132.0,131.25,132.0,3600.0,0,WTK
2022-01-11,132.0,137.0,130.5,134.75,300.0,0,WTK
2022-01-12,134.75,134.75,130.0,130.25,1300.0,0,WTK
2022-01-13,130.25,130.25,130.0,130.0,1800.0,0,WTK
2022-01-14,130.0,130.0,130.0,130.0,0.0,0,WTK
2022-01-17,130.0,130.25,130.0,130.25,700.0,0,WTK
2022-01-18,130.25,130.25,130.0,130.0,1600.0,1,WTK
2022-01-18,130.25,130.25,130.25,130.25,0.0,0,WTK
2022-01-19,130.0,130.0,130.0,130.0,5800.0,0,WTK
2022-01-20,130.0,130.0,130.0,130.0,0.0,0,WTK
2022-01-20,130.0,130.0,130.0,130.0,0.0,1,WTK
2022-01-21,130.0,135.0,130.0,135.0,300.0,0,WTK
2022-01-24,135.0,135.0,130.0,130.0,1000.0,0,WTK
2022-01-25,130.0,130.0,130.0,130.0,0.0,0,WTK
2022-01-26,130.0,137.0,130.0,137.0,200.0,0,WTK
2022-01-27,137.0,137.0,130.0,130.25,1500.0,0,WTK
2022-01-28,130.25,130.25,130.25,130.25,0.0,0,WTK
2022-01-28,130.25,135.0,135.0,135.0,300.0,1,WTK
2022-01-31,130.25,130.25,130.25,130.25,0.0,0,WTK
2022-01-31,135.0,135.0,135.0,135.0,0.0,1,WTK
2022-02-01,130.25,130.25,130.25,130.25,0.0,0,WTK
2022-02-01,135.0,135.0,135.0,135.0,0.0,1,WTK
2022-02-02,135.0,135.0,135.0,135.0,0.0,1,WTK
2022-02-02,130.25,130.25,130.25,130.25,0.0,0,WTK
2022-02-03,135.0,136.0,129.0,130.25,6600.0,0,WTK
2022-02-04,130.25,130.25,130.25,130.25,0.0,0,WTK
2022-02-07,130.25,135.0,130.25,135.0,2500.0,0,WTK
2022-02-08,135.0,135.0,130.0,130.0,27100.0,0,WTK
2022-02-09,130.0,135.0,130.0,135.0,200.0,0,WTK
2022-02-10,135.0,135.0,134.0,134.0,100.0,0,WTK
2022-02-11,134.0,134.0,133.0,133.0,100.0,0,WTK
2022-02-14,133.0,133.0,131.0,131.0,200.0,0,WTK
2022-02-15,131.0,132.0,125.0,129.0,1400.0,0,WTK
2022-02-16,129.0,129.0,129.0,129.0,0.0,0,WTK
2022-02-17,129.0,129.0,129.0,129.0,0.0,0,WTK
2022-02-17,129.0,137.0,133.0,136.0,1200.0,1,WTK
2022-02-18,136.0,136.0,136.0,136.0,0.0,1,WTK
2022-02-18,129.0,129.0,129.0,129.0,0.0,0,WTK
2022-02-21,136.0,136.0,136.0,136.0,0.0,1,WTK
2022-02-21,129.0,129.0,129.0,129.0,0.0,0,WTK
2022-02-22,129.0,129.0,129.0,129.0,0.0,0,WTK
2022-02-22,136.0,136.0,136.0,136.0,0.0,1,WTK
2022-02-23,136.0,136.0,130.5,134.25,300.0,0,WTK
2022-02-24,134.25,130.5,130.5,130.5,900.0,1,WTK
2022-02-24,134.25,134.25,134.25,134.25,0.0,0,WTK
2022-02-25,130.5,130.5,130.5,130.5,100.0,0,WTK
2022-02-28,130.5,130.5,130.5,130.5,0.0,0,WTK
2022-02-28,130.5,130.5,130.5,130.5,0.0,1,WTK
2022-03-01,130.5,131.0,131.0,131.0,100.0,1,WTK
2022-03-01,130.5,130.5,130.5,130.5,0.0,0,WTK
2022-03-02,131.0,131.0,131.0,131.0,0.0,0,WTK
2022-03-03,131.0,131.0,131.0,131.0,1200.0,1,WTK
2022-03-03,131.0,131.0,131.0,131.0,0.0,0,WTK
2022-03-04,131.0,134.75,131.0,134.75,400.0,0,WTK
2022-03-07,134.75,134.75,134.75,134.75,0.0,0,WTK
2022-03-08,134.75,131.0,130.0,130.0,127100.0,1,WTK
2022-03-08,134.75,134.75,134.75,134.75,0.0,0,WTK
2022-03-09,134.75,134.75,134.75,134.75,0.0,0,WTK
2022-03-09,130.0,130.0,130.0,130.0,100.0,1,WTK
2022-03-10,130.0,130.0,130.0,130.0,0.0,1,WTK
2022-03-10,134.75,134.75,134.75,134.75,0.0,0,WTK
2022-03-11,130.0,130.0,130.0,130.0,0.0,1,WTK
2022-03-11,134.75,134.75,134.75,134.75,0.0,0,WTK
2022-03-14,134.75,134.75,134.75,134.75,0.0,0,WTK
2022-03-14,130.0,130.0,130.0,130.0,0.0,1,WTK
2022-03-15,130.0,130.0,130.0,130.0,0.0,1,WTK
2022-03-15,134.75,134.75,134.75,134.75,0.0,0,WTK
2022-03-16,130.0,130.0,130.0,130.0,0.0,1,WTK
2022-03-16,134.75,134.75,134.75,134.75,0.0,0,WTK
2022-03-17,130.0,135.0,130.0,135.0,200.0,0,WTK
2022-03-18,135.0,135.0,130.0,130.0,100.0,0,WTK
2022-03-21,130.0,130.0,130.0,130.0,300.0,0,WTK
2022-03-22,130.0,130.0,130.0,130.0,0.0,0,WTK
2022-03-22,130.0,135.0,135.0,135.0,200.0,1,WTK
2022-03-23,135.0,135.0,135.0,135.0,0.0,1,WTK
2022-03-23,130.0,130.0,130.0,130.0,0.0,0,WTK
2022-03-24,130.0,130.0,130.0,130.0,0.0,0,WTK
2022-03-24,135.0,135.0,135.0,135.0,400.0,1,WTK
2022-03-25,135.0,135.0,135.0,135.0,200.0,1,WTK
2022-03-25,130.0,130.0,130.0,130.0,0.0,0,WTK
2022-03-28,135.0,135.0,135.0,135.0,100.0,1,WTK
2022-03-28,130.0,130.0,130.0,130.0,0.0,0,WTK
2022-03-29,135.0,135.0,130.5,130.5,100.0,0,WTK
2022-03-30,130.5,130.5,130.5,130.5,0.0,0,WTK
2022-03-31,130.5,135.0,130.5,135.0,500.0,0,WTK
2022-04-01,135.0,135.0,135.0,135.0,0.0,0,WTK
2022-04-04,135.0,135.0,130.5,132.25,2100.0,0,WTK
2022-04-05,132.25,135.0,135.0,135.0,300.0,1,WTK
2022-04-05,132.25,132.25,132.25,132.25,0.0,0,WTK
2022-04-06,132.25,132.25,132.25,132.25,0.0,0,WTK
2022-04-06,135.0,135.0,135.0,135.0,100.0,1,WTK
2022-04-07,135.0,135.0,135.0,135.0,0.0,1,WTK
2022-04-07,132.25,132.25,132.25,132.25,0.0,0,WTK
2022-04-08,135.0,135.0,135.0,135.0,0.0,1,WTK
2022-04-08,132.25,132.25,132.25,132.25,0.0,0,WTK
2022-04-11,135.0,134.0,134.0,134.0,100.0,1,WTK
2022-04-11,132.25,132.25,132.25,132.25,0.0,0,WTK
2022-04-12,134.0,134.0,134.0,134.0,0.0,0,WTK
2022-04-13,134.0,134.0,134.0,134.0,0.0,0,WTK
2022-04-13,134.0,134.0,134.0,134.0,0.0,1,WTK
2022-04-14,134.0,134.0,134.0,134.0,0.0,0,WTK
2022-04-14,134.0,134.0,133.0,133.5,200.0,1,WTK
2022-04-15,134.0,134.0,133.0,133.5,200.0,1,WTK
2022-04-15,134.0,134.0,134.0,134.0,0.0,0,WTK
2022-04-18,134.0,134.0,133.0,133.5,200.0,1,WTK
2022-04-18,134.0,134.0,134.0,134.0,0.0,0,WTK
2022-04-19,133.5,133.5,133.5,133.5,0.0,1,WTK
2022-04-19,134.0,134.0,134.0,134.0,0.0,0,WTK
2022-04-20,133.5,134.0,133.0,133.25,68500.0,0,WTK
2022-04-21,133.25,133.25,133.0,133.0,400.0,0,WTK
2022-04-22,133.0,133.0,130.0,130.0,200.0,0,WTK
2022-04-25,130.0,133.0,130.0,133.0,400.0,0,WTK
2022-04-26,133.0,130.0,130.0,130.0,1500.0,1,WTK
2022-04-26,133.0,133.0,133.0,133.0,0.0,0,WTK
2022-04-27,130.0,130.0,130.0,130.0,500.0,1,WTK
2022-04-27,133.0,133.0,133.0,133.0,0.0,0,WTK
2022-04-28,133.0,133.0,133.0,133.0,0.0,0,WTK
2022-04-28,130.0,130.0,130.0,130.0,100.0,1,WTK
2022-04-29,130.0,130.0,130.0,130.0,100.0,1,WTK
2022-04-29,133.0,133.0,133.0,133.0,0.0,0,WTK
2022-05-02,130.0,130.0,130.0,130.0,100.0,1,WTK
2022-05-02,133.0,133.0,133.0,133.0,0.0,0,WTK
2022-05-03,133.0,133.0,133.0,133.0,0.0,0,WTK
2022-05-03,130.0,130.0,130.0,130.0,100.0,1,WTK
2022-05-04,130.0,125.0,120.0,124.5,1100.0,1,WTK
2022-05-04,133.0,133.0,133.0,133.0,0.0,0,WTK
2022-05-05,124.5,124.5,124.5,124.5,0.0,0,WTK
2022-05-06,124.5,124.5,124.5,124.5,0.0,1,WTK
2022-05-06,124.5,124.5,124.5,124.5,0.0,0,WTK
2022-05-09,124.5,130.0,124.5,126.25,1200.0,0,WTK
2022-05-10,126.25,126.25,126.25,126.25,0.0,0,WTK
2022-05-10,126.25,129.0,129.0,129.0,300.0,1,WTK
2022-05-11,129.0,129.0,129.0,129.0,0.0,0,WTK
2022-05-12,129.0,129.0,129.0,129.0,0.0,1,WTK
2022-05-12,129.0,129.0,129.0,129.0,0.0,0,WTK
2022-05-13,129.0,126.75,126.5,126.75,300.0,1,WTK
2022-05-13,129.0,129.0,129.0,129.0,0.0,0,WTK
2022-05-16,126.75,126.75,126.75,126.75,0.0,0,WTK
2022-05-17,126.75,126.75,126.75,126.75,0.0,0,WTK
2022-05-17,126.75,127.0,126.5,126.75,300.0,1,WTK
2022-05-18,126.75,130.0,126.75,130.0,600.0,0,WTK
2022-05-19,130.0,130.0,130.0,130.0,700.0,0,WTK
2022-05-20,130.0,130.0,120.25,124.25,500.0,0,WTK
2022-05-23,124.25,130.0,124.25,130.0,1600.0,0,WTK
2022-05-24,130.0,130.0,129.75,130.0,1100.0,0,WTK
2022-05-25,130.0,130.0,126.0,126.0,200.0,0,WTK
2022-05-26,126.0,130.0,126.0,129.75,1100.0,0,WTK
2022-05-27,129.75,129.75,129.75,129.75,200.0,0,WTK
2022-05-30,129.75,129.75,129.75,129.75,0.0,0,WTK
2022-05-30,129.75,126.5,126.25,126.5,2200.0,1,WTK
2022-05-31,126.5,129.5,126.0,126.5,8500.0,0,WTK
2022-06-01,126.5,126.5,126.5,126.5,0.0,0,WTK
2022-06-01,126.5,129.5,126.0,126.5,8500.0,1,WTK
2022-06-02,126.5,129.5,125.0,127.25,200.0,0,WTK
2022-06-03,127.25,127.25,127.25,127.25,0.0,0,WTK
2022-06-06,127.25,128.0,127.0,127.5,200.0,0,WTK
2022-06-07,127.5,129.0,127.5,129.0,100.0,0,WTK
2022-06-08,129.0,129.0,129.0,129.0,0.0,0,WTK
2022-06-08,129.0,124.0,119.0,120.0,20500.0,1,WTK
2022-06-09,120.0,120.0,120.0,120.0,100.0,0,WTK
2022-06-10,120.0,120.0,120.0,120.0,0.0,0,WTK
2022-06-10,120.0,120.0,120.0,120.0,0.0,1,WTK
2022-06-13,120.0,129.5,120.0,129.5,300.0,0,WTK
2022-06-14,129.5,129.5,122.0,122.0,100.0,0,WTK
2022-06-15,122.0,125.0,122.0,124.0,200.0,0,WTK
2022-06-16,124.0,124.0,124.0,124.0,0.0,0,WTK
2022-06-16,124.0,130.0,130.0,130.0,4700.0,1,WTK
2022-06-17,130.0,130.0,130.0,130.0,0.0,1,WTK
2022-06-17,124.0,124.0,124.0,124.0,0.0,0,WTK
2022-06-20,130.0,130.0,130.0,130.0,0.0,1,WTK
2022-06-20,124.0,124.0,124.0,124.0,0.0,0,WTK
2022-06-21,124.0,124.0,124.0,124.0,0.0,0,WTK
2022-06-21,130.0,130.0,130.0,130.0,0.0,1,WTK
2022-06-22,130.0,129.5,129.5,129.5,2200.0,1,WTK
2022-06-22,124.0,124.0,124.0,124.0,0.0,0,WTK
2022-06-23,129.5,129.5,129.5,129.5,0.0,0,WTK
2022-06-24,129.5,129.5,129.5,129.5,0.0,1,WTK
2022-06-24,129.5,129.5,129.5,129.5,0.0,0,WTK
2022-06-27,129.5,129.5,129.5,129.5,0.0,0,WTK
2022-06-27,129.5,130.0,122.0,124.75,300.0,1,WTK
2022-06-28,124.75,130.0,122.0,124.75,300.0,0,WTK
2022-06-29,124.75,124.75,124.75,124.75,0.0,0,WTK
2022-06-29,124.75,130.0,122.0,124.75,300.0,1,WTK
2022-06-30,124.75,124.75,124.0,124.0,100.0,0,WTK
2022-07-01,124.0,137.0,124.0,130.75,38600.0,0,WTK
2022-07-04,130.75,137.0,130.0,130.75,38600.0,0,WTK
2022-07-05,130.75,140.0,130.75,140.0,4500.0,0,WTK
2022-07-06,140.0,143.0,140.0,142.75,3200.0,0,WTK
2022-07-07,142.75,144.0,142.0,142.75,3100.0,0,WTK
2022-07-08,142.75,157.0,142.75,151.0,2800.0,0,WTK
2022-07-11,142.75,157.0,149.0,151.0,2800.0,1,WTK
2022-07-11,151.0,151.0,151.0,151.0,0.0,0,WTK
2022-07-12,151.0,157.0,145.0,152.75,2000.0,0,WTK
2022-07-13,152.75,157.0,147.0,149.5,3800.0,0,WTK
2022-07-14,149.5,154.0,149.5,154.0,600.0,0,WTK
2022-07-15,154.0,156.0,149.5,152.25,2600.0,0,WTK
2022-07-18,152.25,152.25,146.0,147.25,5300.0,0,WTK
2022-07-19,147.25,147.25,145.0,145.0,100.0,0,WTK
2022-07-20,145.0,150.0,145.0,148.25,2800.0,0,WTK
2022-07-21,148.25,153.0,148.0,148.25,4700.0,0,WTK
2022-07-22,148.25,154.0,148.0,149.75,2300.0,0,WTK
2022-07-25,149.75,152.0,149.75,150.75,2200.0,0,WTK
2022-07-26,150.75,152.0,150.0,150.0,1600.0,0,WTK
2022-07-27,150.0,157.0,150.0,152.0,13800.0,1,WTK
2022-07-27,150.0,150.0,150.0,150.0,0.0,0,WTK
2022-07-28,152.0,157.0,150.0,152.0,13800.0,0,WTK
2022-07-29,152.0,155.0,150.0,152.0,6200.0,1,WTK
2022-07-29,152.0,152.0,152.0,152.0,0.0,0,WTK
2022-08-01,152.0,152.0,150.0,151.5,21600.0,0,WTK
2022-08-02,151.5,152.0,151.0,151.75,34900.0,0,WTK
2022-08-03,151.75,152.0,151.0,151.5,212100.0,0,WTK
2022-08-04,151.5,152.0,151.0,151.25,15100.0,0,WTK
2022-08-05,151.25,151.25,151.0,151.0,2200.0,0,WTK
2022-08-08,151.0,152.0,151.0,151.25,20600.0,0,WTK
2022-08-09,151.0,152.0,151.0,151.25,20600.0,1,WTK
2022-08-09,151.25,151.25,151.25,151.25,0.0,0,WTK
2022-08-10,151.25,151.25,151.0,151.0,1400.0,0,WTK
2022-08-11,151.0,151.0,151.0,151.0,100.0,0,WTK
2022-08-12,151.0,155.0,151.0,153.25,4500.0,0,WTK
2022-08-15,153.25,153.25,150.0,150.0,11200.0,0,WTK
2022-08-16,150.0,154.0,150.0,154.0,100.0,0,WTK
2022-08-17,154.0,154.0,150.0,150.0,5000.0,0,WTK
2022-08-18,150.0,154.0,150.0,152.75,1500.0,0,WTK
2022-08-19,152.75,152.75,150.0,150.0,100.0,0,WTK
2022-08-22,150.0,150.25,150.0,150.25,27300.0,0,WTK
2022-08-23,150.25,152.0,150.25,151.75,400.0,0,WTK
2022-08-24,151.75,152.0,151.75,152.0,700.0,0,WTK
2022-08-25,152.0,152.0,152.0,152.0,18000.0,0,WTK
2022-08-26,152.0,152.5,152.0,152.5,300.0,0,WTK
2022-08-29,152.5,160.0,152.5,160.0,100.0,0,WTK
2022-08-30,160.0,160.0,160.0,160.0,0.0,0,WTK
2022-08-31,160.0,160.0,153.0,156.5,200.0,0,WTK
2022-09-01,156.5,156.5,156.5,156.5,0.0,0,WTK
2022-09-02,156.5,156.5,153.0,154.75,900.0,0,WTK
2022-09-05,154.75,155.0,155.0,155.0,100.0,1,WTK
2022-09-05,154.75,154.75,154.75,154.75,0.0,0,WTK
2022-09-06,155.0,155.0,155.0,155.0,900.0,0,WTK
2022-09-07,155.0,155.0,155.0,155.0,400.0,1,WTK
2022-09-07,155.0,155.0,155.0,155.0,0.0,0,WTK
2022-09-08,155.0,157.0,155.0,156.5,2600.0,0,WTK
2022-09-09,156.5,156.5,156.5,156.5,100.0,0,WTK
2022-09-12,156.5,158.0,156.75,157.0,61400.0,1,WTK
2022-09-12,156.5,156.5,156.5,156.5,0.0,0,WTK
2022-09-13,156.5,158.0,156.75,157.0,61400.0,1,WTK
2022-09-13,156.5,156.5,156.5,156.5,0.0,0,WTK
2022-09-14,156.5,156.5,156.5,156.5,0.0,0,WTK
2022-09-14,157.0,160.0,156.75,157.0,52100.0,1,WTK
2022-09-15,157.0,157.25,157.0,157.25,50000.0,0,WTK
2022-09-16,157.25,159.0,159.0,159.0,100.0,1,WTK
2022-09-16,157.25,157.25,157.25,157.25,0.0,0,WTK
2022-09-19,157.25,157.25,157.25,157.25,0.0,0,WTK
2022-09-19,159.0,159.0,159.0,159.0,900.0,1,WTK
2022-09-20,159.0,159.0,159.0,159.0,100.0,1,WTK
2022-09-20,157.25,157.25,157.25,157.25,0.0,0,WTK
2022-09-21,157.25,157.25,157.25,157.25,0.0,0,WTK
2022-09-21,159.0,159.0,159.0,159.0,200.0,1,WTK
2022-09-22,159.0,159.0,157.0,158.25,1000.0,0,WTK
2022-09-23,158.25,164.0,158.25,161.5,400.0,0,WTK
2022-09-26,161.5,161.5,159.0,159.0,200.0,0,WTK
2022-09-27,159.0,163.0,159.0,162.5,10700.0,0,WTK
2022-09-28,162.5,162.5,162.5,162.5,0.0,0,WTK
2022-09-29,162.5,162.5,162.0,162.0,100.0,0,WTK
2022-09-30,162.0,162.0,162.0,162.0,0.0,0,WTK
2022-10-03,162.0,162.0,159.0,159.0,1600.0,0,WTK
2022-10-04,159.0,168.0,159.0,164.5,600.0,0,WTK
2022-10-05,164.5,168.0,164.5,167.75,11000.0,0,WTK
2022-10-06,167.75,168.0,167.75,168.0,4200.0,0,WTK
2022-10-07,168.0,170.0,168.0,168.75,7300.0,0,WTK
2022-10-10,168.0,170.0,168.0,168.75,7300.0,1,WTK
2022-10-10,168.75,168.75,168.75,168.75,0.0,0,WTK
2022-10-11,168.75,168.75,168.75,168.75,0.0,0,WTK
2022-10-11,168.75,168.0,168.0,168.0,300.0,1,WTK
2022-10-12,168.0,168.0,168.0,168.0,300.0,0,WTK
2022-10-13,168.0,168.0,168.0,168.0,0.0,1,WTK
2022-10-13,168.0,168.0,168.0,168.0,0.0,0,WTK
2022-10-14,168.0,168.0,167.0,167.0,100.0,0,WTK
2022-10-17,167.0,167.0,167.0,167.0,200.0,0,WTK
2022-10-18,167.0,167.0,166.0,166.25,2300.0,0,WTK
2022-10-19,166.25,166.25,166.25,166.25,0.0,0,WTK
2022-10-19,166.25,166.0,166.0,166.0,300.0,1,WTK
2022-10-20,166.25,166.25,166.25,166.25,0.0,0,WTK
2022-10-20,166.25,166.0,166.0,166.0,300.0,1,WTK
2022-10-21,166.0,166.0,166.0,166.0,0.0,1,WTK
2022-10-21,166.25,166.25,166.25,166.25,0.0,0,WTK
2022-10-24,166.0,166.0,164.0,165.0,800.0,1,WTK
2022-10-24,166.25,166.25,166.25,166.25,0.0,0,WTK
2022-10-25,165.0,165.0,165.0,165.0,0.0,0,WTK
2022-10-26,165.0,165.0,165.0,165.0,0.0,0,WTK
2022-10-26,165.0,165.0,165.0,165.0,800.0,1,WTK
2022-10-27,165.0,165.0,164.75,164.75,100.0,0,WTK
2022-10-28,164.75,165.0,164.0,164.25,600.0,0,WTK
2022-10-31,164.25,164.25,164.25,164.25,0.0,0,WTK
2022-11-01,164.25,165.0,164.25,164.75,400.0,0,WTK
2022-11-02,164.75,165.0,161.0,161.75,1000.0,0,WTK
2022-11-03,161.75,164.75,161.75,164.75,500.0,0,WTK
2022-11-04,164.75,164.75,164.75,164.75,0.0,0,WTK
2022-11-07,164.75,164.75,164.0,164.0,800.0,0,WTK
2022-11-08,164.0,164.0,164.0,164.0,200.0,0,WTK
2022-11-09,164.0,164.0,161.5,161.5,500.0,0,WTK
2022-11-10,161.5,161.5,161.5,161.5,100.0,0,WTK
2022-11-11,161.5,159.0,150.25,151.0,1100.0,1,WTK
2022-11-11,161.5,161.5,161.5,161.5,0.0,0,WTK
2022-11-14,151.0,151.0,151.0,151.0,0.0,1,WTK
2022-11-14,161.5,161.5,161.5,161.5,0.0,0,WTK
2022-11-15,161.5,161.5,161.5,161.5,0.0,0,WTK
2022-11-15,151.0,151.0,151.0,151.0,100.0,1,WTK
2022-11-16,161.5,161.5,161.5,161.5,0.0,0,WTK
2022-11-16,151.0,151.0,150.25,151.0,6100.0,1,WTK
2022-11-17,151.0,151.0,137.0,137.0,100.0,0,WTK
2022-11-18,137.0,150.0,150.0,150.0,1000.0,1,WTK
2022-11-18,137.0,137.0,137.0,137.0,0.0,0,WTK
2022-11-21,150.0,150.0,150.0,150.0,1000.0,1,WTK
2022-11-21,137.0,137.0,137.0,137.0,0.0,0,WTK
2022-11-22,137.0,137.0,137.0,137.0,0.0,0,WTK
2022-11-22,150.0,150.0,150.0,150.0,1000.0,1,WTK
2022-11-23,150.0,150.0,150.0,150.0,0.0,1,WTK
2022-11-23,137.0,137.0,137.0,137.0,0.0,0,WTK
2022-11-24,150.0,139.0,139.0,139.0,100.0,1,WTK
2022-11-24,137.0,137.0,137.0,137.0,0.0,0,WTK
2022-11-25,139.0,139.0,139.0,139.0,0.0,0,WTK
2022-11-28,139.0,139.0,139.0,139.0,0.0,0,WTK
2022-11-28,139.0,139.0,139.0,139.0,0.0,1,WTK
2022-11-29,139.0,145.0,139.0,145.0,600.0,0,WTK
2022-11-30,145.0,145.0,145.0,145.0,0.0,0,WTK
2022-12-01,145.0,150.0,150.0,150.0,100.0,1,WTK
2022-12-01,145.0,145.0,145.0,145.0,0.0,0,WTK
2022-12-02,150.0,150.0,150.0,150.0,0.0,1,WTK
2022-12-02,145.0,145.0,145.0,145.0,0.0,0,WTK
2022-12-05,145.0,145.0,145.0,145.0,0.0,0,WTK
2022-12-05,150.0,150.0,150.0,150.0,0.0,1,WTK
2022-12-06,150.0,150.0,150.0,150.0,0.0,1,WTK
2022-12-06,145.0,145.0,145.0,145.0,0.0,0,WTK
2022-12-07,145.0,145.0,145.0,145.0,0.0,0,WTK
2022-12-07,150.0,150.0,150.0,150.0,200.0,1,WTK
2022-12-08,150.0,159.0,150.0,154.25,500.0,0,WTK
2022-12-09,154.25,160.0,160.0,160.0,200.0,1,WTK
2022-12-09,154.25,154.25,154.25,154.25,0.0,0,WTK
2022-12-12,154.25,160.0,160.0,160.0,200.0,1,WTK
2022-12-12,154.25,154.25,154.25,154.25,0.0,0,WTK
2022-12-13,160.0,160.0,160.0,160.0,0.0,1,WTK
2022-12-13,154.25,154.25,154.25,154.25,0.0,0,WTK
2022-12-14,154.25,154.25,154.25,154.25,0.0,0,WTK
2022-12-14,160.0,160.0,160.0,160.0,1200.0,1,WTK
2022-12-15,160.0,160.0,160.0,160.0,500.0,1,WTK
2022-12-15,154.25,154.25,154.25,154.25,0.0,0,WTK
2022-12-16,160.0,160.0,160.0,160.0,9600.0,1,WTK
2022-12-16,154.25,154.25,154.25,154.25,0.0,0,WTK
2022-12-19,160.0,160.0,160.0,160.0,0.0,1,WTK
2022-12-19,154.25,154.25,154.25,154.25,0.0,0,WTK
2022-12-20,160.0,160.0,155.0,155.0,200.0,0,WTK
2022-12-21,155.0,160.0,155.0,156.75,300.0,0,WTK
2022-12-22,156.75,156.75,156.75,156.75,0.0,0,WTK
2022-12-23,156.75,156.75,156.75,156.75,0.0,0,WTK
2022-12-23,156.75,155.0,150.0,152.5,200.0,1,WTK
2022-12-26,156.75,155.0,150.0,152.5,200.0,1,WTK
2022-12-26,156.75,156.75,156.75,156.75,0.0,0,WTK
2022-12-27,156.75,155.0,150.0,152.5,200.0,1,WTK
2022-12-27,156.75,156.75,156.75,156.75,0.0,0,WTK
2022-12-28,152.5,155.0,152.5,155.0,700.0,0,WTK
2022-12-29,155.0,155.0,152.0,154.25,1200.0,0,WTK
2022-12-30,154.25,154.25,154.25,154.25,0.0,0,WTK
2022-12-30,154.25,160.0,160.0,160.0,700.0,1,WTK
2023-01-02,154.25,154.25,154.25,154.25,0.0,0,WTK
2023-01-02,154.25,160.0,160.0,160.0,700.0,1,WTK
2023-01-03,154.25,154.25,154.25,154.25,0.0,0,WTK
2023-01-03,160.0,160.0,160.0,160.0,0.0,1,WTK
2023-01-04,160.0,160.0,160.0,160.0,0.0,1,WTK
2023-01-04,154.25,154.25,154.25,154.25,0.0,0,WTK
2023-01-05,160.0,160.0,151.0,154.75,700.0,0,WTK
2023-01-06,154.75,160.0,154.75,160.0,200.0,0,WTK
2023-01-09,160.0,160.0,160.0,160.0,100.0,0,WTK
2023-01-10,160.0,160.0,160.0,160.0,0.0,0,WTK
2023-01-10,160.0,160.0,155.0,156.25,800.0,1,WTK
2023-01-11,156.25,156.25,156.25,156.25,0.0,0,WTK
2023-01-12,156.25,156.25,156.25,156.25,0.0,0,WTK
2023-01-12,156.25,156.25,156.25,156.25,0.0,1,WTK
2023-01-13,156.25,156.25,156.0,156.0,100.0,0,WTK
2023-01-16,156.0,156.0,155.0,155.0,200.0,0,WTK
2023-01-17,155.0,155.0,155.0,155.0,200.0,0,WTK
2023-01-18,155.0,155.0,154.0,154.25,600.0,0,WTK
2023-01-19,154.25,155.0,155.0,155.0,500.0,1,WTK
2023-01-19,154.25,154.25,154.25,154.25,0.0,0,WTK
2023-01-20,155.0,155.0,155.0,155.0,1000.0,1,WTK
2023-01-20,154.25,154.25,154.25,154.25,0.0,0,WTK
2023-01-23,154.25,154.25,154.25,154.25,0.0,0,WTK
2023-01-23,155.0,155.0,155.0,155.0,1300.0,1,WTK
2023-01-24,154.25,154.25,154.25,154.25,0.0,0,WTK
2023-01-24,155.0,155.0,155.0,155.0,1700.0,1,WTK
2023-01-25,155.0,155.0,151.0,153.0,2200.0,0,WTK
2023-01-26,153.0,155.0,153.0,155.0,300.0,0,WTK
2023-01-27,155.0,161.0,155.0,160.75,300.0,0,WTK
2023-01-30,160.75,175.0,175.0,175.0,300.0,1,WTK
2023-01-30,160.75,160.75,160.75,160.75,0.0,0,WTK
2023-01-31,160.75,160.75,160.75,160.75,0.0,0,WTK
2023-01-31,175.0,175.0,175.0,175.0,100.0,1,WTK
2023-02-01,160.75,160.75,160.75,160.75,0.0,0,WTK
2023-02-01,175.0,175.0,175.0,175.0,200.0,1,WTK
2023-02-02,160.75,160.75,160.75,160.75,0.0,0,WTK
2023-02-02,175.0,175.0,175.0,175.0,0.0,1,WTK
2023-02-03,175.0,165.0,165.0,165.0,200.0,1,WTK
2023-02-03,160.75,160.75,160.75,160.75,0.0,0,WTK
2023-02-06,165.0,165.0,165.0,165.0,800.0,0,WTK
2023-02-07,165.0,165.0,165.0,165.0,1300.0,1,WTK
2023-02-07,165.0,165.0,165.0,165.0,0.0,0,WTK
2023-02-08,165.0,165.0,160.0,164.25,700.0,0,WTK
2023-02-09,164.25,164.25,164.0,164.0,1500.0,0,WTK
2023-02-10,164.0,164.0,164.0,164.0,1500.0,0,WTK
2023-02-13,164.0,174.75,164.0,174.75,300.0,0,WTK
2023-02-14,174.75,174.75,174.0,174.0,100.0,0,WTK
2023-02-15,174.0,175.0,174.75,175.0,1000.0,1,WTK
2023-02-15,174.0,174.0,174.0,174.0,0.0,0,WTK
2023-02-16,174.0,174.0,174.0,174.0,0.0,0,WTK
2023-02-16,175.0,175.0,175.0,175.0,7100.0,1,WTK
2023-02-17,174.0,174.0,174.0,174.0,0.0,0,WTK
2023-02-17,175.0,175.0,175.0,175.0,0.0,1,WTK
2023-02-20,175.0,175.0,175.0,175.0,1500.0,1,WTK
2023-02-20,174.0,174.0,174.0,174.0,0.0,0,WTK
2023-02-21,175.0,175.0,175.0,175.0,100.0,1,WTK
2023-02-21,174.0,174.0,174.0,174.0,0.0,0,WTK
2023-02-22,174.0,174.0,174.0,174.0,0.0,0,WTK
2023-02-22,175.0,179.0,179.0,179.0,100.0,1,WTK
2023-02-23,179.0,179.0,179.0,179.0,300.0,1,WTK
2023-02-23,174.0,174.0,174.0,174.0,0.0,0,WTK
2023-02-24,179.0,179.0,179.0,179.0,0.0,1,WTK
2023-02-24,174.0,174.0,174.0,174.0,0.0,0,WTK
2023-02-27,179.0,179.0,179.0,179.0,0.0,1,WTK
2023-02-27,174.0,174.0,174.0,174.0,0.0,0,WTK
2023-02-28,179.0,179.0,179.0,179.0,0.0,1,WTK
2023-02-28,174.0,174.0,174.0,174.0,0.0,0,WTK
2023-03-01,174.0,174.0,174.0,174.0,0.0,0,WTK
2023-03-01,179.0,175.0,175.0,175.0,200.0,1,WTK
2023-03-02,175.0,175.0,175.0,175.0,600.0,1,WTK
2023-03-02,174.0,174.0,174.0,174.0,0.0,0,WTK
2023-03-03,174.0,174.0,174.0,174.0,0.0,0,WTK
2023-03-03,175.0,175.0,175.0,175.0,600.0,1,WTK
2023-03-06,175.0,175.0,175.0,175.0,100.0,1,WTK
2023-03-06,174.0,174.0,174.0,174.0,0.0,0,WTK
2023-03-07,174.0,174.0,174.0,174.0,0.0,0,WTK
2023-03-07,175.0,175.0,175.0,175.0,0.0,1,WTK
2023-03-08,175.0,177.0,175.0,176.25,2300.0,0,WTK
2023-03-09,176.25,177.0,175.0,176.25,2300.0,0,WTK
2023-03-10,176.25,176.25,175.0,175.0,200.0,0,WTK
2023-03-13,175.0,175.0,175.0,175.0,0.0,0,WTK
2023-03-14,175.0,160.0,160.0,160.0,1300.0,1,WTK
2023-03-14,175.0,175.0,175.0,175.0,0.0,0,WTK
2023-03-15,160.0,160.0,160.0,160.0,800.0,0,WTK
2023-03-16,160.0,160.0,160.0,160.0,1100.0,1,WTK
2023-03-16,160.0,160.0,160.0,160.0,0.0,0,WTK
2023-03-17,160.0,165.0,160.0,161.0,500.0,0,WTK
2023-03-20,161.0,161.0,150.0,150.0,200.0,0,WTK
2023-03-21,150.0,150.0,150.0,150.0,0.0,0,WTK
2023-03-21,150.0,160.0,160.0,160.0,100.0,1,WTK
2023-03-22,150.0,150.0,150.0,150.0,0.0,0,WTK
2023-03-22,160.0,160.0,160.0,160.0,800.0,1,WTK
2023-03-23,150.0,150.0,150.0,150.0,0.0,0,WTK
2023-03-23,160.0,160.0,160.0,160.0,0.0,1,WTK
2023-03-24,150.0,150.0,150.0,150.0,0.0,0,WTK
2023-03-24,160.0,160.0,160.0,160.0,600.0,1,WTK
2023-03-27,160.0,160.0,160.0,160.0,0.0,1,WTK
2023-03-27,150.0,150.0,150.0,150.0,0.0,0,WTK
2023-03-28,160.0,160.0,160.0,160.0,0.0,1,WTK
2023-03-28,150.0,150.0,150.0,150.0,0.0,0,WTK
2023-03-29,150.0,150.0,150.0,150.0,0.0,0,WTK
2023-03-29,160.0,160.0,160.0,160.0,0.0,1,WTK
2023-03-30,150.0,150.0,150.0,150.0,0.0,0,WTK
2023-03-30,160.0,160.0,160.0,160.0,0.0,1,WTK
2023-03-31,160.0,165.0,160.0,165.0,100.0,0,WTK
2023-04-03,165.0,165.0,165.0,165.0,0.0,0,WTK
2023-04-04,165.0,170.0,165.0,170.0,2200.0,0,WTK
2023-04-05,170.0,174.0,162.0,162.75,27300.0,0,WTK
2023-04-06,162.75,162.75,162.75,162.75,0.0,0,WTK
2023-04-06,162.75,174.0,174.0,174.0,300.0,1,WTK
2023-04-07,162.75,174.0,174.0,174.0,300.0,1,WTK
2023-04-07,162.75,162.75,162.75,162.75,0.0,0,WTK
2023-04-10,162.75,174.0,174.0,174.0,300.0,1,WTK
2023-04-10,162.75,162.75,162.75,162.75,0.0,0,WTK
2023-04-11,162.75,162.75,162.75,162.75,0.0,0,WTK
2023-04-11,174.0,174.0,174.0,174.0,300.0,1,WTK
2023-04-12,162.75,162.75,162.75,162.75,0.0,0,WTK
2023-04-12,174.0,170.0,170.0,170.0,200.0,1,WTK
2023-04-13,170.0,170.0,170.0,170.0,0.0,0,WTK
2023-04-14,170.0,170.0,170.0,170.0,1500.0,1,WTK
2023-04-14,170.0,170.0,170.0,170.0,0.0,0,WTK
2023-04-17,170.0,170.0,170.0,170.0,0.0,0,WTK
2023-04-17,170.0,170.0,165.0,169.5,1100.0,1,WTK
2023-04-18,169.5,169.5,169.5,169.5,0.0,1,WTK
2023-04-18,170.0,170.0,170.0,170.0,0.0,0,WTK
2023-04-19,170.0,170.0,170.0,170.0,0.0,0,WTK
2023-04-19,169.5,169.5,169.5,169.5,0.0,1,WTK
2023-04-20,170.0,170.0,170.0,170.0,0.0,0,WTK
2023-04-20,169.5,169.5,169.5,169.5,0.0,1,WTK
2023-04-21,170.0,170.0,170.0,170.0,0.0,0,WTK
2023-04-21,169.5,169.5,169.5,169.5,0.0,1,WTK
2023-04-24,170.0,170.0,170.0,170.0,0.0,0,WTK
2023-04-24,169.5,169.5,169.5,169.5,0.0,1,WTK
2023-04-25,170.0,170.0,170.0,170.0,0.0,0,WTK
2023-04-25,169.5,169.5,169.5,169.5,0.0,1,WTK
2023-04-26,170.0,170.0,170.0,170.0,0.0,0,WTK
2023-04-26,169.5,169.5,169.5,169.5,0.0,1,WTK
2023-04-27,169.5,169.5,169.5,169.5,0.0,1,WTK
2023-04-27,170.0,170.0,170.0,170.0,0.0,0,WTK
2023-04-28,170.0,170.0,170.0,170.0,0.0,0,WTK
2023-04-28,169.5,169.5,169.5,169.5,0.0,1,WTK
2023-05-01,170.0,170.0,170.0,170.0,0.0,0,WTK
2023-05-01,169.5,169.5,169.5,169.5,0.0,1,WTK
2023-05-02,169.5,185.0,169.5,185.0,200.0,0,WTK
2023-05-03,185.0,185.0,185.0,185.0,1100.0,0,WTK
2023-05-04,185.0,185.0,170.0,170.0,400.0,0,WTK
2023-05-05,170.0,170.5,170.0,170.5,400.0,0,WTK
2023-05-08,170.5,170.5,170.0,170.0,3000.0,0,WTK
2023-05-09,170.0,177.0,170.0,177.0,100.0,0,WTK
2023-05-10,177.0,181.0,177.0,181.0,200.0,0,WTK
2023-05-11,181.0,181.0,170.5,170.5,100.0,0,WTK
2023-05-12,170.5,170.5,170.5,170.5,1400.0,0,WTK
2023-05-15,170.5,170.0,170.0,170.0,700.0,1,WTK
2023-05-15,170.5,170.5,170.5,170.5,0.0,0,WTK
2023-05-16,170.5,170.5,170.5,170.5,0.0,0,WTK
2023-05-16,170.0,170.25,170.0,170.0,1800.0,1,WTK
2023-05-17,170.5,170.5,170.5,170.5,0.0,0,WTK
2023-05-17,170.0,170.0,170.0,170.0,0.0,1,WTK
2023-05-18,170.0,170.0,170.0,170.0,0.0,1,WTK
2023-05-18,170.5,170.5,170.5,170.5,0.0,0,WTK
2023-05-19,170.5,170.5,170.5,170.5,0.0,0,WTK
2023-05-19,170.0,170.0,170.0,170.0,0.0,1,WTK
2023-05-22,170.0,171.0,170.0,170.5,4000.0,0,WTK
2023-05-23,170.5,171.0,170.0,170.25,1500.0,0,WTK
2023-05-24,170.25,171.0,170.25,171.0,600.0,0,WTK
2023-05-25,171.0,171.0,171.0,171.0,0.0,0,WTK
2023-05-26,171.0,172.0,171.0,172.0,100.0,0,WTK
2023-05-29,172.0,181.0,172.0,181.0,100.0,0,WTK
2023-05-30,181.0,185.0,181.0,185.0,100.0,0,WTK
2023-05-31,185.0,185.0,180.0,180.0,300.0,0,WTK
2023-06-01,185.0,180.0,180.0,180.0,300.0,1,WTK
2023-06-01,180.0,180.0,180.0,180.0,0.0,0,WTK
2023-06-02,180.0,185.0,180.0,182.0,1300.0,0,WTK
2023-06-05,182.0,185.0,182.0,185.0,400.0,0,WTK
2023-06-06,185.0,185.0,185.0,185.0,200.0,0,WTK
2023-06-07,185.0,185.0,181.0,183.0,200.0,0,WTK
2023-06-08,183.0,183.0,183.0,183.0,0.0,0,WTK
2023-06-09,183.0,186.0,183.0,186.0,400.0,0,WTK
2023-06-12,186.0,199.0,186.0,197.5,2200.0,0,WTK
2023-06-13,197.5,197.5,195.0,195.0,200.0,0,WTK
2023-06-14,195.0,199.0,190.0,194.5,200.0,0,WTK
2023-06-15,194.5,195.0,194.5,195.0,200.0,0,WTK
2023-06-16,195.0,201.0,195.0,199.25,3300.0,0,WTK
2023-06-19,199.25,203.0,199.25,202.5,2600.0,0,WTK
2023-06-20,202.5,203.75,202.0,202.0,1600.0,0,WTK
2023-06-21,202.0,204.0,202.0,204.0,100.0,0,WTK
2023-06-22,204.0,222.0,204.0,208.0,1500.0,0,WTK
2023-06-23,208.0,208.0,208.0,208.0,0.0,0,WTK
2023-06-26,208.0,210.0,208.0,210.0,6700.0,0,WTK
2023-06-27,210.0,210.0,208.0,208.0,1100.0,0,WTK
2023-06-28,210.0,208.0,208.0,208.0,1100.0,1,WTK
2023-06-28,208.0,208.0,208.0,208.0,0.0,0,WTK
2023-06-29,208.0,240.0,208.0,232.75,8100.0,0,WTK
2023-06-30,232.75,248.0,232.75,244.25,400.0,0,WTK
2023-07-03,244.25,245.0,244.25,245.0,1400.0,0,WTK
2023-07-04,245.0,249.0,245.0,246.0,4700.0,0,WTK
2023-07-05,246.0,250.0,245.0,247.75,4500.0,0,WTK
2023-07-06,247.75,250.0,231.5,236.0,2600.0,0,WTK
2023-07-07,236.0,245.0,230.0,240.0,1800.0,0,WTK
2023-07-10,240.0,240.0,240.0,240.0,1900.0,0,WTK
2023-07-11,240.0,240.0,230.0,236.75,3600.0,0,WTK
2023-07-12,236.75,236.75,230.0,231.75,300.0,0,WTK
2023-07-13,231.75,235.0,230.0,234.75,3200.0,0,WTK
2023-07-14,234.75,239.75,230.0,236.0,4100.0,0,WTK
2023-07-17,236.0,245.0,236.0,243.0,30800.0,0,WTK
2023-07-18,243.0,243.0,240.0,240.0,200.0,0,WTK
2023-07-19,240.0,240.0,235.0,238.25,300.0,0,WTK
2023-07-20,238.25,238.25,235.0,235.0,500.0,0,WTK
2023-07-21,235.0,235.0,235.0,235.0,4200.0,0,WTK
2023-07-24,235.0,239.75,235.0,238.5,400.0,0,WTK
2023-07-25,238.5,238.5,231.0,234.75,2200.0,0,WTK
2023-07-26,234.75,237.75,234.75,236.0,600.0,0,WTK
2023-07-27,236.0,239.75,236.0,238.25,6800.0,0,WTK
2023-07-28,238.25,238.25,237.75,237.75,400.0,0,WTK
2023-07-31,237.75,239.75,237.75,239.25,2800.0,0,WTK
2023-08-01,239.25,242.0,239.25,242.0,500.0,0,WTK
2023-08-02,242.0,245.0,242.0,245.0,400.0,0,WTK
2023-08-03,245.0,248.0,245.0,247.75,1500.0,0,WTK
2023-08-04,247.75,250.0,247.75,250.0,3000.0,0,WTK
2023-08-07,250.0,260.0,250.0,256.0,2500.0,0,WTK
2023-08-08,256.0,274.75,256.0,269.0,5000.0,0,WTK
2023-08-09,269.0,270.0,269.0,269.75,1400.0,0,WTK
2023-08-10,269.75,274.75,269.75,270.5,1100.0,0,WTK
2023-08-11,270.5,275.0,269.0,270.75,3300.0,0,WTK
2023-08-14,270.75,270.75,270.75,270.75,0.0,0,WTK
2023-08-15,270.75,272.0,260.0,265.0,33300.0,0,WTK
2023-08-16,265.0,265.0,245.0,253.25,800.0,0,WTK
2023-08-17,253.25,253.25,242.0,242.5,800.0,0,WTK
2023-08-18,242.5,250.0,240.0,243.75,3200.0,0,WTK
2023-08-21,243.75,245.0,230.0,233.5,6300.0,0,WTK
2023-08-22,233.5,255.0,233.5,251.5,1600.0,0,WTK
2023-08-23,251.5,251.5,233.5,245.25,3700.0,0,WTK
2023-08-24,245.25,245.25,220.75,228.5,2500.0,0,WTK
2023-08-25,228.5,228.5,205.75,205.75,200.0,0,WTK
2023-08-28,205.75,205.75,185.25,185.5,3500.0,0,WTK
2023-08-29,185.5,190.0,185.25,189.0,900.0,0,WTK
2023-08-30,189.0,205.75,189.0,205.75,200.0,0,WTK
2023-08-31,205.75,205.75,190.0,192.25,1300.0,0,WTK
2023-09-01,192.25,205.0,190.0,192.5,3900.0,0,WTK
2023-09-04,192.5,205.75,192.5,204.75,600.0,0,WTK
2023-09-05,204.75,204.75,190.0,196.0,500.0,0,WTK
2023-09-06,196.0,196.0,196.0,196.0,100.0,0,WTK
2023-09-07,196.0,198.0,196.0,198.0,200.0,0,WTK
2023-09-08,198.0,200.0,198.0,199.0,200.0,0,WTK
2023-09-11,199.0,199.0,199.0,199.0,0.0,0,WTK
2023-09-12,199.0,205.0,199.0,202.5,200.0,0,WTK
2023-09-13,202.5,206.0,200.0,202.5,1300.0,0,WTK
2023-09-14,202.5,202.5,200.0,200.0,100.0,0,WTK
2023-09-15,200.0,205.0,200.0,205.0,500.0,0,WTK
2023-09-18,205.0,205.0,200.0,203.0,500.0,0,WTK
2023-09-19,203.0,203.0,200.0,202.0,2200.0,0,WTK
2023-09-20,202.0,205.0,200.0,202.0,1000.0,0,WTK
2023-09-21,202.0,205.0,202.0,204.5,500.0,0,WTK
2023-09-22,204.5,204.5,204.5,204.5,0.0,0,WTK
2023-09-25,204.5,204.5,200.0,200.0,36000.0,0,WTK
2023-09-26,200.0,203.0,200.0,201.0,2300.0,0,WTK
2023-09-27,201.0,205.0,200.0,200.25,3700.0,0,WTK
2023-09-28,200.25,200.25,200.0,200.0,2200.0,0,WTK
2023-09-29,200.0,200.0,200.0,200.0,0.0,0,WTK
2023-09-29,200.0,205.0,205.0,205.0,200.0,1,WTK
2023-10-02,205.0,205.0,205.0,205.0,0.0,0,WTK
2023-10-03,205.0,205.0,205.0,205.0,0.0,1,WTK
2023-10-03,205.0,205.0,205.0,205.0,0.0,0,WTK
2023-10-04,205.0,229.5,205.0,229.5,200.0,0,WTK
2023-10-05,229.5,229.5,228.0,228.0,300.0,0,WTK
2023-10-06,228.0,228.0,220.0,220.75,2500.0,0,WTK
2023-10-09,220.75,220.75,220.0,220.0,1100.0,0,WTK
2023-10-10,220.0,220.0,220.0,220.0,0.0,0,WTK
2023-10-10,220.75,220.0,220.0,220.0,1100.0,1,WTK
2023-10-11,220.0,225.0,220.0,224.75,800.0,0,WTK
2023-10-12,224.75,225.0,224.5,224.75,900.0,0,WTK
2023-10-13,224.75,220.0,220.0,220.0,1100.0,1,WTK
2023-10-13,224.75,224.75,224.75,224.75,0.0,0,WTK
2023-10-16,224.75,224.75,224.75,224.75,0.0,0,WTK
2023-10-16,220.0,220.0,220.0,220.0,12500.0,1,WTK
2023-10-17,224.75,224.75,224.75,224.75,0.0,0,WTK
2023-10-17,220.0,220.0,220.0,220.0,700.0,1,WTK
2023-10-18,224.75,224.75,224.75,224.75,0.0,0,WTK
2023-10-18,220.0,220.0,220.0,220.0,200.0,1,WTK
2023-10-19,224.75,224.75,224.75,224.75,0.0,0,WTK
2023-10-19,220.0,220.0,220.0,220.0,0.0,1,WTK
2023-10-20,220.0,220.0,220.0,220.0,0.0,1,WTK
2023-10-20,224.75,224.75,224.75,224.75,0.0,0,WTK
2023-10-23,220.0,230.0,220.0,222.5,800.0,0,WTK
2023-10-24,222.5,222.5,201.0,208.25,2400.0,0,WTK
2023-10-25,208.25,215.0,208.25,215.0,700.0,0,WTK
2023-10-26,215.0,229.0,215.0,229.0,300.0,0,WTK
2023-10-27,229.0,229.0,220.0,228.25,1400.0,0,WTK
2023-10-30,228.25,228.75,228.25,228.5,1500.0,0,WTK
2023-10-31,228.5,228.5,228.25,228.25,6300.0,0,WTK
2023-11-01,228.25,228.25,205.5,205.5,100.0,0,WTK
2023-11-02,205.5,205.5,205.0,205.0,3000.0,0,WTK
2023-11-03,205.0,210.0,205.0,210.0,100.0,0,WTK
2023-11-06,210.0,210.0,210.0,210.0,0.0,0,WTK
2023-11-07,210.0,215.0,210.0,215.0,600.0,0,WTK
2023-11-08,215.0,215.0,193.5,193.5,100.0,0,WTK
2023-11-09,193.5,210.5,194.0,208.0,2100.0,1,WTK
2023-11-09,193.5,193.5,193.5,193.5,0.0,0,WTK
2023-11-10,208.0,208.0,208.0,208.0,0.0,0,WTK
2023-11-13,208.0,208.0,208.0,208.0,0.0,0,WTK
2023-11-13,208.0,208.0,208.0,208.0,0.0,1,WTK
2023-11-14,208.0,208.0,206.0,206.0,1000.0,0,WTK
2023-11-15,206.0,226.5,206.0,221.5,1200.0,0,WTK
2023-11-16,221.5,221.5,221.5,221.5,0.0,0,WTK
2023-11-17,221.5,229.0,203.5,223.0,1300.0,0,WTK
2023-11-20,223.0,230.0,220.0,225.0,200.0,0,WTK
2023-11-21,225.0,236.75,225.0,234.5,1500.0,0,WTK
2023-11-22,234.5,234.5,229.5,229.5,700.0,0,WTK
2023-11-23,229.5,229.5,229.5,229.5,0.0,0,WTK
2023-11-24,229.5,233.0,229.5,233.0,700.0,0,WTK
2023-11-27,233.0,233.0,233.0,233.0,0.0,0,WTK
2023-11-27,233.0,233.75,229.0,231.75,1500.0,1,WTK
2023-11-28,233.0,233.75,229.0,231.75,1500.0,1,WTK
2023-11-28,233.0,233.0,233.0,233.0,0.0,0,WTK
2023-11-29,233.0,233.0,233.0,233.0,0.0,0,WTK
2023-11-29,233.0,233.75,229.0,231.75,1500.0,1,WTK
2023-11-30,233.0,233.75,229.0,231.75,1500.0,1,WTK
2023-11-30,233.0,233.0,233.0,233.0,0.0,0,WTK
2023-12-01,231.75,231.75,231.75,231.75,200.0,1,WTK
2023-12-01,233.0,233.0,233.0,233.0,0.0,0,WTK
2023-12-04,231.75,232.0,231.75,232.0,1800.0,0,WTK
2023-12-05,232.0,232.0,231.75,232.0,3400.0,0,WTK
2023-12-06,232.0,232.0,231.0,231.25,3900.0,0,WTK
2023-12-07,231.25,231.5,231.0,231.5,1500.0,0,WTK
2023-12-08,231.5,231.5,209.0,219.5,200.0,0,WTK
2023-12-11,219.5,219.5,219.5,219.5,0.0,0,WTK
2023-12-11,219.5,209.0,209.0,209.0,400.0,1,WTK
2023-12-12,219.5,219.5,219.5,219.5,0.0,0,WTK
2023-12-12,219.5,209.0,209.0,209.0,400.0,1,WTK
2023-12-13,219.5,219.5,219.5,219.5,0.0,0,WTK
2023-12-13,209.0,209.0,208.25,209.0,2600.0,1,WTK
2023-12-14,219.5,219.5,219.5,219.5,0.0,0,WTK
2023-12-14,209.0,209.0,208.25,208.5,700.0,1,WTK
2023-12-15,208.5,208.5,208.5,208.5,0.0,0,WTK
2023-12-18,208.5,208.5,208.5,208.5,0.0,0,WTK
2023-12-18,208.5,208.5,208.5,208.5,0.0,1,WTK
2023-12-19,208.5,208.5,199.5,199.5,10000.0,0,WTK
2023-12-20,199.5,199.5,199.5,199.5,0.0,0,WTK
2023-12-21,199.5,208.0,199.5,203.0,600.0,0,WTK
2023-12-22,203.0,203.0,203.0,203.0,0.0,0,WTK
2023-12-22,203.0,208.5,208.5,208.5,100.0,1,WTK
2023-12-25,203.0,203.0,203.0,203.0,0.0,0,WTK
2023-12-25,203.0,208.5,208.5,208.5,100.0,1,WTK
2023-12-26,203.0,203.0,203.0,203.0,0.0,0,WTK
2023-12-26,203.0,208.5,208.5,208.5,100.0,1,WTK
2023-12-27,208.5,208.0,208.0,208.0,700.0,1,WTK
2023-12-27,203.0,203.0,203.0,203.0,0.0,0,WTK
2023-12-28,203.0,203.0,203.0,203.0,0.0,0,WTK
2023-12-28,208.0,208.0,208.0,208.0,0.0,1,WTK
2023-12-29,203.0,203.0,203.0,203.0,0.0,0,WTK
2023-12-29,208.0,208.0,208.0,208.0,0.0,1,WTK
2024-01-01,203.0,203.0,203.0,203.0,0.0,0,WTK
2024-01-01,208.0,208.0,208.0,208.0,0.0,1,WTK
2024-01-02,208.0,228.0,208.0,228.0,100.0,0,WTK
2024-01-03,228.0,228.0,228.0,228.0,0.0,0,WTK
2024-01-04,228.0,239.0,225.0,237.0,700.0,1,WTK
2024-01-04,228.0,228.0,228.0,228.0,0.0,0,WTK
2024-01-05,237.0,237.0,237.0,237.0,600.0,0,WTK
2024-01-08,237.0,237.0,237.0,237.0,0.0,0,WTK
2024-01-08,237.0,237.0,237.0,237.0,600.0,1,WTK
2024-01-09,237.0,243.75,237.0,242.5,300.0,0,WTK
2024-01-10,242.5,242.5,240.0,240.0,700.0,0,WTK
2024-01-11,240.0,240.0,220.0,233.25,1500.0,0,WTK
2024-01-12,233.25,233.25,230.0,230.0,600.0,0,WTK
2024-01-15,230.0,231.0,230.0,231.0,500.0,0,WTK
2024-01-16,231.0,240.0,240.0,240.0,300.0,1,WTK
2024-01-16,231.0,231.0,231.0,231.0,0.0,0,WTK
2024-01-17,240.0,240.0,240.0,240.0,0.0,0,WTK
2024-01-18,240.0,240.0,240.0,240.0,0.0,0,WTK
2024-01-18,240.0,240.0,240.0,240.0,300.0,1,WTK
2024-01-19,240.0,241.0,233.0,233.5,1600.0,0,WTK
2024-01-22,233.5,233.5,233.5,233.5,0.0,0,WTK
2024-01-23,233.5,240.0,233.5,240.0,300.0,0,WTK
2024-01-24,240.0,234.0,233.5,234.0,700.0,1,WTK
2024-01-24,240.0,240.0,240.0,240.0,0.0,0,WTK
2024-01-25,234.0,234.0,234.0,234.0,2800.0,1,WTK
2024-01-25,240.0,240.0,240.0,240.0,0.0,0,WTK
2024-01-26,240.0,240.0,240.0,240.0,0.0,0,WTK
2024-01-26,234.0,234.0,234.0,234.0,0.0,1,WTK
2024-01-29,240.0,240.0,240.0,240.0,0.0,0,WTK
2024-01-29,234.0,234.25,234.0,234.0,2300.0,1,WTK
2024-01-30,234.0,235.0,234.0,234.75,200.0,0,WTK
2024-01-31,234.75,235.0,234.75,235.0,3500.0,0,WTK
2024-02-01,235.0,235.0,235.0,235.0,3500.0,0,WTK
2024-02-02,235.0,235.0,234.0,234.0,500.0,0,WTK
2024-02-05,234.0,235.0,233.0,234.0,1500.0,0,WTK
2024-02-06,234.0,235.0,233.75,234.25,500.0,0,WTK
2024-02-07,234.25,234.25,233.75,233.75,1500.0,0,WTK
2024-02-08,233.75,233.75,232.0,232.5,1000.0,0,WTK
2024-02-09,232.5,232.5,232.5,232.5,0.0,0,WTK
2024-02-12,232.5,230.0,230.0,230.0,1100.0,1,WTK
2024-02-12,232.5,232.5,232.5,232.5,0.0,0,WTK
2024-02-13,230.0,230.0,230.0,230.0,100.0,0,WTK
2024-02-14,230.0,230.0,230.0,230.0,1300.0,1,WTK
2024-02-14,230.0,230.0,230.0,230.0,0.0,0,WTK
2024-02-15,230.0,230.0,220.0,220.0,200.0,0,WTK
2024-02-16,220.0,220.0,210.0,219.0,1100.0,0,WTK
2024-02-19,219.0,220.0,210.25,213.75,2300.0,0,WTK
2024-02-20,213.75,213.75,210.0,210.0,1000.0,0,WTK
2024-02-21,210.0,210.0,210.0,210.0,0.0,0,WTK
2024-02-22,210.0,225.0,210.0,225.0,200.0,0,WTK
2024-02-23,225.0,225.0,225.0,225.0,0.0,0,WTK
2024-02-26,225.0,234.75,225.0,234.75,200.0,0,WTK
2024-02-27,234.75,225.0,225.0,225.0,400.0,1,WTK
2024-02-27,234.75,234.75,234.75,234.75,0.0,0,WTK
2024-02-28,225.0,225.0,225.0,225.0,0.0,0,WTK
2024-02-29,225.0,225.0,225.0,225.0,0.0,0,WTK
2024-02-29,225.0,225.0,225.0,225.0,400.0,1,WTK
2024-03-01,225.0,234.0,225.0,229.5,200.0,0,WTK
2024-03-04,229.5,229.5,229.5,229.5,0.0,0,WTK
2024-03-05,229.5,229.5,225.0,225.0,200.0,0,WTK
2024-03-06,225.0,235.0,225.0,232.5,400.0,0,WTK
2024-03-07,232.5,232.5,230.0,230.0,1700.0,0,WTK
2024-03-08,230.0,230.0,225.0,226.0,1100.0,0,WTK
2024-03-11,226.0,226.0,205.5,217.25,500.0,0,WTK
2024-03-12,217.25,234.0,217.25,231.25,300.0,0,WTK
2024-03-13,231.25,234.0,231.25,234.0,100.0,0,WTK
2024-03-14,234.0,234.0,234.0,234.0,0.0,0,WTK
2024-03-14,234.0,230.0,230.0,230.0,600.0,1,WTK
2024-03-15,234.0,234.0,234.0,234.0,0.0,0,WTK
2024-03-15,230.0,230.0,230.0,230.0,600.0,1,WTK
2024-03-18,234.0,234.0,234.0,234.0,0.0,0,WTK
2024-03-18,230.0,230.0,230.0,230.0,100.0,1,WTK
2024-03-19,234.0,234.0,234.0,234.0,0.0,0,WTK
2024-03-19,230.0,230.0,230.0,230.0,0.0,1,WTK
2024-03-20,230.0,230.0,225.0,228.5,2100.0,0,WTK
2024-03-21,228.5,228.5,228.5,228.5,0.0,0,WTK
2024-03-22,228.5,234.5,228.5,234.25,1300.0,0,WTK
2024-03-25,234.25,234.25,228.0,228.0,300.0,0,WTK
2024-03-26,228.0,234.5,228.0,234.5,1200.0,0,WTK
2024-03-27,234.5,234.5,234.5,234.5,1300.0,0,WTK
2024-03-28,234.5,235.0,234.0,235.0,1500.0,1,WTK
2024-03-28,234.5,234.5,234.5,234.5,0.0,0,WTK
2024-03-29,234.5,235.0,234.0,235.0,1500.0,1,WTK
2024-03-29,234.5,234.5,234.5,234.5,0.0,0,WTK
2024-04-01,234.5,234.5,234.5,234.5,0.0,0,WTK
2024-04-01,234.5,235.0,234.0,235.0,1500.0,1,WTK
2024-04-02,235.0,235.0,233.0,233.5,1900.0,0,WTK
2024-04-03,233.5,240.0,233.0,233.25,3600.0,0,WTK
2024-04-04,233.25,235.0,233.25,234.5,1500.0,0,WTK
2024-04-05,234.5,240.0,234.5,239.75,2800.0,0,WTK
2024-04-08,239.75,240.0,234.0,234.75,1500.0,0,WTK
2024-04-09,234.75,240.0,234.75,239.5,1300.0,0,WTK
2024-04-10,234.75,240.0,235.0,239.5,1300.0,1,WTK
2024-04-10,239.5,239.5,239.5,239.5,0.0,0,WTK
2024-04-11,239.5,245.0,239.5,245.0,2600.0,0,WTK
2024-04-12,245.0,245.0,245.0,245.0,0.0,0,WTK
2024-04-12,245.0,248.0,248.0,248.0,100.0,1,WTK
2024-04-15,248.0,248.0,248.0,248.0,800.0,0,WTK
2024-04-16,248.0,248.0,247.5,248.0,500.0,1,WTK
2024-04-16,248.0,248.0,248.0,248.0,0.0,0,WTK
2024-04-17,248.0,248.0,247.5,247.75,700.0,0,WTK
2024-04-18,247.75,247.75,245.0,245.0,4400.0,0,WTK
2024-04-19,245.0,245.0,231.0,231.25,500.0,0,WTK
2024-04-22,231.25,245.0,231.0,236.0,300.0,1,WTK
2024-04-22,231.25,231.25,231.25,231.25,0.0,0,WTK
2024-04-23,236.0,236.0,236.0,236.0,0.0,0,WTK
2024-04-24,236.0,236.0,236.0,236.0,0.0,0,WTK
2024-04-24,236.0,236.0,236.0,236.0,0.0,1,WTK
2024-04-25,236.0,236.0,232.0,232.0,100.0,0,WTK
2024-04-26,232.0,233.0,230.0,231.25,2400.0,1,WTK
2024-04-26,232.0,232.0,232.0,232.0,0.0,0,WTK
2024-04-29,231.25,231.25,231.25,231.25,0.0,1,WTK
2024-04-29,232.0,232.0,232.0,232.0,0.0,0,WTK
2024-04-30,232.0,232.0,232.0,232.0,0.0,0,WTK
2024-04-30,231.25,231.25,231.25,231.25,0.0,1,WTK
2024-05-01,232.0,232.0,232.0,232.0,0.0,0,WTK
2024-05-01,231.25,231.25,231.25,231.25,0.0,1,WTK
2024-05-02,231.25,254.25,235.0,244.75,200.0,1,WTK
2024-05-02,232.0,232.0,232.0,232.0,0.0,0,WTK
2024-05-03,244.75,244.75,244.75,244.75,0.0,0,WTK
2024-05-06,244.75,244.75,244.75,244.75,0.0,1,WTK
2024-05-06,244.75,244.75,244.75,244.75,0.0,0,WTK
2024-05-07,244.75,244.75,240.0,240.0,2000.0,0,WTK
2024-05-08,240.0,240.0,240.0,240.0,0.0,0,WTK
2024-05-09,240.0,240.0,240.0,240.0,0.0,0,WTK
2024-05-09,240.0,247.0,247.0,247.0,300.0,1,WTK
2024-05-10,240.0,240.0,240.0,240.0,0.0,0,WTK
2024-05-10,240.0,247.0,247.0,247.0,300.0,1,WTK
2024-05-13,247.0,247.0,245.0,247.0,6000.0,1,WTK
2024-05-13,240.0,240.0,240.0,240.0,0.0,0,WTK
2024-05-14,247.0,247.0,247.0,247.0,1100.0,1,WTK
2024-05-14,240.0,240.0,240.0,240.0,0.0,0,WTK
2024-05-15,240.0,240.0,240.0,240.0,0.0,0,WTK
2024-05-15,247.0,247.0,247.0,247.0,0.0,1,WTK
2024-05-16,247.0,247.0,247.0,247.0,0.0,1,WTK
2024-05-16,240.0,240.0,240.0,240.0,0.0,0,WTK
2024-05-17,247.0,245.0,230.0,237.5,200.0,1,WTK
2024-05-17,240.0,240.0,240.0,240.0,0.0,0,WTK
2024-05-20,237.5,237.5,237.5,237.5,0.0,0,WTK
2024-05-21,237.5,237.5,237.5,237.5,0.0,1,WTK
2024-05-21,237.5,237.5,237.5,237.5,0.0,0,WTK
2024-05-22,237.5,250.0,237.5,250.0,1100.0,0,WTK
2024-05-23,250.0,250.0,249.5,249.75,200.0,0,WTK
2024-05-24,249.75,249.75,248.0,248.0,100.0,0,WTK
2024-05-27,248.0,248.0,248.0,248.0,0.0,0,WTK
2024-05-28,248.0,248.0,248.0,248.0,0.0,0,WTK
2024-05-28,248.0,249.5,249.5,249.5,200.0,1,WTK
2024-05-29,249.5,249.5,249.5,249.5,500.0,0,WTK
2024-05-30,249.5,249.5,249.5,249.5,0.0,0,WTK
2024-05-30,249.5,250.0,249.0,249.5,5700.0,1,WTK
2024-05-31,249.5,255.0,249.5,250.5,4000.0,0,WTK
2024-06-03,250.5,255.0,250.5,255.0,600.0,0,WTK
2024-06-04,255.0,255.0,250.0,254.5,3600.0,0,WTK
2024-06-05,254.5,260.0,250.0,252.25,900.0,0,WTK
2024-06-06,252.25,252.25,252.25,252.25,0.0,0,WTK
2024-06-07,252.25,260.0,252.25,260.0,200.0,0,WTK
2024-06-10,260.0,278.0,260.0,278.0,200.0,0,WTK
2024-06-11,278.0,280.0,278.0,279.0,900.0,0,WTK
2024-06-12,279.0,279.0,265.0,269.0,600.0,0,WTK
2024-06-13,269.0,280.0,269.0,273.75,500.0,0,WTK
2024-06-14,273.75,273.75,272.0,272.0,100.0,0,WTK
2024-06-17,273.75,272.0,272.0,272.0,100.0,1,WTK
2024-06-17,272.0,272.0,272.0,272.0,0.0,0,WTK
2024-06-18,272.0,272.0,266.0,266.0,800.0,0,WTK
2024-06-19,266.0,280.0,266.0,270.5,2100.0,0,WTK
2024-06-20,270.5,272.0,270.5,272.0,1000.0,0,WTK
2024-06-21,272.0,280.0,269.0,277.25,12000.0,0,WTK
2024-06-24,277.25,280.0,272.0,279.5,1400.0,0,WTK
2024-06-25,279.5,290.0,279.5,289.0,500.0,0,WTK
2024-06-26,289.0,289.0,286.0,288.75,1300.0,0,WTK
2024-06-27,288.75,288.75,288.75,288.75,0.0,0,WTK
2024-06-28,288.75,288.75,269.0,271.0,9300.0,0,WTK
2024-07-01,271.0,271.0,271.0,271.0,0.0,0,WTK
2024-07-01,271.0,265.0,265.0,265.0,100.0,1,WTK
2024-07-02,265.0,265.0,265.0,265.0,0.0,0,WTK
2024-07-03,265.0,265.0,265.0,265.0,0.0,0,WTK
2024-07-03,265.0,265.0,265.0,265.0,0.0,1,WTK
2024-07-04,265.0,269.75,265.0,269.75,300.0,0,WTK
2024-07-05,269.75,269.75,269.75,269.75,100.0,0,WTK
2024-07-08,269.75,269.75,265.0,265.0,100.0,0,WTK
2024-07-09,265.0,265.0,265.0,265.0,0.0,0,WTK
2024-07-10,265.0,250.0,250.0,250.0,100.0,1,WTK
2024-07-10,265.0,265.0,265.0,265.0,0.0,0,WTK
2024-07-11,265.0,265.0,265.0,265.0,0.0,0,WTK
2024-07-11,250.0,250.0,250.0,250.0,1700.0,1,WTK
2024-07-12,265.0,265.0,265.0,265.0,0.0,0,WTK
2024-07-12,250.0,250.0,250.0,250.0,0.0,1,WTK
2024-07-15,265.0,265.0,265.0,265.0,0.0,0,WTK
2024-07-15,250.0,250.0,250.0,250.0,400.0,1,WTK
2024-07-16,250.0,263.0,235.0,246.75,600.0,0,WTK
2024-07-17,246.75,246.75,245.0,245.0,100.0,0,WTK
2024-07-18,245.0,250.0,245.0,249.0,2000.0,0,WTK
2024-07-19,249.0,250.0,249.0,250.0,200.0,0,WTK
2024-07-22,250.0,250.0,249.0,249.5,800.0,0,WTK
2024-07-23,249.5,249.5,249.5,249.5,0.0,0,WTK
2024-07-24,249.5,263.75,249.5,263.75,1100.0,0,WTK
2024-07-25,263.75,263.75,250.0,250.5,400.0,0,WTK
2024-07-26,250.5,250.5,250.5,250.5,0.0,0,WTK
2024-07-26,250.5,263.0,263.0,263.0,1500.0,1,WTK
2024-07-29,263.0,263.0,263.0,263.0,1200.0,0,WTK
2024-07-30,263.0,263.0,263.0,263.0,0.0,0,WTK
2024-07-30,263.0,263.0,263.0,263.0,500.0,1,WTK
2024-07-31,263.0,263.0,240.0,243.0,3700.0,0,WTK
2024-08-01,243.0,243.0,240.0,240.0,500.0,0,WTK
2024-08-02,240.0,240.0,240.0,240.0,0.0,0,WTK
2024-08-05,240.0,250.0,240.0,244.25,600.0,0,WTK
2024-08-06,244.25,250.0,244.25,250.0,400.0,0,WTK
2024-08-07,250.0,250.0,225.0,233.25,300.0,0,WTK
2024-08-08,233.25,234.0,233.25,234.0,300.0,0,WTK
2024-08-09,234.0,234.0,234.0,234.0,0.0,0,WTK
2024-08-09,234.0,234.0,216.0,225.0,200.0,1,WTK
2024-08-12,225.0,225.0,225.0,225.0,0.0,0,WTK
2024-08-13,225.0,225.0,225.0,225.0,0.0,1,WTK
2024-08-13,225.0,225.0,225.0,225.0,0.0,0,WTK
2024-08-14,225.0,245.0,225.0,245.0,600.0,0,WTK
2024-08-15,245.0,245.0,245.0,245.0,0.0,0,WTK
2024-08-15,245.0,235.0,230.0,233.75,400.0,1,WTK
2024-08-16,233.75,233.75,233.75,233.75,0.0,0,WTK
2024-08-19,233.75,233.75,233.75,233.75,0.0,1,WTK
2024-08-19,233.75,233.75,233.75,233.75,0.0,0,WTK
2024-08-20,233.75,235.75,220.0,231.5,500.0,0,WTK
2024-08-21,231.5,233.75,231.5,233.25,400.0,0,WTK
2024-08-22,233.25,233.25,220.0,220.25,1500.0,0,WTK
2024-08-23,220.25,220.25,202.0,208.0,400.0,0,WTK
2024-08-26,208.0,215.0,215.0,215.0,100.0,1,WTK
2024-08-26,208.0,208.0,208.0,208.0,0.0,0,WTK
2024-08-27,215.0,215.0,215.0,215.0,400.0,0,WTK
2024-08-28,215.0,215.0,215.0,215.0,0.0,0,WTK
2024-08-28,215.0,215.0,215.0,215.0,0.0,1,WTK
2024-08-29,215.0,236.0,215.0,222.0,1600.0,0,WTK
2024-08-30,222.0,222.0,215.0,217.25,900.0,0,WTK
2024-09-02,217.25,217.25,217.25,217.25,0.0,0,WTK
2024-09-02,217.25,220.0,210.0,218.0,500.0,1,WTK
2024-09-03,218.0,218.0,218.0,218.0,0.0,0,WTK
2024-09-04,218.0,218.0,218.0,218.0,0.0,0,WTK
2024-09-04,218.0,218.0,218.0,218.0,0.0,1,WTK
2024-09-05,218.0,220.0,218.0,219.25,1000.0,0,WTK
2024-09-06,219.25,219.75,218.0,218.75,1800.0,0,WTK
2024-09-09,218.75,220.0,218.0,220.0,1800.0,1,WTK
2024-09-09,218.75,218.75,218.75,218.75,0.0,0,WTK
2024-09-10,218.75,218.75,218.75,218.75,0.0,0,WTK
2024-09-10,220.0,220.0,220.0,220.0,0.0,1,WTK
2024-09-11,220.0,220.0,220.0,220.0,0.0,1,WTK
2024-09-11,218.75,218.75,218.75,218.75,0.0,0,WTK
2024-09-12,220.0,220.0,220.0,220.0,800.0,1,WTK
2024-09-12,218.75,218.75,218.75,218.75,0.0,0,WTK
2024-09-13,220.0,220.0,220.0,220.0,400.0,1,WTK
2024-09-13,218.75,218.75,218.75,218.75,0.0,0,WTK
2024-09-16,218.75,218.75,218.75,218.75,0.0,0,WTK
2024-09-16,220.0,220.0,219.75,220.0,2000.0,1,WTK
2024-09-17,220.0,220.0,218.0,219.25,1300.0,0,WTK
2024-09-18,219.25,220.0,219.0,219.75,1600.0,0,WTK
2024-09-19,219.75,220.0,218.0,219.25,2100.0,0,WTK
2024-09-20,219.25,219.25,219.0,219.0,600.0,0,WTK
2024-09-23,219.0,219.0,219.0,219.0,100.0,0,WTK
2024-09-24,219.0,219.0,215.0,216.75,2100.0,0,WTK
2024-09-25,216.75,219.0,216.75,218.25,1300.0,0,WTK
2024-09-26,218.25,219.0,218.0,218.0,3400.0,1,WTK
2024-09-26,218.25,218.25,218.25,218.25,0.0,0,WTK
2024-09-27,218.0,218.0,218.0,218.0,1700.0,1,WTK
2024-09-27,218.25,218.25,218.25,218.25,0.0,0,WTK
2024-09-30,218.25,218.25,218.25,218.25,0.0,0,WTK
2024-09-30,218.0,218.0,218.0,218.0,2000.0,1,WTK
2024-10-01,218.0,218.0,218.0,218.0,900.0,1,WTK
2024-10-01,218.25,218.25,218.25,218.25,0.0,0,WTK
2024-10-02,218.0,218.0,218.0,218.0,200.0,1,WTK
2024-10-02,218.25,218.25,218.25,218.25,0.0,0,WTK
2024-10-03,218.0,218.0,217.0,217.25,1600.0,0,WTK
2024-10-04,217.25,217.25,217.0,217.0,1400.0,0,WTK
2024-10-07,217.0,218.0,217.0,217.75,2800.0,0,WTK
2024-10-08,217.75,217.75,217.75,217.75,0.0,0,WTK
2024-10-08,217.75,218.0,217.75,218.0,2200.0,1,WTK
2024-10-09,218.0,218.0,218.0,218.0,800.0,0,WTK
2024-10-10,218.0,218.0,218.0,218.0,0.0,0,WTK
2024-10-10,218.0,218.0,218.0,218.0,800.0,1,WTK
2024-10-11,218.0,218.0,210.0,212.75,4300.0,0,WTK
2024-10-14,212.75,212.75,210.0,210.0,2400.0,0,WTK
2024-10-15,210.0,210.0,210.0,210.0,1400.0,0,WTK
2024-10-16,210.0,217.0,210.0,212.25,600.0,0,WTK
2024-10-17,212.25,217.0,212.0,212.5,15400.0,0,WTK
2024-10-18,212.5,212.5,212.5,212.5,0.0,0,WTK
2024-10-18,212.5,217.0,217.0,217.0,400.0,1,WTK
2024-10-21,212.5,212.5,212.5,212.5,0.0,0,WTK
2024-10-21,212.5,217.0,217.0,217.0,400.0,1,WTK
2024-10-22,217.0,217.0,217.0,217.0,0.0,1,WTK
2024-10-22,212.5,212.5,212.5,212.5,0.0,0,WTK
2024-10-23,217.0,238.5,217.0,238.5,200.0,0,WTK
2024-10-24,238.5,238.5,238.5,238.5,0.0,0,WTK
2024-10-25,238.5,240.0,238.5,239.25,1100.0,0,WTK
2024-10-28,239.25,239.25,239.25,239.25,0.0,0,WTK
2024-10-29,239.25,239.25,220.0,237.5,2700.0,0,WTK
2024-10-30,237.5,237.5,237.5,237.5,0.0,0,WTK
2024-10-31,237.5,245.0,237.5,245.0,200.0,0,WTK
2024-11-01,245.0,245.0,245.0,245.0,0.0,0,WTK
2024-11-01,237.5,245.0,245.0,245.0,200.0,1,WTK
2024-11-04,245.0,250.0,245.0,250.0,400.0,0,WTK
2024-11-05,250.0,252.0,230.0,236.25,1300.0,0,WTK
2024-11-06,236.25,236.25,220.25,221.0,5600.0,0,WTK
2024-11-07,221.0,235.0,221.0,235.0,400.0,0,WTK
2024-11-08,235.0,235.0,215.0,228.5,12300.0,0,WTK
2024-11-11,228.5,228.5,210.0,221.75,700.0,0,WTK
2024-11-12,221.75,229.0,221.75,228.0,500.0,0,WTK
2024-11-13,228.0,228.0,220.0,220.0,500.0,0,WTK
2024-11-14,220.0,220.0,210.0,215.0,400.0,0,WTK
2024-11-15,215.0,220.75,210.0,210.75,3800.0,0,WTK
2024-11-18,210.75,220.75,210.75,220.75,100.0,0,WTK
2024-11-19,220.75,220.75,219.0,219.0,500.0,0,WTK
2024-11-20,219.0,219.75,219.0,219.5,800.0,0,WTK
2024-11-21,219.5,219.5,219.5,219.5,0.0,0,WTK
2024-11-22,219.5,215.0,212.0,212.25,6400.0,1,WTK
2024-11-22,219.5,219.5,219.5,219.5,0.0,0,WTK
2024-11-25,219.5,219.5,219.5,219.5,0.0,0,WTK
2024-11-25,212.25,212.25,212.25,212.25,300.0,1,WTK
2024-11-26,212.25,212.25,212.0,212.25,200.0,1,WTK
2024-11-26,219.5,219.5,219.5,219.5,0.0,0,WTK
2024-11-27,219.5,219.5,219.5,219.5,0.0,0,WTK
2024-11-27,212.25,212.25,212.25,212.25,100.0,1,WTK
2024-11-28,212.25,212.25,212.25,212.25,0.0,1,WTK
2024-11-28,219.5,219.5,219.5,219.5,0.0,0,WTK
2024-11-29,212.25,220.0,212.25,220.0,400.0,0,WTK
2024-12-02,220.0,220.0,210.0,211.0,2200.0,0,WTK
2024-12-03,211.0,211.0,205.0,208.0,200.0,0,WTK
2024-12-04,208.0,212.0,208.0,212.0,600.0,0,WTK
2024-12-05,212.0,212.0,211.0,211.75,300.0,0,WTK
2024-12-06,211.75,212.0,211.0,211.0,1400.0,0,WTK
2024-12-09,211.0,211.0,210.0,210.25,800.0,0,WTK
2024-12-10,210.25,210.25,210.0,210.0,1000.0,0,WTK
2024-12-11,210.0,228.0,210.0,215.25,700.0,0,WTK
2024-12-12,215.25,215.25,215.25,215.25,0.0,0,WTK
2024-12-12,210.0,228.0,210.0,215.25,700.0,1,WTK
2024-12-13,215.25,215.25,211.0,211.0,400.0,0,WTK
2024-12-16,211.0,227.75,211.0,219.5,200.0,0,WTK
2024-12-17,219.5,220.0,210.0,210.5,2100.0,0,WTK
2024-12-18,210.5,210.5,210.5,210.5,0.0,0,WTK
2024-12-19,210.5,211.0,210.0,210.0,3100.0,0,WTK
2024-12-20,210.0,210.0,210.0,210.0,100.0,0,WTK
2024-12-23,210.0,228.0,210.0,219.0,1600.0,1,WTK
2024-12-23,210.0,210.0,210.0,210.0,0.0,0,WTK
2024-12-24,210.0,210.0,210.0,210.0,0.0,0,WTK
2024-12-24,219.0,219.0,219.0,219.0,0.0,1,WTK
2024-12-25,210.0,210.0,210.0,210.0,0.0,0,WTK
2024-12-25,219.0,219.0,219.0,219.0,0.0,1,WTK
2024-12-26,219.0,219.0,219.0,219.0,0.0,1,WTK
2024-12-26,210.0,210.0,210.0,210.0,0.0,0,WTK
2024-12-27,210.0,210.0,210.0,210.0,0.0,0,WTK
2024-12-27,219.0,219.0,219.0,219.0,0.0,1,WTK
2024-12-30,219.0,230.0,214.0,227.75,800.0,0,WTK
2024-12-31,227.75,227.75,226.0,226.5,200.0,0,WTK
2025-01-01,227.75,227.0,226.0,226.5,200.0,1,WTK
2025-01-01,226.5,226.5,226.5,226.5,0.0,0,WTK
2025-01-02,226.5,228.5,224.0,224.75,4600.0,0,WTK
2025-01-03,224.75,224.75,224.0,224.75,3100.0,0,WTK
2025-01-06,224.75,226.0,224.0,224.5,400.0,0,WTK
2025-01-07,224.5,224.5,224.0,224.0,200.0,0,WTK
2025-01-08,224.0,224.0,220.0,222.0,2200.0,0,WTK
2025-01-09,222.0,222.0,220.0,221.25,300.0,0,WTK
2025-01-10,221.25,222.0,221.25,222.0,3000.0,0,WTK
2025-01-13,222.0,222.0,220.0,221.25,1000.0,0,WTK
2025-01-14,221.25,221.25,220.0,220.0,1700.0,0,WTK
2025-01-15,220.0,220.0,218.0,218.75,1700.0,0,WTK
2025-01-16,218.75,218.75,215.0,215.0,100.0,0,WTK
2025-01-17,215.0,216.0,215.0,216.0,1000.0,0,WTK
2025-01-20,216.0,218.0,215.0,217.25,900.0,0,WTK
2025-01-21,217.25,217.25,215.0,215.25,600.0,0,WTK
2025-01-22,215.25,216.0,215.25,216.0,1300.0,0,WTK
2025-01-23,216.0,216.0,215.25,215.5,800.0,0,WTK
2025-01-24,215.5,215.5,215.0,215.0,500.0,0,WTK
2025-01-27,215.0,215.0,210.0,214.75,1500.0,0,WTK
2025-01-28,214.75,215.0,213.0,214.0,900.0,0,WTK
2025-01-29,214.0,215.0,214.0,214.75,500.0,1,WTK
2025-01-29,214.0,214.0,214.0,214.0,0.0,0,WTK
2025-01-30,214.75,215.0,214.0,214.75,700.0,0,WTK
2025-01-31,214.75,214.75,214.75,214.75,0.0,0,WTK
2025-01-31,214.75,215.0,212.5,214.75,3400.0,1,WTK
2025-02-03,214.75,215.0,214.75,215.0,300.0,0,WTK
2025-02-04,215.0,215.0,208.0,212.0,8200.0,0,WTK
2025-02-05,212.0,215.0,208.0,211.0,1900.0,0,WTK
2025-02-06,211.0,215.0,211.0,215.0,400.0,0,WTK
2025-02-07,215.0,215.0,211.0,211.25,200.0,0,WTK
2025-02-10,211.25,211.25,211.0,211.0,900.0,0,WTK
2025-02-11,211.0,215.0,211.0,215.0,200.0,0,WTK
2025-02-12,215.0,216.0,215.0,216.0,200.0,0,WTK
2025-02-13,216.0,218.0,216.0,217.5,1000.0,0,WTK
2025-02-14,217.5,218.0,210.0,214.75,2200.0,0,WTK
2025-02-17,214.75,218.0,214.75,216.75,300.0,0,WTK
2025-02-18,216.75,218.0,215.0,215.5,1300.0,0,WTK
2025-02-19,215.5,216.75,215.0,215.5,800.0,0,WTK
2025-02-20,215.5,216.0,211.0,214.75,2700.0,0,WTK
2025-02-21,214.75,214.75,212.0,212.0,800.0,0,WTK
2025-02-24,212.0,216.0,212.0,216.0,3200.0,0,WTK
2025-02-25,216.0,216.0,214.0,215.5,2700.0,0,WTK
2025-02-26,215.5,216.0,215.5,216.0,1400.0,0,WTK
2025-02-27,216.0,216.0,215.5,216.0,3200.0,0,WTK
2025-02-28,216.0,217.0,216.0,217.0,500.0,0,WTK
2025-03-03,217.0,218.0,217.0,217.0,1400.0,0,WTK
2025-03-04,217.0,218.0,217.0,217.75,700.0,0,WTK
2025-03-05,217.75,217.75,217.75,217.75,0.0,0,WTK
2025-03-06,217.75,234.5,217.75,230.5,400.0,0,WTK
2025-03-07,230.5,232.5,230.5,232.5,100.0,0,WTK
2025-03-10,232.5,220.0,218.0,218.25,800.0,1,WTK
2025-03-10,232.5,232.5,232.5,232.5,0.0,0,WTK
2025-03-11,218.25,232.75,218.0,218.25,10700.0,0,WTK
2025-03-12,218.25,218.25,218.25,218.25,0.0,0,WTK
2025-03-12,218.25,218.25,218.25,218.25,0.0,1,WTK
2025-03-13,218.25,220.0,218.0,218.75,500.0,0,WTK
2025-03-14,218.75,225.0,218.75,225.0,200.0,0,WTK
2025-03-17,225.0,230.0,225.0,226.75,300.0,0,WTK
2025-03-18,226.75,226.75,225.0,225.0,200.0,0,WTK
2025-03-19,225.0,225.0,225.0,225.0,0.0,0,WTK
2025-03-20,225.0,231.5,225.0,228.5,300.0,0,WTK
2025-03-21,228.5,228.5,228.5,228.5,0.0,0,WTK
2025-03-24,228.5,231.5,217.0,223.5,1400.0,0,WTK
2025-03-25,223.5,223.5,216.0,217.25,1100.0,0,WTK
2025-03-26,217.25,217.25,217.0,217.0,100.0,0,WTK
2025-03-27,217.0,217.0,217.0,217.0,1700.0,0,WTK
2025-03-28,217.0,220.0,217.0,219.0,10300.0,0,WTK
2025-03-31,219.0,219.0,219.0,219.0,0.0,0,WTK
2025-03-31,217.0,220.0,219.0,219.0,10300.0,1,WTK
2025-04-01,219.0,220.0,219.0,220.0,200.0,0,WTK
2025-04-02,220.0,220.0,217.0,217.0,200.0,0,WTK
2025-04-03,217.0,217.0,217.0,217.0,1200.0,0,WTK
2025-04-04,217.0,220.0,217.0,220.0,200.0,0,WTK
2025-04-07,220.0,220.0,215.0,215.25,1500.0,0,WTK
2025-04-08,215.25,220.0,215.25,220.0,300.0,0,WTK
2025-04-09,220.0,220.0,217.0,217.0,1000.0,0,WTK
2025-04-10,217.0,225.0,217.0,225.0,200.0,0,WTK
2025-04-11,225.0,225.0,215.0,215.25,12500.0,0,WTK
2025-04-14,215.25,215.25,215.25,215.25,0.0,0,WTK
2025-04-14,215.25,215.0,215.0,215.0,1500.0,1,WTK
2025-04-15,215.0,215.0,215.0,215.0,0.0,0,WTK
2025-04-16,215.0,215.0,215.0,215.0,0.0,0,WTK
2025-04-16,215.0,215.0,215.0,215.0,0.0,1,WTK
2025-04-17,215.0,215.0,215.0,215.0,0.0,0,WTK
2025-04-17,215.0,220.0,220.0,220.0,600.0,1,WTK
2025-04-18,215.0,215.0,215.0,215.0,0.0,0,WTK
2025-04-18,215.0,220.0,220.0,220.0,600.0,1,WTK
2025-04-21,215.0,215.0,215.0,215.0,0.0,0,WTK
2025-04-21,215.0,220.0,220.0,220.0,600.0,1,WTK
2025-04-22,220.0,220.0,215.0,216.5,700.0,0,WTK
2025-04-23,216.5,216.5,215.0,215.5,1800.0,0,WTK
2025-04-24,215.5,220.0,215.0,216.25,2000.0,0,WTK
2025-04-25,216.25,220.0,216.25,220.0,100.0,0,WTK
2025-04-28,220.0,220.0,219.0,220.0,900.0,0,WTK
2025-04-29,220.0,220.0,210.0,210.0,200.0,0,WTK
2025-04-30,210.0,220.0,210.0,219.25,400.0,0,WTK
2025-05-01,219.25,219.25,219.25,219.25,0.0,0,WTK
2025-05-01,210.0,220.0,219.0,219.25,400.0,1,WTK
2025-05-02,219.25,219.25,210.0,210.25,400.0,0,WTK
2025-05-05,210.25,210.25,210.25,210.25,0.0,0,WTK
2025-05-06,210.25,210.25,210.25,210.25,0.0,0,WTK
2025-05-06,210.25,215.0,215.0,215.0,200.0,1,WTK
2025-05-07,215.0,215.0,215.0,215.0,200.0,1,WTK
2025-05-07,210.25,210.25,210.25,210.25,0.0,0,WTK
2025-05-08,215.0,215.0,215.0,215.0,0.0,1,WTK
2025-05-08,210.25,210.25,210.25,210.25,0.0,0,WTK
2025-05-09,215.0,215.0,215.0,215.0,100.0,1,WTK
2025-05-09,210.25,210.25,210.25,210.25,0.0,0,WTK
2025-05-12,215.0,215.0,215.0,215.0,100.0,1,WTK
2025-05-12,210.25,210.25,210.25,210.25,0.0,0,WTK
2025-05-13,215.0,215.0,215.0,215.0,400.0,1,WTK
2025-05-13,210.25,210.25,210.25,210.25,0.0,0,WTK
2025-05-14,215.0,215.0,210.0,211.75,300.0,0,WTK
2025-05-15,211.75,212.0,211.75,212.0,500.0,0,WTK
2025-05-16,212.0,215.0,200.0,201.0,12900.0,0,WTK
2025-05-19,201.0,215.0,201.0,215.0,400.0,0,WTK
2025-05-20,215.0,215.0,215.0,215.0,100.0,0,WTK
2025-05-21,215.0,215.0,205.0,208.0,4500.0,0,WTK
2025-05-22,208.0,208.0,200.0,200.25,5400.0,0,WTK
2025-05-23,200.25,209.0,196.0,200.25,800.0,0,WTK
2025-05-26,200.25,208.0,196.0,200.75,1100.0,0,WTK
2025-05-27,200.75,205.0,198.0,201.0,1500.0,0,WTK
2025-05-28,201.0,205.5,201.0,205.25,200.0,0,WTK
2025-05-29,205.25,205.25,205.0,205.0,900.0,0,WTK
2025-05-30,205.0,208.0,200.0,200.5,3500.0,0,WTK
2025-06-02,205.0,208.0,200.0,200.5,3500.0,1,WTK
2025-06-02,200.5,200.5,200.5,200.5,0.0,0,WTK
2025-06-03,200.5,205.5,205.5,205.5,3300.0,1,WTK
2025-06-03,200.5,200.5,200.5,200.5,0.0,0,WTK
2025-06-04,205.5,205.5,205.0,205.5,2500.0,1,WTK
2025-06-04,200.5,200.5,200.5,200.5,0.0,0,WTK
2025-06-05,200.5,200.5,200.5,200.5,0.0,0,WTK
2025-06-05,205.5,205.5,205.0,205.5,2200.0,1,WTK
2025-06-06,200.5,200.5,200.5,200.5,0.0,0,WTK
2025-06-06,205.5,205.5,205.0,205.5,2200.0,1,WTK
2025-06-09,205.5,205.5,205.0,205.0,10600.0,0,WTK
2025-06-10,205.0,205.0,205.0,205.0,1900.0,0,WTK
2025-06-11,205.0,206.0,205.0,205.75,300.0,0,WTK
2025-06-12,205.75,210.0,205.0,207.0,1200.0,0,WTK
2025-06-13,207.0,210.0,206.0,207.25,300.0,0,WTK
2025-06-16,207.25,208.0,207.0,208.0,7000.0,0,WTK
2025-06-17,208.0,209.0,205.0,205.75,3600.0,0,WTK
2025-06-18,205.75,205.75,205.75,205.75,100.0,0,WTK
2025-06-19,205.75,209.0,205.75,207.5,300.0,0,WTK
2025-06-20,207.5,209.0,206.0,208.25,400.0,0,WTK
2025-06-23,208.25,208.25,207.5,207.75,600.0,0,WTK
2025-06-24,207.75,208.0,205.75,206.5,700.0,0,WTK
2025-06-25,206.5,206.5,205.0,205.5,1800.0,0,WTK
2025-06-26,205.5,220.0,205.5,206.25,5000.0,0,WTK
2025-06-27,206.25,206.25,200.0,200.0,26200.0,0,WTK
2025-06-30,200.0,220.0,200.0,212.0,16000.0,0,WTK
2025-07-01,212.0,220.0,210.0,212.25,7600.0,0,WTK
2025-07-02,212.25,220.0,212.25,219.0,6400.0,0,WTK
2025-07-03,219.0,233.0,219.0,227.0,4500.0,0,WTK
2025-07-04,227.0,235.0,227.0,230.0,10300.0,0,WTK
2025-07-07,230.0,240.0,220.0,234.25,1400.0,0,WTK
2025-07-08,234.25,240.0,225.0,232.0,5500.0,0,WTK
2025-07-09,232.0,232.0,230.0,230.0,5400.0,0,WTK
2025-07-10,230.0,240.0,230.0,230.75,5900.0,0,WTK
2025-07-11,230.75,240.0,230.75,239.75,4100.0,0,WTK
2025-07-14,239.75,240.0,239.75,240.0,1300.0,0,WTK
2025-07-15,240.0,241.0,240.0,240.25,1000.0,0,WTK
2025-07-16,240.25,241.0,240.0,240.5,1700.0,0,WTK
2025-07-17,240.5,241.0,237.0,239.25,2400.0,0,WTK
2025-07-18,239.25,239.25,230.25,235.25,6200.0,0,WTK
2025-07-21,235.25,241.0,235.25,239.75,41500.0,0,WTK
2025-07-22,239.75,240.0,239.0,239.75,5500.0,0,WTK
2025-07-23,239.75,240.0,238.0,239.25,15100.0,0,WTK
2025-07-24,239.25,245.0,239.25,241.5,9200.0,0,WTK
2025-07-25,241.5,250.0,241.5,245.25,42100.0,0,WTK
2025-07-28,245.25,250.0,245.0,245.5,51400.0,0,WTK
2025-07-29,245.5,250.0,245.0,245.25,40000.0,0,WTK
2025-07-30,245.25,248.0,244.5,245.0,11600.0,0,WTK
2025-07-31,245.0,250.0,241.0,245.5,7800.0,0,WTK
2025-08-01,245.5,245.5,201.0,224.5,12500.0,0,WTK
2025-08-04,224.5,240.0,210.0,225.25,2900.0,0,WTK
2025-08-05,225.25,239.0,225.25,237.75,1100.0,0,WTK
2025-08-06,237.75,240.0,232.0,238.0,1900.0,0,WTK
2025-08-07,238.0,240.0,235.0,235.0,5100.0,0,WTK
2025-08-08,235.0,245.0,235.0,244.75,647.0,0,WTK
2025-08-11,244.75,246.0,234.0,235.75,5674.0,0,WTK
2025-08-12,235.75,248.0,235.0,239.25,2725.0,0,WTK
2025-08-13,239.25,243.0,239.25,241.75,6534.0,0,WTK
2025-08-14,241.75,243.0,233.0,241.25,3116.0,0,WTK
2025-08-15,241.25,243.0,241.0,242.25,481.0,0,WTK
2025-08-18,242.25,250.0,240.0,241.5,3971.0,0,WTK
2025-08-19,241.5,243.0,230.0,240.75,2949.0,0,WTK
2025-08-20,240.75,243.0,240.0,240.25,4618.0,0,WTK
2025-08-21,240.25,250.0,240.25,243.25,1414.0,0,WTK
2025-08-22,243.25,250.0,239.0,240.0,3600.0,0,WTK
2025-08-25,240.0,245.0,239.0,240.25,2994.0,0,WTK
2025-08-26,240.25,253.0,240.0,242.5,4330.0,0,WTK
2025-08-27,242.5,252.0,242.5,250.0,12970.0,0,WTK
2025-08-28,250.0,252.0,244.0,245.0,5247.0,0,WTK
2025-08-29,245.0,255.0,245.0,250.5,5629.0,0,WTK
2025-09-01,250.5,255.0,240.0,245.25,1195.0,0,WTK
2025-09-02,245.25,245.25,245.0,245.0,52.0,0,WTK
2025-09-03,245.0,255.0,235.0,241.25,2393.0,0,WTK
2025-09-04,241.25,247.0,241.0,245.5,2465.0,0,WTK
2025-09-05,245.5,245.5,245.5,245.5,0.0,0,WTK
2025-09-05,245.5,246.0,245.0,245.0,1111.0,1,WTK
2025-09-08,245.0,246.0,245.0,245.0,2962.0,0,WTK
2025-09-09,245.0,245.0,245.0,245.0,0.0,0,WTK
2025-09-09,245.0,246.0,245.0,245.0,2352.0,1,WTK
2025-09-10,245.0,246.0,245.0,246.0,1784.0,0,WTK
2025-09-11,246.0,246.0,240.0,240.0,5175.0,0,WTK
2025-09-12,240.0,241.0,240.0,241.0,92.0,0,WTK
2025-09-15,241.0,245.0,240.0,241.75,503.0,0,WTK
2025-09-16,241.75,246.0,235.0,240.5,2761.0,0,WTK
2025-09-17,240.5,245.0,240.5,245.0,1218.0,0,WTK
2025-09-18,245.0,245.0,240.5,244.5,503.0,0,WTK
2025-09-19,244.5,244.5,240.5,241.0,487.0,0,WTK
2025-09-22,241.0,241.0,235.0,236.75,554.0,0,WTK
2025-09-23,236.75,240.0,234.0,238.25,334.0,0,WTK
2025-09-24,238.25,240.0,235.0,240.0,2076.0,0,WTK
2025-09-25,240.0,245.5,239.5,240.75,2063.0,0,WTK
2025-09-26,240.75,260.0,240.75,248.25,8057.0,0,WTK
2025-09-29,248.25,271.75,248.25,264.5,5922.0,0,WTK
2025-09-30,264.5,290.75,264.5,275.0,60269.0,0,WTK
2025-10-01,275.0,302.5,275.0,302.5,4361.0,0,WTK
2025-10-02,302.5,332.75,302.5,324.25,53036.0,0,WTK
2025-10-03,324.25,350.0,310.0,325.75,225386.0,0,WTK
2025-10-06,325.75,350.0,300.0,334.5,3582.0,0,WTK
2025-10-07,334.5,340.0,302.0,328.75,3108.0,0,WTK
2025-10-08,328.75,328.75,296.0,308.0,4744.0,0,WTK
2025-10-09,308.0,308.0,290.75,301.0,7653.0,0,WTK
2025-10-10,301.0,301.0,301.0,301.0,0.0,0,WTK
2025-10-10,308.0,308.0,290.75,301.0,7653.0,1,WTK
2025-10-13,301.0,305.0,290.75,302.0,6282.0,0,WTK
2025-10-14,302.0,302.0,225.0,238.0,689.0,0,WTK
2025-10-15,238.0,238.0,214.25,214.5,1334.0,0,WTK
2025-10-16,214.5,193.25,193.25,193.25,4074.0,1,WTK
2025-10-16,214.5,214.5,214.5,214.5,0.0,0,WTK
2025-10-17,214.5,214.5,214.5,214.5,0.0,0,WTK
2025-10-17,214.5,193.25,193.25,193.25,4074.0,1,WTK
2025-10-20,214.5,193.25,193.25,193.25,4074.0,1,WTK
2025-10-20,214.5,214.5,214.5,214.5,0.0,0,WTK
2025-10-21,193.25,198.0,174.0,191.25,18152.0,0,WTK
2025-10-22,191.25,200.0,191.25,196.75,1313.0,0,WTK
2025-10-23,196.75,197.0,190.0,192.75,3677.0,0,WTK
2025-10-24,192.75,196.0,190.0,192.25,2555.0,0,WTK
2025-10-27,192.25,193.75,190.0,192.0,2418.0,0,WTK
2025-10-28,192.0,193.5,190.0,192.0,4456.0,0,WTK
2025-10-29,192.0,193.5,192.0,193.0,3112.0,0,WTK
2025-10-30,193.0,193.5,186.0,192.5,3493.0,0,WTK
2025-10-31,192.5,192.5,192.5,192.5,0.0,0,WTK
2025-10-31,192.5,211.75,193.0,195.0,10085.0,1,WTK
2025-11-03,192.5,192.5,192.5,192.5,0.0,0,WTK
2025-11-03,192.5,211.75,193.0,195.0,10085.0,1,WTK
2025-11-04,192.5,192.5,192.5,192.5,0.0,0,WTK
2025-11-04,192.5,211.75,193.0,195.0,10085.0,1,WTK
2025-11-05,192.5,211.75,193.0,195.0,10085.0,1,WTK
2025-11-05,192.5,192.5,192.5,192.5,0.0,0,WTK
2025-11-06,192.5,192.5,192.5,192.5,0.0,0,WTK
2025-11-06,192.5,211.75,193.0,195.0,10085.0,1,WTK
2025-11-07,192.5,192.5,192.5,192.5,0.0,0,WTK
2025-11-07,192.5,211.75,193.0,195.0,10085.0,1,WTK
2025-11-10,192.5,192.5,192.5,192.5,0.0,0,WTK
2025-11-10,192.5,211.75,193.0,195.0,10085.0,1,WTK
2025-11-11,192.5,192.5,192.5,192.5,0.0,0,WTK
2025-11-11,192.5,211.75,193.0,195.0,10085.0,1,WTK
2025-11-12,192.5,211.75,193.0,195.0,10085.0,1,WTK
2025-11-12,192.5,192.5,192.5,192.5,0.0,0,WTK
2025-11-13,192.5,192.5,192.5,192.5,0.0,0,WTK
2025-11-13,192.5,211.75,193.0,195.0,10085.0,1,WTK
2025-11-14,192.5,211.75,193.0,195.0,10085.0,1,WTK
2025-11-14,192.5,192.5,192.5,192.5,0.0,0,WTK
2025-11-17,192.5,211.75,193.0,195.0,10085.0,1,WTK
2025-11-17,192.5,192.5,192.5,192.5,0.0,0,WTK
2025-11-18,192.5,211.75,193.0,195.0,10085.0,1,WTK
2025-11-18,192.5,192.5,192.5,192.5,0.0,0,WTK
2025-11-19,192.5,211.75,193.0,195.0,10085.0,1,WTK
2025-11-19,192.5,192.5,192.5,192.5,0.0,0,WTK
2025-11-20,192.5,192.5,192.5,192.5,0.0,0,WTK
2025-11-20,192.5,211.75,193.0,195.0,10085.0,1,WTK
2025-11-21,192.5,211.75,193.0,195.0,10085.0,1,WTK
2025-11-21,192.5,192.5,192.5,192.5,0.0,0,WTK
2025-11-24,192.5,192.5,192.5,192.5,0.0,0,WTK
2025-11-24,192.5,211.75,193.0,195.0,10085.0,1,WTK
2025-11-25,192.5,211.75,193.0,195.0,10085.0,1,WTK
2025-11-25,192.5,192.5,192.5,192.5,0.0,0,WTK
2025-11-26,192.5,192.5,192.5,192.5,0.0,0,WTK
2025-11-26,192.5,211.75,193.0,195.0,10085.0,1,WTK
2025-11-27,192.5,192.5,192.5,192.5,0.0,0,WTK
2025-11-27,192.5,211.75,193.0,195.0,10085.0,1,WTK
2025-11-28,192.5,192.5,192.5,192.5,0.0,0,WTK
2025-11-28,192.5,211.75,193.0,195.0,10085.0,1,WTK
2025-12-01,192.5,211.75,193.0,195.0,10085.0,1,WTK
2025-12-01,192.5,192.5,192.5,192.5,0.0,0,WTK
2025-12-02,192.5,192.5,192.5,192.5,0.0,0,WTK
2025-12-02,192.5,211.75,193.0,195.0,10085.0,1,WTK
2025-12-03,192.5,211.75,193.0,195.0,10085.0,1,WTK
2025-12-03,192.5,192.5,192.5,192.5,0.0,0,WTK
2025-12-04,192.5,211.75,193.0,195.0,10085.0,1,WTK
2025-12-04,192.5,192.5,192.5,192.5,0.0,0,WTK
2025-12-05,192.5,211.75,193.0,195.0,10085.0,1,WTK
2025-12-05,192.5,192.5,192.5,192.5,0.0,0,WTK
2025-12-08,192.5,211.75,193.0,195.0,10085.0,1,WTK
2025-12-08,192.5,192.5,192.5,192.5,0.0,0,WTK
2025-12-09,192.5,211.75,193.0,195.0,10085.0,1,WTK
2025-12-09,192.5,192.5,192.5,192.5,0.0,0,WTK
2025-12-10,192.5,192.5,192.5,192.5,0.0,0,WTK
2025-12-10,192.5,211.75,193.0,195.0,10085.0,1,WTK
2025-12-11,192.5,211.75,193.0,195.0,10085.0,1,WTK
2025-12-11,192.5,192.5,192.5,192.5,0.0,0,WTK
2025-12-12,192.5,192.5,192.5,192.5,0.0,0,WTK
2025-12-12,192.5,211.75,193.0,195.0,10085.0,1,WTK
2025-12-15,192.5,211.75,193.0,195.0,10085.0,1,WTK
2025-12-15,192.5,192.5,192.5,192.5,0.0,0,WTK
2025-12-16,192.5,192.5,192.5,192.5,0.0,0,WTK
2025-12-16,192.5,211.75,193.0,195.0,10085.0,1,WTK
2025-12-17,192.5,211.75,193.0,195.0,10085.0,1,WTK
2025-12-17,192.5,192.5,192.5,192.5,0.0,0,WTK
2025-12-18,192.5,192.5,192.5,192.5,0.0,0,WTK
2025-12-18,192.5,211.75,193.0,195.0,10085.0,1,WTK
2025-12-19,192.5,211.75,193.0,195.0,10085.0,1,WTK
2025-12-19,192.5,192.5,192.5,192.5,0.0,0,WTK
2025-12-22,192.5,211.75,193.0,195.0,10085.0,1,WTK
2025-12-22,192.5,192.5,192.5,192.5,0.0,0,WTK
2025-12-23,192.5,192.5,192.5,192.5,0.0,0,WTK
2025-12-23,192.5,211.75,193.0,195.0,10085.0,1,WTK
2025-12-24,192.5,192.5,192.5,192.5,0.0,0,WTK
2025-12-24,192.5,211.75,193.0,195.0,10085.0,1,WTK
2025-12-25,192.5,192.5,192.5,192.5,0.0,0,WTK
2025-12-25,192.5,211.75,193.0,195.0,10085.0,1,WTK
2025-12-26,192.5,192.5,192.5,192.5,0.0,0,WTK
2025-12-26,192.5,211.75,193.0,195.0,10085.0,1,WTK
2025-12-29,192.5,211.75,193.0,195.0,10085.0,1,WTK
2025-12-29,192.5,192.5,192.5,192.5,0.0,0,WTK
2025-12-30,192.5,192.5,192.5,192.5,0.0,0,WTK
2025-12-30,192.5,211.75,193.0,195.0,10085.0,1,WTK
2025-12-31,192.5,192.5,192.5,192.5,0.0,0,WTK
2025-12-31,192.5,211.75,193.0,195.0,10085.0,1,WTK
2026-01-01,192.5,211.75,193.0,195.0,10085.0,1,WTK
2026-01-01,192.5,192.5,192.5,192.5,0.0,1,WTK
2026-01-02,150.0,155.0,149.0,150.0,10085.0,0,WTK
2026-01-05,149.5,155.0,149.0,149.5,10085.0,0,WTK
2026-01-06,149.0,149.5,148.5,149.0,10085.0,0,WTK
2026-01-07,149.0,149.5,148.75,149.0,28809.0,0,WTK
2026-01-08,149.25,150.0,149.0,149.25,28809.0,0,WTK
2026-01-09,149.5,150.0,149.0,149.5,28809.0,0,WTK
2026-01-12,151.0,155.0,149.0,151.0,28809.0,0,WTK
2026-01-13,159.0,159.0,149.0,149.25,17090.0,0,WTK
2026-01-14,149.25,149.5,145.0,148.75,8496.0,0,WTK
2026-01-15,148.75,149.5,148.5,149.25,17095.0,1,WTK
2026-01-15,148.75,148.75,148.75,148.75,0.0,0,WTK
2026-01-16,149.25,149.25,148.75,149.25,4917.0,0,WTK
2026-01-19,149.25,149.25,149.25,149.25,0.0,0,WTK
2026-01-19,149.25,149.25,149.0,149.25,2762.0,1,WTK
2026-01-20,149.25,149.5,142.0,144.25,8719.0,0,WTK
2026-01-21,144.25,149.25,142.25,147.5,3748.0,0,WTK
2026-01-22,147.5,149.0,146.0,148.25,2267.0,0,WTK
2026-01-23,148.25,149.0,145.0,146.0,3496.0,0,WTK
2026-01-26,146.0,148.75,146.0,147.0,4633.0,0,WTK
2026-01-27,147.0,147.0,140.0,142.75,43729.0,0,WTK
2026-01-28,142.75,146.0,140.0,142.0,15696.0,0,WTK
2026-01-29,142.0,142.0,142.0,142.0,0.0,0,WTK
2026-01-29,142.75,146.0,140.0,142.0,15696.0,1,WTK
2026-01-30,142.0,145.0,140.0,142.5,15711.0,0,WTK
2026-02-02,150.0,150.0,141.0,142.25,4980.0,0,WTK
2026-02-03,144.25,144.25,142.5,144.25,13608.0,0,WTK
2026-02-04,141.75,144.25,141.0,141.75,10638.0,0,WTK
2026-02-05,141.0,144.25,140.0,141.0,10638.0,0,WTK
2026-02-06,142.75,150.0,141.5,142.75,34096.0,0,WTK
2026-02-09,140.75,145.0,139.5,140.75,34096.0,0,WTK
2026-02-10,137.75,134.25,133.25,133.75,34096.0,1,WTK
2026-02-10,140.75,140.75,140.75,140.75,0.0,0,WTK
2026-02-11,144.5,150.0,142.0,144.5,34096.0,0,WTK
2026-02-12,145.0,150.0,144.0,145.0,34096.0,0,WTK
2026-02-13,187.0,187.0,144.0,145.0,20757.0,0,WTK
2026-02-16,145.0,145.0,143.5,144.75,49360.0,0,WTK
2026-02-17,145.0,145.0,143.5,144.75,49360.0,1,WTK
2026-02-17,144.75,144.75,144.75,144.75,0.0,0,WTK
2026-02-18,144.75,145.0,142.0,144.0,30089.0,0,WTK
2026-02-19,144.0,145.0,142.0,143.75,18637.0,0,WTK
2026-02-20,143.75,150.0,143.0,144.5,21850.0,0,WTK
2026-02-23,144.5,145.0,142.0,143.5,18514.0,0,WTK
2026-02-24,143.5,143.5,143.5,143.5,0.0,0,WTK
2026-02-24,144.5,145.0,142.0,143.5,18514.0,1,WTK
2026-02-25,143.5,145.0,141.0,143.75,19567.0,0,WTK
2026-02-26,143.75,150.0,143.0,145.0,136091.0,0,WTK
2026-02-27,145.0,150.0,141.0,143.0,74064.0,0,WTK
2026-03-02,142.25,150.0,141.0,142.25,5834.0,0,WTK
2026-03-03,142.25,142.25,142.25,142.25,0.0,0,WTK
2026-03-03,144.25,145.0,140.0,141.0,16593.0,1,WTK
2026-03-04,142.25,142.25,142.25,142.25,0.0,0,WTK
2026-03-04,144.25,145.0,140.0,141.0,16593.0,1,WTK
2026-03-05,142.25,148.0,140.0,142.25,16593.0,0,WTK
2026-03-06,140.75,144.0,140.0,140.75,10087.0,0,WTK
2026-03-09,140.0,143.75,139.0,140.0,10087.0,0,WTK
2026-03-10,140.0,142.0,139.0,140.0,10087.0,0,WTK
2026-03-11,139.75,140.0,139.25,139.75,10087.0,0,WTK
2026-03-12,139.75,139.75,139.75,139.75,0.0,0,WTK
2026-03-12,141.0,134.0,133.0,133.25,10087.0,1,WTK
2026-03-13,156.25,156.25,139.75,141.0,23900.0,0,WTK
2026-03-16,141.0,144.0,140.0,140.25,10809.0,1,WTK
2026-03-16,141.0,141.0,141.0,141.0,0.0,0,WTK
2026-03-17,141.0,144.0,140.0,140.25,10809.0,1,WTK
2026-03-17,141.0,141.0,141.0,141.0,0.0,0,WTK
2026-03-18,141.0,141.0,141.0,141.0,0.0,0,WTK
2026-03-18,140.25,144.0,140.0,140.25,27916.0,1,WTK
2026-03-19,141.0,141.0,141.0,141.0,0.0,0,WTK
2026-03-19,140.25,144.0,140.0,140.25,27916.0,1,WTK
2026-03-20,140.25,144.0,140.0,140.25,27916.0,1,WTK
2026-03-20,141.0,141.0,141.0,141.0,0.0,0,WTK
2026-03-23,140.25,144.0,140.0,140.25,27916.0,1,WTK
2026-03-23,141.0,141.0,141.0,141.0,0.0,0,WTK
2026-03-24,140.25,143.5,139.75,140.0,36586.0,0,WTK
2026-03-25,140.0,140.5,138.5,139.5,29009.0,0,WTK
2026-03-26,139.5,139.75,136.0,138.0,3951.0,0,WTK
2026-03-27,138.0,138.0,138.0,138.0,0.0,0,WTK
2026-03-27,139.5,139.75,136.0,138.0,3951.0,1,WTK
2026-03-30,138.0,138.25,137.0,137.75,1169.0,0,WTK
2026-03-31,137.75,138.25,137.25,138.25,2549.0,0,WTK
2026-04-01,137.75,138.25,137.25,138.25,2549.0,1,WTK
2026-04-01,138.25,138.25,138.25,138.25,0.0,0,WTK
2026-04-02,137.75,138.0,137.5,137.75,14013.0,0,WTK
2026-04-03,138.25,144.25,141.0,141.75,14013.0,1,WTK
2026-04-03,137.75,137.75,137.75,137.75,0.0,1,WTK
2026-04-06,137.75,137.75,137.75,137.75,0.0,1,WTK
2026-04-06,138.25,144.25,141.0,141.75,14013.0,1,WTK
2026-04-07,138.5,139.5,137.75,138.5,14013.0,0,WTK
2026-04-08,138.25,150.0,137.75,138.25,14013.0,0,WTK
2026-04-09,138.5,140.0,138.0,138.5,14013.0,0,WTK
2026-04-10,138.5,140.0,137.75,138.5,14013.0,0,WTK
2026-04-13,130.5,139.0,130.5,138.25,4336.0,0,WTK
2026-04-14,138.25,138.25,137.0,137.0,6863.0,0,WTK
2026-04-15,137.0,138.0,137.0,137.25,9110.0,0,WTK
2026-04-16,137.25,137.75,136.5,136.75,1881.0,0,WTK
2026-04-17,136.75,137.5,130.0,135.25,29715.0,0,WTK
2026-04-20,135.25,140.0,130.0,136.75,5961.0,0,WTK
2026-04-21,136.75,139.0,136.75,137.25,17718.0,0,WTK
2026-04-22,137.25,138.5,137.0,137.75,5819.0,0,WTK
2026-04-23,137.75,138.0,137.0,137.25,8780.0,0,WTK
2026-04-24,137.25,137.75,137.0,137.0,4247.0,0,WTK
2026-04-27,137.0,138.0,135.5,136.5,17026.0,0,WTK
2026-04-28,136.5,137.0,131.0,134.75,9733.0,0,WTK
2026-04-29,134.75,137.0,134.75,135.5,12187.0,0,WTK
2026-04-30,135.5,138.0,130.0,131.0,40790.0,0,WTK
2026-05-01,131.0,155.0,131.0,149.5,6561.0,1,WTK
2026-05-04,130.5,144.0,129.75,130.5,6561.0,0,WTK
2026-05-05,142.25,142.25,130.0,130.25,19794.0,0,WTK
2026-05-06,130.5,131.25,130.0,130.5,15585.0,0,WTK
2026-05-07,131.0,138.0,129.75,131.0,15585.0,0,WTK
2026-05-08,130.5,138.0,130.0,130.5,15585.0,0,WTK
2026-05-11,132.5,137.0,130.25,132.5,15585.0,0,WTK
2026-05-12,134.0,137.75,133.0,134.0,15585.0,0,WTK
2026-05-13,132.25,137.0,132.0,133.25,10955.0,0,WTK
2026-05-14,133.25,135.0,133.25,135.0,2507.0,0,WTK
2026-05-15,135.0,136.0,132.0,133.25,6446.0,0,WTK
2026-05-18,133.25,137.75,130.0,131.25,21708.0,0,WTK
2026-05-19,131.25,137.75,131.25,137.25,3672.0,0,WTK
2026-05-20,134.25,137.0,134.0,134.25,27955.0,0,WTK
2026-05-21,134.25,136.75,134.0,134.25,12715.0,0,WTK
2026-05-22,134.25,135.0,130.0,132.25,14450.0,0,WTK
2026-05-25,132.25,138.75,130.0,134.75,2695.0,0,WTK
2026-05-26,134.75,136.0,130.0,132.5,25509.0,0,WTK
2026-05-27,132.5,132.5,132.5,132.5,0.0,0,WTK
2026-05-27,134.75,136.0,130.0,132.5,25509.0,1,WTK
2026-05-28,132.5,135.0,130.5,133.5,9613.0,0,WTK
2026-05-29,133.5,135.0,133.0,133.75,3388.0,0,WTK
2026-06-01,133.75,149.5,133.75,149.0,7036.0,1,WTK
2026-06-02,133.75,134.25,133.25,133.75,9211.0,0,WTK
2026-06-03,133.25,134.0,133.0,133.25,7971.0,0,WTK
2026-06-04,142.75,144.0,140.0,140.75,7971.0,1,WTK
2026-06-04,133.25,133.25,133.25,133.25,0.0,0,WTK
2026-06-05,132.25,134.0,130.0,132.25,4242.0,0,WTK
2026-06-08,131.5,133.75,130.0,131.5,4242.0,0,WTK
2026-06-09,133.5,134.0,133.0,133.5,4242.0,0,WTK
2026-06-10,132.0,134.0,130.0,132.0,4242.0,0,WTK
2026-06-11,133.5,134.0,132.75,133.5,4242.0,0,WTK
2026-06-12,133.0,134.0,132.0,133.0,4242.0,0,WTK
2026-06-15,156.75,156.75,132.0,133.5,8481.0,0,WTK
2026-06-16,133.5,133.5,131.0,132.75,8601.0,0,WTK
2026-06-17,132.75,133.5,129.0,131.0,25186.0,0,WTK
2026-06-18,131.0,133.0,129.0,130.75,6859.0,0,WTK
2026-06-19,130.75,133.0,129.5,130.0,22769.0,0,WTK
2026-06-22,130.0,133.0,130.0,130.75,15958.0,0,WTK
2026-06-23,130.75,132.5,129.0,130.5,13290.0,0,WTK
2026-06-24,130.5,132.75,130.5,132.25,16935.0,0,WTK
2026-06-25,132.25,132.75,131.0,132.75,16949.0,0,WTK
2026-06-26,132.75,170.9,132.75,150.25,36277.0,0,WTK
2026-06-29,150.25,160.0,150.25,158.75,63149.0,0,WTK
2026-06-30,158.75,165.0,158.0,160.25,9564.0,0,WTK
2026-07-01,159.0,160.0,158.0,159.0,6815.0,0,WTK
2026-07-02,187.0,187.0,155.0,187.0,6815.0,1,WTK
2026-07-03,156.25,168.0,154.0,156.25,6815.0,0,WTK
2026-07-06,156.75,157.0,156.0,156.75,6815.0,0,WTK
2026-07-07,156.75,156.75,156.75,156.75,0.0,0,WTK
2026-07-07,131.0,159.75,155.5,157.75,28237.0,1,WTK
2026-07-08,158.5,160.9,157.0,158.5,28237.0,0,WTK
2026-07-09,158.25,159.0,157.0,158.25,28237.0,0,WTK
2026-07-10,158.5,159.0,158.0,158.5,28237.0,0,WTK
2026-07-13,157.75,160.0,158.5,159.0,18069.0,1,WTK
2026-07-13,158.5,158.5,158.5,158.5,0.0,0,WTK
2026-07-14,158.5,158.5,158.5,158.5,0.0,0,WTK
2026-07-14,159.0,169.75,158.75,159.0,42252.0,1,WTK
2026-07-15,159.0,169.75,158.75,159.0,42252.0,1,WTK
2026-07-15,158.5,158.5,158.5,158.5,0.0,0,WTK
2026-07-16,158.5,158.5,158.5,158.5,0.0,0,WTK
2026-07-16,159.0,169.75,158.75,159.0,42252.0,1,WTK
2026-07-17,159.0,170.0,159.0,165.5,28424.0,0,WTK
2026-07-20,165.5,165.5,165.5,165.5,0.0,0,WTK
2026-07-21,173.0,174.75,170.25,173.0,21080.0,0,WTK
2026-07-22,173.75,175.0,172.0,173.75,15728.0,0,WTK
2026-07-23,173.0,175.0,169.75,173.0,97128.0,0,WTK
2026-07-24,173.0,173.0,173.0,173.0,0.0,0,WTK
2026-07-27,170.0,174.75,5.0,170.0,22721.0,0,WTK
2026-07-28,170.25,174.25,5.0,170.25,20289.0,0,WTK
2026-07-29,171.5,173.0,170.5,171.5,27132.0,0,WTK
2026-07-30,170.0,172.0,5.0,170.0,30315.0,0,WTK
2026-07-31,168.0,171.75,5.0,168.0,74876.0,0,WTK
2026-08-03,154.0,160.0,145.0,154.0,68564.0,0,WTK
2026-08-04,187.75,162.0,155.0,187.75,10828.0,0,WTK
2026-08-05,157.0,157.25,155.0,157.0,8081.0,0,WTK
2026-08-06,156.0,161.0,155.0,156.0,14338.0,0,WTK
2026-08-07,156.5,159.0,155.0,156.5,5829.0,0,WTK
2026-08-10,156.0,156.0,155.0,156.0,18969.0,0,WTK
2026-08-11,155.25,160.0,155.0,155.25,14675.0,0,WTK
2026-08-12,155.0,156.25,154.0,155.0,5424.0,0,WTK
2026-08-13,156.0,156.25,156.0,156.0,11075.0,0,WTK
2026-08-14,156.5,156.5,156.25,156.5,5130.0,0,WTK
2026-08-17,156.0,156.25,156.0,156.0,13910.0,0,WTK
2026-08-18,156.0,156.25,155.5,156.0,20330.0,0,WTK
2026-08-19,155.75,157.0,155.0,155.75,20191.0,0,WTK
2026-08-20,156.5,157.0,155.5,156.5,3743.0,0,WTK
2026-08-21,156.0,156.5,156.25,156.0,4323.0,0,WTK
2026-08-24,156.0,156.5,156.25,156.0,6764.0,0,WTK
2026-08-25,156.0,156.5,156.25,156.0,11407.0,0,WTK
2026-08-26,156.0,156.5,156.0,156.0,4.0,0,WTK
2026-08-27,156.0,156.25,156.0,156.0,4662.0,0,WTK
